OPTIMIZE MODE: 14 file(s) to process, one at a time
====================================================================================================

----------------------------------------------------------------------------------------------------
[1/14] NIFTY_2026-09-08_DASHBOARD.json
----------------------------------------------------------------------------------------------------
WARNING: NIFTY_2026-09-08_DASHBOARD.json -> 0 real candles inside market hours (09:15:00-15:30:00) at 12sec; every candle is zero-filled. Check the source file's timestamps.
WARNING: NIFTY_2026-09-08_DASHBOARD.json -> 0 real candles inside market hours (09:15:00-15:30:00) at 1min; every candle is zero-filled. Check the source file's timestamps.
WARNING: NIFTY_2026-09-08_DASHBOARD.json -> 0 real candles inside market hours (09:15:00-15:30:00) at 3min; every candle is zero-filled. Check the source file's timestamps.
Process started for the file : D:/Git/fresh_dashboard/app/data
Timeframes tested : ['12sec', '1min', '3min']
Entry candle rule : disabled — the trigger candle itself is the entry candle (entry at its close, SL at its low/high)
R:R multiples     : [2.0, 3.0, 4.0]
Total no of variation : 3 timeframes x 2 directions x 4 candles x 20 atr_multiplier x 2 bb_period x 2 bb_num_std x 3 R:R = 1920
Workers : 12 (of 14 CPU cores available)
Completed 1920 variations in 12.4s using 12 worker(s)
  Triggers: 0   Trades entered: 0   No Entry: 0

----------------------------------------------------------------------------------------------------
[2/14] NIFTY_2026-09-10_DASHBOARD.json
----------------------------------------------------------------------------------------------------
Process started for the file : D:/Git/fresh_dashboard/app/data
Timeframes tested : ['12sec', '1min', '3min']
Entry candle rule : disabled — the trigger candle itself is the entry candle (entry at its close, SL at its low/high)
R:R multiples     : [2.0, 3.0, 4.0]
Total no of variation : 3 timeframes x 2 directions x 4 candles x 20 atr_multiplier x 2 bb_period x 2 bb_num_std x 3 R:R = 1920
Workers : 12 (of 14 CPU cores available)
Completed 1920 variations in 12.5s using 12 worker(s)
  Triggers: 12   Trades entered: 12   No Entry: 0
  [12sec] LONG  1:2  trades=2  hit_rate=0.0%  total_pnl=-3.2 points
  [12sec] LONG  1:3  trades=2  hit_rate=0.0%  total_pnl=-3.2 points
  [12sec] LONG  1:4  trades=2  hit_rate=0.0%  total_pnl=-3.2 points
  [12sec] LONG  1:2  trades=1  hit_rate=0.0%  total_pnl=-1.45 points
  [12sec] LONG  1:3  trades=1  hit_rate=0.0%  total_pnl=-1.45 points
  [12sec] LONG  1:4  trades=1  hit_rate=0.0%  total_pnl=-1.45 points
  [12sec] LONG  1:2  trades=2  hit_rate=0.0%  total_pnl=-2.4 points
  [12sec] LONG  1:3  trades=2  hit_rate=0.0%  total_pnl=-2.4 points
  [12sec] LONG  1:4  trades=2  hit_rate=0.0%  total_pnl=-2.4 points
  [12sec] LONG  1:2  trades=1  hit_rate=0.0%  total_pnl=-1.45 points
  [12sec] LONG  1:3  trades=1  hit_rate=0.0%  total_pnl=-1.45 points
  [12sec] LONG  1:4  trades=1  hit_rate=0.0%  total_pnl=-1.45 points
  [12sec] LONG  1:2  trades=2  hit_rate=0.0%  total_pnl=-3.2 points
  [12sec] LONG  1:3  trades=2  hit_rate=0.0%  total_pnl=-3.2 points
  [12sec] LONG  1:4  trades=2  hit_rate=0.0%  total_pnl=-3.2 points
  [12sec] LONG  1:2  trades=1  hit_rate=0.0%  total_pnl=-1.45 points
  [12sec] LONG  1:3  trades=1  hit_rate=0.0%  total_pnl=-1.45 points
  [12sec] LONG  1:4  trades=1  hit_rate=0.0%  total_pnl=-1.45 points
  [12sec] LONG  1:2  trades=2  hit_rate=0.0%  total_pnl=-2.4 points
  [12sec] LONG  1:3  trades=2  hit_rate=0.0%  total_pnl=-2.4 points
  [12sec] LONG  1:4  trades=2  hit_rate=0.0%  total_pnl=-2.4 points
  [12sec] LONG  1:2  trades=1  hit_rate=0.0%  total_pnl=-1.45 points
  [12sec] LONG  1:3  trades=1  hit_rate=0.0%  total_pnl=-1.45 points
  [12sec] LONG  1:4  trades=1  hit_rate=0.0%  total_pnl=-1.45 points
  [12sec] LONG  1:2  trades=2  hit_rate=0.0%  total_pnl=-3.2 points
  [12sec] LONG  1:3  trades=2  hit_rate=0.0%  total_pnl=-3.2 points
  [12sec] LONG  1:4  trades=2  hit_rate=0.0%  total_pnl=-3.2 points
  [12sec] LONG  1:2  trades=1  hit_rate=0.0%  total_pnl=-1.45 points
  [12sec] LONG  1:3  trades=1  hit_rate=0.0%  total_pnl=-1.45 points
  [12sec] LONG  1:4  trades=1  hit_rate=0.0%  total_pnl=-1.45 points
  [12sec] LONG  1:2  trades=2  hit_rate=0.0%  total_pnl=-2.4 points
  [12sec] LONG  1:3  trades=2  hit_rate=0.0%  total_pnl=-2.4 points
  [12sec] LONG  1:4  trades=2  hit_rate=0.0%  total_pnl=-2.4 points
  [12sec] LONG  1:2  trades=1  hit_rate=0.0%  total_pnl=-1.45 points
  [12sec] LONG  1:3  trades=1  hit_rate=0.0%  total_pnl=-1.45 points
  [12sec] LONG  1:4  trades=1  hit_rate=0.0%  total_pnl=-1.45 points
  [12sec] LONG  1:2  trades=2  hit_rate=0.0%  total_pnl=-3.2 points
  [12sec] LONG  1:3  trades=2  hit_rate=0.0%  total_pnl=-3.2 points
  [12sec] LONG  1:4  trades=2  hit_rate=0.0%  total_pnl=-3.2 points
  [12sec] LONG  1:2  trades=1  hit_rate=0.0%  total_pnl=-1.45 points
  [12sec] LONG  1:3  trades=1  hit_rate=0.0%  total_pnl=-1.45 points
  [12sec] LONG  1:4  trades=1  hit_rate=0.0%  total_pnl=-1.45 points
  [12sec] LONG  1:2  trades=2  hit_rate=0.0%  total_pnl=-2.4 points
  [12sec] LONG  1:3  trades=2  hit_rate=0.0%  total_pnl=-2.4 points
  [12sec] LONG  1:4  trades=2  hit_rate=0.0%  total_pnl=-2.4 points
  [12sec] LONG  1:2  trades=1  hit_rate=0.0%  total_pnl=-1.45 points
  [12sec] LONG  1:3  trades=1  hit_rate=0.0%  total_pnl=-1.45 points
  [12sec] LONG  1:4  trades=1  hit_rate=0.0%  total_pnl=-1.45 points
  [12sec] LONG  1:2  trades=1  hit_rate=0.0%  total_pnl=-1.75 points
  [12sec] LONG  1:3  trades=1  hit_rate=0.0%  total_pnl=-1.75 points
  [12sec] LONG  1:4  trades=1  hit_rate=0.0%  total_pnl=-1.75 points
  [12sec] LONG  1:2  trades=1  hit_rate=0.0%  total_pnl=-0.95 points
  [12sec] LONG  1:3  trades=1  hit_rate=0.0%  total_pnl=-0.95 points
  [12sec] LONG  1:4  trades=1  hit_rate=0.0%  total_pnl=-0.95 points
  [12sec] LONG  1:2  trades=2  hit_rate=0.0%  total_pnl=-3.2 points
  [12sec] LONG  1:3  trades=2  hit_rate=0.0%  total_pnl=-3.2 points
  [12sec] LONG  1:4  trades=2  hit_rate=0.0%  total_pnl=-3.2 points
  [12sec] LONG  1:2  trades=1  hit_rate=0.0%  total_pnl=-1.45 points
  [12sec] LONG  1:3  trades=1  hit_rate=0.0%  total_pnl=-1.45 points
  [12sec] LONG  1:4  trades=1  hit_rate=0.0%  total_pnl=-1.45 points
  [12sec] LONG  1:2  trades=2  hit_rate=0.0%  total_pnl=-2.4 points
  [12sec] LONG  1:3  trades=2  hit_rate=0.0%  total_pnl=-2.4 points
  [12sec] LONG  1:4  trades=2  hit_rate=0.0%  total_pnl=-2.4 points
  [12sec] LONG  1:2  trades=1  hit_rate=0.0%  total_pnl=-1.45 points
  [12sec] LONG  1:3  trades=1  hit_rate=0.0%  total_pnl=-1.45 points
  [12sec] LONG  1:4  trades=1  hit_rate=0.0%  total_pnl=-1.45 points
  [12sec] LONG  1:2  trades=2  hit_rate=0.0%  total_pnl=-3.2 points
  [12sec] LONG  1:3  trades=2  hit_rate=0.0%  total_pnl=-3.2 points
  [12sec] LONG  1:4  trades=2  hit_rate=0.0%  total_pnl=-3.2 points
  [12sec] LONG  1:2  trades=1  hit_rate=0.0%  total_pnl=-1.45 points
  [12sec] LONG  1:3  trades=1  hit_rate=0.0%  total_pnl=-1.45 points
  [12sec] LONG  1:4  trades=1  hit_rate=0.0%  total_pnl=-1.45 points
  [12sec] LONG  1:2  trades=2  hit_rate=0.0%  total_pnl=-2.4 points
  [12sec] LONG  1:3  trades=2  hit_rate=0.0%  total_pnl=-2.4 points
  [12sec] LONG  1:4  trades=2  hit_rate=0.0%  total_pnl=-2.4 points
  [12sec] LONG  1:2  trades=1  hit_rate=0.0%  total_pnl=-1.45 points
  [12sec] LONG  1:3  trades=1  hit_rate=0.0%  total_pnl=-1.45 points
  [12sec] LONG  1:4  trades=1  hit_rate=0.0%  total_pnl=-1.45 points
  [12sec] LONG  1:2  trades=2  hit_rate=0.0%  total_pnl=-3.2 points
  [12sec] LONG  1:3  trades=2  hit_rate=0.0%  total_pnl=-3.2 points
  [12sec] LONG  1:4  trades=2  hit_rate=0.0%  total_pnl=-3.2 points
  [12sec] LONG  1:2  trades=1  hit_rate=0.0%  total_pnl=-1.45 points
  [12sec] LONG  1:3  trades=1  hit_rate=0.0%  total_pnl=-1.45 points
  [12sec] LONG  1:4  trades=1  hit_rate=0.0%  total_pnl=-1.45 points
  [12sec] LONG  1:2  trades=2  hit_rate=0.0%  total_pnl=-2.4 points
  [12sec] LONG  1:3  trades=2  hit_rate=0.0%  total_pnl=-2.4 points
  [12sec] LONG  1:4  trades=2  hit_rate=0.0%  total_pnl=-2.4 points
  [12sec] LONG  1:2  trades=1  hit_rate=0.0%  total_pnl=-1.45 points
  [12sec] LONG  1:3  trades=1  hit_rate=0.0%  total_pnl=-1.45 points
  [12sec] LONG  1:4  trades=1  hit_rate=0.0%  total_pnl=-1.45 points
  [12sec] LONG  1:2  trades=2  hit_rate=0.0%  total_pnl=-3.2 points
  [12sec] LONG  1:3  trades=2  hit_rate=0.0%  total_pnl=-3.2 points
  [12sec] LONG  1:4  trades=2  hit_rate=0.0%  total_pnl=-3.2 points
  [12sec] LONG  1:2  trades=1  hit_rate=0.0%  total_pnl=-1.45 points
  [12sec] LONG  1:3  trades=1  hit_rate=0.0%  total_pnl=-1.45 points
  [12sec] LONG  1:4  trades=1  hit_rate=0.0%  total_pnl=-1.45 points
  [12sec] LONG  1:2  trades=2  hit_rate=0.0%  total_pnl=-2.4 points
  [12sec] LONG  1:3  trades=2  hit_rate=0.0%  total_pnl=-2.4 points
  [12sec] LONG  1:4  trades=2  hit_rate=0.0%  total_pnl=-2.4 points
  [12sec] LONG  1:2  trades=1  hit_rate=0.0%  total_pnl=-1.45 points
  [12sec] LONG  1:3  trades=1  hit_rate=0.0%  total_pnl=-1.45 points
  [12sec] LONG  1:4  trades=1  hit_rate=0.0%  total_pnl=-1.45 points
  [12sec] LONG  1:2  trades=2  hit_rate=0.0%  total_pnl=-3.2 points
  [12sec] LONG  1:3  trades=2  hit_rate=0.0%  total_pnl=-3.2 points
  [12sec] LONG  1:4  trades=2  hit_rate=0.0%  total_pnl=-3.2 points
  [12sec] LONG  1:2  trades=1  hit_rate=0.0%  total_pnl=-1.45 points
  [12sec] LONG  1:3  trades=1  hit_rate=0.0%  total_pnl=-1.45 points
  [12sec] LONG  1:4  trades=1  hit_rate=0.0%  total_pnl=-1.45 points
  [12sec] LONG  1:2  trades=2  hit_rate=0.0%  total_pnl=-2.4 points
  [12sec] LONG  1:3  trades=2  hit_rate=0.0%  total_pnl=-2.4 points
  [12sec] LONG  1:4  trades=2  hit_rate=0.0%  total_pnl=-2.4 points
  [12sec] LONG  1:2  trades=1  hit_rate=0.0%  total_pnl=-1.45 points
  [12sec] LONG  1:3  trades=1  hit_rate=0.0%  total_pnl=-1.45 points
  [12sec] LONG  1:4  trades=1  hit_rate=0.0%  total_pnl=-1.45 points
  [12sec] LONG  1:2  trades=2  hit_rate=0.0%  total_pnl=-3.2 points
  [12sec] LONG  1:3  trades=2  hit_rate=0.0%  total_pnl=-3.2 points
  [12sec] LONG  1:4  trades=2  hit_rate=0.0%  total_pnl=-3.2 points
  [12sec] LONG  1:2  trades=1  hit_rate=0.0%  total_pnl=-1.45 points
  [12sec] LONG  1:3  trades=1  hit_rate=0.0%  total_pnl=-1.45 points
  [12sec] LONG  1:4  trades=1  hit_rate=0.0%  total_pnl=-1.45 points
  [12sec] LONG  1:2  trades=2  hit_rate=0.0%  total_pnl=-2.4 points
  [12sec] LONG  1:3  trades=2  hit_rate=0.0%  total_pnl=-2.4 points
  [12sec] LONG  1:4  trades=2  hit_rate=0.0%  total_pnl=-2.4 points
  [12sec] LONG  1:2  trades=1  hit_rate=0.0%  total_pnl=-1.45 points
  [12sec] LONG  1:3  trades=1  hit_rate=0.0%  total_pnl=-1.45 points
  [12sec] LONG  1:4  trades=1  hit_rate=0.0%  total_pnl=-1.45 points
  [12sec] LONG  1:2  trades=2  hit_rate=0.0%  total_pnl=-3.2 points
  [12sec] LONG  1:3  trades=2  hit_rate=0.0%  total_pnl=-3.2 points
  [12sec] LONG  1:4  trades=2  hit_rate=0.0%  total_pnl=-3.2 points
  [12sec] LONG  1:2  trades=1  hit_rate=0.0%  total_pnl=-1.45 points
  [12sec] LONG  1:3  trades=1  hit_rate=0.0%  total_pnl=-1.45 points
  [12sec] LONG  1:4  trades=1  hit_rate=0.0%  total_pnl=-1.45 points
  [12sec] LONG  1:2  trades=2  hit_rate=0.0%  total_pnl=-2.4 points
  [12sec] LONG  1:3  trades=2  hit_rate=0.0%  total_pnl=-2.4 points
  [12sec] LONG  1:4  trades=2  hit_rate=0.0%  total_pnl=-2.4 points
  [12sec] LONG  1:2  trades=1  hit_rate=0.0%  total_pnl=-1.45 points
  [12sec] LONG  1:3  trades=1  hit_rate=0.0%  total_pnl=-1.45 points
  [12sec] LONG  1:4  trades=1  hit_rate=0.0%  total_pnl=-1.45 points
  [12sec] LONG  1:2  trades=2  hit_rate=0.0%  total_pnl=-3.2 points
  [12sec] LONG  1:3  trades=2  hit_rate=0.0%  total_pnl=-3.2 points
  [12sec] LONG  1:4  trades=2  hit_rate=0.0%  total_pnl=-3.2 points
  [12sec] LONG  1:2  trades=1  hit_rate=0.0%  total_pnl=-1.45 points
  [12sec] LONG  1:3  trades=1  hit_rate=0.0%  total_pnl=-1.45 points
  [12sec] LONG  1:4  trades=1  hit_rate=0.0%  total_pnl=-1.45 points
  [12sec] LONG  1:2  trades=2  hit_rate=0.0%  total_pnl=-2.4 points
  [12sec] LONG  1:3  trades=2  hit_rate=0.0%  total_pnl=-2.4 points
  [12sec] LONG  1:4  trades=2  hit_rate=0.0%  total_pnl=-2.4 points
  [12sec] LONG  1:2  trades=1  hit_rate=0.0%  total_pnl=-1.45 points
  [12sec] LONG  1:3  trades=1  hit_rate=0.0%  total_pnl=-1.45 points
  [12sec] LONG  1:4  trades=1  hit_rate=0.0%  total_pnl=-1.45 points
  [12sec] LONG  1:2  trades=1  hit_rate=0.0%  total_pnl=-1.75 points
  [12sec] LONG  1:3  trades=1  hit_rate=0.0%  total_pnl=-1.75 points
  [12sec] LONG  1:4  trades=1  hit_rate=0.0%  total_pnl=-1.75 points
  [12sec] LONG  1:2  trades=1  hit_rate=0.0%  total_pnl=-1.75 points
  [12sec] LONG  1:3  trades=1  hit_rate=0.0%  total_pnl=-1.75 points
  [12sec] LONG  1:4  trades=1  hit_rate=0.0%  total_pnl=-1.75 points
  [12sec] LONG  1:2  trades=1  hit_rate=0.0%  total_pnl=-1.75 points
  [12sec] LONG  1:3  trades=1  hit_rate=0.0%  total_pnl=-1.75 points
  [12sec] LONG  1:4  trades=1  hit_rate=0.0%  total_pnl=-1.75 points
  [12sec] LONG  1:2  trades=1  hit_rate=0.0%  total_pnl=-1.75 points
  [12sec] LONG  1:3  trades=1  hit_rate=0.0%  total_pnl=-1.75 points
  [12sec] LONG  1:4  trades=1  hit_rate=0.0%  total_pnl=-1.75 points
  [12sec] LONG  1:2  trades=3  hit_rate=0.0%  total_pnl=-3.5 points
  [12sec] LONG  1:3  trades=3  hit_rate=0.0%  total_pnl=-3.5 points
  [12sec] LONG  1:4  trades=3  hit_rate=0.0%  total_pnl=-3.5 points
  [12sec] LONG  1:2  trades=2  hit_rate=0.0%  total_pnl=-1.75 points
  [12sec] LONG  1:3  trades=2  hit_rate=0.0%  total_pnl=-1.75 points
  [12sec] LONG  1:4  trades=2  hit_rate=0.0%  total_pnl=-1.75 points
  [12sec] LONG  1:2  trades=2  hit_rate=0.0%  total_pnl=-2.4 points
  [12sec] LONG  1:3  trades=2  hit_rate=0.0%  total_pnl=-2.4 points
  [12sec] LONG  1:4  trades=2  hit_rate=0.0%  total_pnl=-2.4 points
  [12sec] LONG  1:2  trades=1  hit_rate=0.0%  total_pnl=-1.45 points
  [12sec] LONG  1:3  trades=1  hit_rate=0.0%  total_pnl=-1.45 points
  [12sec] LONG  1:4  trades=1  hit_rate=0.0%  total_pnl=-1.45 points
  [12sec] LONG  1:2  trades=2  hit_rate=0.0%  total_pnl=-3.2 points
  [12sec] LONG  1:3  trades=2  hit_rate=0.0%  total_pnl=-3.2 points
  [12sec] LONG  1:4  trades=2  hit_rate=0.0%  total_pnl=-3.2 points
  [12sec] LONG  1:2  trades=1  hit_rate=0.0%  total_pnl=-1.45 points
  [12sec] LONG  1:3  trades=1  hit_rate=0.0%  total_pnl=-1.45 points
  [12sec] LONG  1:4  trades=1  hit_rate=0.0%  total_pnl=-1.45 points
  [12sec] LONG  1:2  trades=2  hit_rate=0.0%  total_pnl=-2.4 points
  [12sec] LONG  1:3  trades=2  hit_rate=0.0%  total_pnl=-2.4 points
  [12sec] LONG  1:4  trades=2  hit_rate=0.0%  total_pnl=-2.4 points
  [12sec] LONG  1:2  trades=1  hit_rate=0.0%  total_pnl=-1.45 points
  [12sec] LONG  1:3  trades=1  hit_rate=0.0%  total_pnl=-1.45 points
  [12sec] LONG  1:4  trades=1  hit_rate=0.0%  total_pnl=-1.45 points
  [12sec] LONG  1:2  trades=2  hit_rate=0.0%  total_pnl=-3.2 points
  [12sec] LONG  1:3  trades=2  hit_rate=0.0%  total_pnl=-3.2 points
  [12sec] LONG  1:4  trades=2  hit_rate=0.0%  total_pnl=-3.2 points
  [12sec] LONG  1:2  trades=1  hit_rate=0.0%  total_pnl=-1.45 points
  [12sec] LONG  1:3  trades=1  hit_rate=0.0%  total_pnl=-1.45 points
  [12sec] LONG  1:4  trades=1  hit_rate=0.0%  total_pnl=-1.45 points
  [12sec] LONG  1:2  trades=2  hit_rate=0.0%  total_pnl=-2.4 points
  [12sec] LONG  1:3  trades=2  hit_rate=0.0%  total_pnl=-2.4 points
  [12sec] LONG  1:4  trades=2  hit_rate=0.0%  total_pnl=-2.4 points
  [12sec] LONG  1:2  trades=1  hit_rate=0.0%  total_pnl=-1.45 points
  [12sec] LONG  1:3  trades=1  hit_rate=0.0%  total_pnl=-1.45 points
  [12sec] LONG  1:4  trades=1  hit_rate=0.0%  total_pnl=-1.45 points
  [12sec] LONG  1:2  trades=2  hit_rate=0.0%  total_pnl=-3.2 points
  [12sec] LONG  1:3  trades=2  hit_rate=0.0%  total_pnl=-3.2 points
  [12sec] LONG  1:4  trades=2  hit_rate=0.0%  total_pnl=-3.2 points
  [12sec] LONG  1:2  trades=1  hit_rate=0.0%  total_pnl=-1.45 points
  [12sec] LONG  1:3  trades=1  hit_rate=0.0%  total_pnl=-1.45 points
  [12sec] LONG  1:4  trades=1  hit_rate=0.0%  total_pnl=-1.45 points
  [12sec] LONG  1:2  trades=2  hit_rate=0.0%  total_pnl=-2.4 points
  [12sec] LONG  1:3  trades=2  hit_rate=0.0%  total_pnl=-2.4 points
  [12sec] LONG  1:4  trades=2  hit_rate=0.0%  total_pnl=-2.4 points
  [12sec] LONG  1:2  trades=1  hit_rate=0.0%  total_pnl=-1.45 points
  [12sec] LONG  1:3  trades=1  hit_rate=0.0%  total_pnl=-1.45 points
  [12sec] LONG  1:4  trades=1  hit_rate=0.0%  total_pnl=-1.45 points
  [12sec] LONG  1:2  trades=2  hit_rate=0.0%  total_pnl=-3.2 points
  [12sec] LONG  1:3  trades=2  hit_rate=0.0%  total_pnl=-3.2 points
  [12sec] LONG  1:4  trades=2  hit_rate=0.0%  total_pnl=-3.2 points
  [12sec] LONG  1:2  trades=1  hit_rate=0.0%  total_pnl=-1.45 points
  [12sec] LONG  1:3  trades=1  hit_rate=0.0%  total_pnl=-1.45 points
  [12sec] LONG  1:4  trades=1  hit_rate=0.0%  total_pnl=-1.45 points
  [12sec] LONG  1:2  trades=2  hit_rate=0.0%  total_pnl=-2.4 points
  [12sec] LONG  1:3  trades=2  hit_rate=0.0%  total_pnl=-2.4 points
  [12sec] LONG  1:4  trades=2  hit_rate=0.0%  total_pnl=-2.4 points
  [12sec] LONG  1:2  trades=1  hit_rate=0.0%  total_pnl=-1.45 points
  [12sec] LONG  1:3  trades=1  hit_rate=0.0%  total_pnl=-1.45 points
  [12sec] LONG  1:4  trades=1  hit_rate=0.0%  total_pnl=-1.45 points
  [12sec] LONG  1:2  trades=2  hit_rate=0.0%  total_pnl=-3.2 points
  [12sec] LONG  1:3  trades=2  hit_rate=0.0%  total_pnl=-3.2 points
  [12sec] LONG  1:4  trades=2  hit_rate=0.0%  total_pnl=-3.2 points
  [12sec] LONG  1:2  trades=1  hit_rate=0.0%  total_pnl=-1.45 points
  [12sec] LONG  1:3  trades=1  hit_rate=0.0%  total_pnl=-1.45 points
  [12sec] LONG  1:4  trades=1  hit_rate=0.0%  total_pnl=-1.45 points
  [12sec] LONG  1:2  trades=2  hit_rate=0.0%  total_pnl=-2.4 points
  [12sec] LONG  1:3  trades=2  hit_rate=0.0%  total_pnl=-2.4 points
  [12sec] LONG  1:4  trades=2  hit_rate=0.0%  total_pnl=-2.4 points
  [12sec] LONG  1:2  trades=1  hit_rate=0.0%  total_pnl=-1.45 points
  [12sec] LONG  1:3  trades=1  hit_rate=0.0%  total_pnl=-1.45 points
  [12sec] LONG  1:4  trades=1  hit_rate=0.0%  total_pnl=-1.45 points
  [12sec] LONG  1:2  trades=2  hit_rate=0.0%  total_pnl=-3.2 points
  [12sec] LONG  1:3  trades=2  hit_rate=0.0%  total_pnl=-3.2 points
  [12sec] LONG  1:4  trades=2  hit_rate=0.0%  total_pnl=-3.2 points
  [12sec] LONG  1:2  trades=1  hit_rate=0.0%  total_pnl=-1.45 points
  [12sec] LONG  1:3  trades=1  hit_rate=0.0%  total_pnl=-1.45 points
  [12sec] LONG  1:4  trades=1  hit_rate=0.0%  total_pnl=-1.45 points
  [12sec] LONG  1:2  trades=2  hit_rate=0.0%  total_pnl=-2.4 points
  [12sec] LONG  1:3  trades=2  hit_rate=0.0%  total_pnl=-2.4 points
  [12sec] LONG  1:4  trades=2  hit_rate=0.0%  total_pnl=-2.4 points
  [12sec] LONG  1:2  trades=1  hit_rate=0.0%  total_pnl=-1.45 points
  [12sec] LONG  1:3  trades=1  hit_rate=0.0%  total_pnl=-1.45 points
  [12sec] LONG  1:4  trades=1  hit_rate=0.0%  total_pnl=-1.45 points
  [12sec] LONG  1:2  trades=2  hit_rate=0.0%  total_pnl=-3.2 points
  [12sec] LONG  1:3  trades=2  hit_rate=0.0%  total_pnl=-3.2 points
  [12sec] LONG  1:4  trades=2  hit_rate=0.0%  total_pnl=-3.2 points
  [12sec] LONG  1:2  trades=1  hit_rate=0.0%  total_pnl=-1.45 points
  [12sec] LONG  1:3  trades=1  hit_rate=0.0%  total_pnl=-1.45 points
  [12sec] LONG  1:4  trades=1  hit_rate=0.0%  total_pnl=-1.45 points
  [12sec] LONG  1:2  trades=2  hit_rate=0.0%  total_pnl=-2.4 points
  [12sec] LONG  1:3  trades=2  hit_rate=0.0%  total_pnl=-2.4 points
  [12sec] LONG  1:4  trades=2  hit_rate=0.0%  total_pnl=-2.4 points
  [12sec] LONG  1:2  trades=1  hit_rate=0.0%  total_pnl=-1.45 points
  [12sec] LONG  1:3  trades=1  hit_rate=0.0%  total_pnl=-1.45 points
  [12sec] LONG  1:4  trades=1  hit_rate=0.0%  total_pnl=-1.45 points
  [12sec] LONG  1:2  trades=2  hit_rate=0.0%  total_pnl=-3.2 points
  [12sec] LONG  1:3  trades=2  hit_rate=0.0%  total_pnl=-3.2 points
  [12sec] LONG  1:4  trades=2  hit_rate=0.0%  total_pnl=-3.2 points
  [12sec] LONG  1:2  trades=1  hit_rate=0.0%  total_pnl=-1.45 points
  [12sec] LONG  1:3  trades=1  hit_rate=0.0%  total_pnl=-1.45 points
  [12sec] LONG  1:4  trades=1  hit_rate=0.0%  total_pnl=-1.45 points
  [12sec] LONG  1:2  trades=2  hit_rate=0.0%  total_pnl=-2.4 points
  [12sec] LONG  1:3  trades=2  hit_rate=0.0%  total_pnl=-2.4 points
  [12sec] LONG  1:4  trades=2  hit_rate=0.0%  total_pnl=-2.4 points
  [12sec] LONG  1:2  trades=1  hit_rate=0.0%  total_pnl=-1.45 points
  [12sec] LONG  1:3  trades=1  hit_rate=0.0%  total_pnl=-1.45 points
  [12sec] LONG  1:4  trades=1  hit_rate=0.0%  total_pnl=-1.45 points
  [12sec] LONG  1:2  trades=2  hit_rate=0.0%  total_pnl=-3.2 points
  [12sec] LONG  1:3  trades=2  hit_rate=0.0%  total_pnl=-3.2 points
  [12sec] LONG  1:4  trades=2  hit_rate=0.0%  total_pnl=-3.2 points
  [12sec] LONG  1:2  trades=1  hit_rate=0.0%  total_pnl=-1.45 points
  [12sec] LONG  1:3  trades=1  hit_rate=0.0%  total_pnl=-1.45 points
  [12sec] LONG  1:4  trades=1  hit_rate=0.0%  total_pnl=-1.45 points
  [12sec] LONG  1:2  trades=2  hit_rate=0.0%  total_pnl=-2.4 points
  [12sec] LONG  1:3  trades=2  hit_rate=0.0%  total_pnl=-2.4 points
  [12sec] LONG  1:4  trades=2  hit_rate=0.0%  total_pnl=-2.4 points
  [12sec] LONG  1:2  trades=1  hit_rate=0.0%  total_pnl=-1.45 points
  [12sec] LONG  1:3  trades=1  hit_rate=0.0%  total_pnl=-1.45 points
  [12sec] LONG  1:4  trades=1  hit_rate=0.0%  total_pnl=-1.45 points
  [12sec] LONG  1:2  trades=2  hit_rate=0.0%  total_pnl=-3.2 points
  [12sec] LONG  1:3  trades=2  hit_rate=0.0%  total_pnl=-3.2 points
  [12sec] LONG  1:4  trades=2  hit_rate=0.0%  total_pnl=-3.2 points
  [12sec] LONG  1:2  trades=1  hit_rate=0.0%  total_pnl=-1.45 points
  [12sec] LONG  1:3  trades=1  hit_rate=0.0%  total_pnl=-1.45 points
  [12sec] LONG  1:4  trades=1  hit_rate=0.0%  total_pnl=-1.45 points
  [12sec] LONG  1:2  trades=2  hit_rate=0.0%  total_pnl=-2.4 points
  [12sec] LONG  1:3  trades=2  hit_rate=0.0%  total_pnl=-2.4 points
  [12sec] LONG  1:4  trades=2  hit_rate=0.0%  total_pnl=-2.4 points
  [12sec] LONG  1:2  trades=1  hit_rate=0.0%  total_pnl=-1.45 points
  [12sec] LONG  1:3  trades=1  hit_rate=0.0%  total_pnl=-1.45 points
  [12sec] LONG  1:4  trades=1  hit_rate=0.0%  total_pnl=-1.45 points
  [12sec] LONG  1:2  trades=2  hit_rate=0.0%  total_pnl=-3.2 points
  [12sec] LONG  1:3  trades=2  hit_rate=0.0%  total_pnl=-3.2 points
  [12sec] LONG  1:4  trades=2  hit_rate=0.0%  total_pnl=-3.2 points
  [12sec] LONG  1:2  trades=1  hit_rate=0.0%  total_pnl=-1.45 points
  [12sec] LONG  1:3  trades=1  hit_rate=0.0%  total_pnl=-1.45 points
  [12sec] LONG  1:4  trades=1  hit_rate=0.0%  total_pnl=-1.45 points
  [12sec] LONG  1:2  trades=2  hit_rate=0.0%  total_pnl=-2.4 points
  [12sec] LONG  1:3  trades=2  hit_rate=0.0%  total_pnl=-2.4 points
  [12sec] LONG  1:4  trades=2  hit_rate=0.0%  total_pnl=-2.4 points
  [12sec] LONG  1:2  trades=1  hit_rate=0.0%  total_pnl=-1.45 points
  [12sec] LONG  1:3  trades=1  hit_rate=0.0%  total_pnl=-1.45 points
  [12sec] LONG  1:4  trades=1  hit_rate=0.0%  total_pnl=-1.45 points
  [12sec] LONG  1:2  trades=1  hit_rate=0.0%  total_pnl=-1.75 points
  [12sec] LONG  1:3  trades=1  hit_rate=0.0%  total_pnl=-1.75 points
  [12sec] LONG  1:4  trades=1  hit_rate=0.0%  total_pnl=-1.75 points
  [12sec] LONG  1:2  trades=1  hit_rate=0.0%  total_pnl=-1.75 points
  [12sec] LONG  1:3  trades=1  hit_rate=0.0%  total_pnl=-1.75 points
  [12sec] LONG  1:4  trades=1  hit_rate=0.0%  total_pnl=-1.75 points
  [12sec] LONG  1:2  trades=1  hit_rate=0.0%  total_pnl=-1.75 points
  [12sec] LONG  1:3  trades=1  hit_rate=0.0%  total_pnl=-1.75 points
  [12sec] LONG  1:4  trades=1  hit_rate=0.0%  total_pnl=-1.75 points
  [12sec] LONG  1:2  trades=1  hit_rate=0.0%  total_pnl=-1.75 points
  [12sec] LONG  1:3  trades=1  hit_rate=0.0%  total_pnl=-1.75 points
  [12sec] LONG  1:4  trades=1  hit_rate=0.0%  total_pnl=-1.75 points
  [12sec] LONG  1:2  trades=1  hit_rate=0.0%  total_pnl=-1.75 points
  [12sec] LONG  1:3  trades=1  hit_rate=0.0%  total_pnl=-1.75 points
  [12sec] LONG  1:4  trades=1  hit_rate=0.0%  total_pnl=-1.75 points
  [12sec] LONG  1:2  trades=1  hit_rate=0.0%  total_pnl=-1.75 points
  [12sec] LONG  1:3  trades=1  hit_rate=0.0%  total_pnl=-1.75 points
  [12sec] LONG  1:4  trades=1  hit_rate=0.0%  total_pnl=-1.75 points
  [12sec] LONG  1:2  trades=4  hit_rate=0.0%  total_pnl=-4.75 points
  [12sec] LONG  1:3  trades=4  hit_rate=0.0%  total_pnl=-4.75 points
  [12sec] LONG  1:4  trades=4  hit_rate=0.0%  total_pnl=-4.75 points
  [12sec] LONG  1:2  trades=3  hit_rate=0.0%  total_pnl=-3.0 points
  [12sec] LONG  1:3  trades=3  hit_rate=0.0%  total_pnl=-3.0 points
  [12sec] LONG  1:4  trades=3  hit_rate=0.0%  total_pnl=-3.0 points
  [12sec] LONG  1:2  trades=3  hit_rate=0.0%  total_pnl=-3.65 points
  [12sec] LONG  1:3  trades=3  hit_rate=0.0%  total_pnl=-3.65 points
  [12sec] LONG  1:4  trades=3  hit_rate=0.0%  total_pnl=-3.65 points
  [12sec] LONG  1:2  trades=1  hit_rate=0.0%  total_pnl=-1.45 points
  [12sec] LONG  1:3  trades=1  hit_rate=0.0%  total_pnl=-1.45 points
  [12sec] LONG  1:4  trades=1  hit_rate=0.0%  total_pnl=-1.45 points
  [12sec] LONG  1:2  trades=4  hit_rate=0.0%  total_pnl=-4.75 points
  [12sec] LONG  1:3  trades=4  hit_rate=0.0%  total_pnl=-4.75 points
  [12sec] LONG  1:4  trades=4  hit_rate=0.0%  total_pnl=-4.75 points
  [12sec] LONG  1:2  trades=3  hit_rate=0.0%  total_pnl=-3.0 points
  [12sec] LONG  1:3  trades=3  hit_rate=0.0%  total_pnl=-3.0 points
  [12sec] LONG  1:4  trades=3  hit_rate=0.0%  total_pnl=-3.0 points
  [12sec] LONG  1:2  trades=3  hit_rate=0.0%  total_pnl=-3.65 points
  [12sec] LONG  1:3  trades=3  hit_rate=0.0%  total_pnl=-3.65 points
  [12sec] LONG  1:4  trades=3  hit_rate=0.0%  total_pnl=-3.65 points
  [12sec] LONG  1:2  trades=1  hit_rate=0.0%  total_pnl=-1.45 points
  [12sec] LONG  1:3  trades=1  hit_rate=0.0%  total_pnl=-1.45 points
  [12sec] LONG  1:4  trades=1  hit_rate=0.0%  total_pnl=-1.45 points
  [12sec] LONG  1:2  trades=3  hit_rate=0.0%  total_pnl=-3.5 points
  [12sec] LONG  1:3  trades=3  hit_rate=0.0%  total_pnl=-3.5 points
  [12sec] LONG  1:4  trades=3  hit_rate=0.0%  total_pnl=-3.5 points
  [12sec] LONG  1:2  trades=2  hit_rate=0.0%  total_pnl=-1.75 points
  [12sec] LONG  1:3  trades=2  hit_rate=0.0%  total_pnl=-1.75 points
  [12sec] LONG  1:4  trades=2  hit_rate=0.0%  total_pnl=-1.75 points
  [12sec] LONG  1:2  trades=2  hit_rate=0.0%  total_pnl=-2.4 points
  [12sec] LONG  1:3  trades=2  hit_rate=0.0%  total_pnl=-2.4 points
  [12sec] LONG  1:4  trades=2  hit_rate=0.0%  total_pnl=-2.4 points
  [12sec] LONG  1:2  trades=1  hit_rate=0.0%  total_pnl=-1.45 points
  [12sec] LONG  1:3  trades=1  hit_rate=0.0%  total_pnl=-1.45 points
  [12sec] LONG  1:4  trades=1  hit_rate=0.0%  total_pnl=-1.45 points
  [12sec] LONG  1:2  trades=2  hit_rate=0.0%  total_pnl=-3.2 points
  [12sec] LONG  1:3  trades=2  hit_rate=0.0%  total_pnl=-3.2 points
  [12sec] LONG  1:4  trades=2  hit_rate=0.0%  total_pnl=-3.2 points
  [12sec] LONG  1:2  trades=1  hit_rate=0.0%  total_pnl=-1.45 points
  [12sec] LONG  1:3  trades=1  hit_rate=0.0%  total_pnl=-1.45 points
  [12sec] LONG  1:4  trades=1  hit_rate=0.0%  total_pnl=-1.45 points
  [12sec] LONG  1:2  trades=2  hit_rate=0.0%  total_pnl=-2.4 points
  [12sec] LONG  1:3  trades=2  hit_rate=0.0%  total_pnl=-2.4 points
  [12sec] LONG  1:4  trades=2  hit_rate=0.0%  total_pnl=-2.4 points
  [12sec] LONG  1:2  trades=1  hit_rate=0.0%  total_pnl=-1.45 points
  [12sec] LONG  1:3  trades=1  hit_rate=0.0%  total_pnl=-1.45 points
  [12sec] LONG  1:4  trades=1  hit_rate=0.0%  total_pnl=-1.45 points
  [12sec] LONG  1:2  trades=2  hit_rate=0.0%  total_pnl=-3.2 points
  [12sec] LONG  1:3  trades=2  hit_rate=0.0%  total_pnl=-3.2 points
  [12sec] LONG  1:4  trades=2  hit_rate=0.0%  total_pnl=-3.2 points
  [12sec] LONG  1:2  trades=1  hit_rate=0.0%  total_pnl=-1.45 points
  [12sec] LONG  1:3  trades=1  hit_rate=0.0%  total_pnl=-1.45 points
  [12sec] LONG  1:4  trades=1  hit_rate=0.0%  total_pnl=-1.45 points
  [12sec] LONG  1:2  trades=2  hit_rate=0.0%  total_pnl=-2.4 points
  [12sec] LONG  1:3  trades=2  hit_rate=0.0%  total_pnl=-2.4 points
  [12sec] LONG  1:4  trades=2  hit_rate=0.0%  total_pnl=-2.4 points
  [12sec] LONG  1:2  trades=1  hit_rate=0.0%  total_pnl=-1.45 points
  [12sec] LONG  1:3  trades=1  hit_rate=0.0%  total_pnl=-1.45 points
  [12sec] LONG  1:4  trades=1  hit_rate=0.0%  total_pnl=-1.45 points
  [12sec] LONG  1:2  trades=2  hit_rate=0.0%  total_pnl=-3.2 points
  [12sec] LONG  1:3  trades=2  hit_rate=0.0%  total_pnl=-3.2 points
  [12sec] LONG  1:4  trades=2  hit_rate=0.0%  total_pnl=-3.2 points
  [12sec] LONG  1:2  trades=1  hit_rate=0.0%  total_pnl=-1.45 points
  [12sec] LONG  1:3  trades=1  hit_rate=0.0%  total_pnl=-1.45 points
  [12sec] LONG  1:4  trades=1  hit_rate=0.0%  total_pnl=-1.45 points
  [12sec] LONG  1:2  trades=2  hit_rate=0.0%  total_pnl=-2.4 points
  [12sec] LONG  1:3  trades=2  hit_rate=0.0%  total_pnl=-2.4 points
  [12sec] LONG  1:4  trades=2  hit_rate=0.0%  total_pnl=-2.4 points
  [12sec] LONG  1:2  trades=1  hit_rate=0.0%  total_pnl=-1.45 points
  [12sec] LONG  1:3  trades=1  hit_rate=0.0%  total_pnl=-1.45 points
  [12sec] LONG  1:4  trades=1  hit_rate=0.0%  total_pnl=-1.45 points
  [12sec] LONG  1:2  trades=2  hit_rate=0.0%  total_pnl=-3.2 points
  [12sec] LONG  1:3  trades=2  hit_rate=0.0%  total_pnl=-3.2 points
  [12sec] LONG  1:4  trades=2  hit_rate=0.0%  total_pnl=-3.2 points
  [12sec] LONG  1:2  trades=1  hit_rate=0.0%  total_pnl=-1.45 points
  [12sec] LONG  1:3  trades=1  hit_rate=0.0%  total_pnl=-1.45 points
  [12sec] LONG  1:4  trades=1  hit_rate=0.0%  total_pnl=-1.45 points
  [12sec] LONG  1:2  trades=2  hit_rate=0.0%  total_pnl=-2.4 points
  [12sec] LONG  1:3  trades=2  hit_rate=0.0%  total_pnl=-2.4 points
  [12sec] LONG  1:4  trades=2  hit_rate=0.0%  total_pnl=-2.4 points
  [12sec] LONG  1:2  trades=1  hit_rate=0.0%  total_pnl=-1.45 points
  [12sec] LONG  1:3  trades=1  hit_rate=0.0%  total_pnl=-1.45 points
  [12sec] LONG  1:4  trades=1  hit_rate=0.0%  total_pnl=-1.45 points
  [12sec] LONG  1:2  trades=2  hit_rate=0.0%  total_pnl=-3.2 points
  [12sec] LONG  1:3  trades=2  hit_rate=0.0%  total_pnl=-3.2 points
  [12sec] LONG  1:4  trades=2  hit_rate=0.0%  total_pnl=-3.2 points
  [12sec] LONG  1:2  trades=1  hit_rate=0.0%  total_pnl=-1.45 points
  [12sec] LONG  1:3  trades=1  hit_rate=0.0%  total_pnl=-1.45 points
  [12sec] LONG  1:4  trades=1  hit_rate=0.0%  total_pnl=-1.45 points
  [12sec] LONG  1:2  trades=2  hit_rate=0.0%  total_pnl=-2.4 points
  [12sec] LONG  1:3  trades=2  hit_rate=0.0%  total_pnl=-2.4 points
  [12sec] LONG  1:4  trades=2  hit_rate=0.0%  total_pnl=-2.4 points
  [12sec] LONG  1:2  trades=1  hit_rate=0.0%  total_pnl=-1.45 points
  [12sec] LONG  1:3  trades=1  hit_rate=0.0%  total_pnl=-1.45 points
  [12sec] LONG  1:4  trades=1  hit_rate=0.0%  total_pnl=-1.45 points
  [12sec] LONG  1:2  trades=2  hit_rate=0.0%  total_pnl=-3.2 points
  [12sec] LONG  1:3  trades=2  hit_rate=0.0%  total_pnl=-3.2 points
  [12sec] LONG  1:4  trades=2  hit_rate=0.0%  total_pnl=-3.2 points
  [12sec] LONG  1:2  trades=1  hit_rate=0.0%  total_pnl=-1.45 points
  [12sec] LONG  1:3  trades=1  hit_rate=0.0%  total_pnl=-1.45 points
  [12sec] LONG  1:4  trades=1  hit_rate=0.0%  total_pnl=-1.45 points
  [12sec] LONG  1:2  trades=2  hit_rate=0.0%  total_pnl=-2.4 points
  [12sec] LONG  1:3  trades=2  hit_rate=0.0%  total_pnl=-2.4 points
  [12sec] LONG  1:4  trades=2  hit_rate=0.0%  total_pnl=-2.4 points
  [12sec] LONG  1:2  trades=1  hit_rate=0.0%  total_pnl=-1.45 points
  [12sec] LONG  1:3  trades=1  hit_rate=0.0%  total_pnl=-1.45 points
  [12sec] LONG  1:4  trades=1  hit_rate=0.0%  total_pnl=-1.45 points
  [12sec] LONG  1:2  trades=2  hit_rate=0.0%  total_pnl=-3.2 points
  [12sec] LONG  1:3  trades=2  hit_rate=0.0%  total_pnl=-3.2 points
  [12sec] LONG  1:4  trades=2  hit_rate=0.0%  total_pnl=-3.2 points
  [12sec] LONG  1:2  trades=1  hit_rate=0.0%  total_pnl=-1.45 points
  [12sec] LONG  1:3  trades=1  hit_rate=0.0%  total_pnl=-1.45 points
  [12sec] LONG  1:4  trades=1  hit_rate=0.0%  total_pnl=-1.45 points
  [12sec] LONG  1:2  trades=2  hit_rate=0.0%  total_pnl=-2.4 points
  [12sec] LONG  1:3  trades=2  hit_rate=0.0%  total_pnl=-2.4 points
  [12sec] LONG  1:4  trades=2  hit_rate=0.0%  total_pnl=-2.4 points
  [12sec] LONG  1:2  trades=1  hit_rate=0.0%  total_pnl=-1.45 points
  [12sec] LONG  1:3  trades=1  hit_rate=0.0%  total_pnl=-1.45 points
  [12sec] LONG  1:4  trades=1  hit_rate=0.0%  total_pnl=-1.45 points
  [12sec] LONG  1:2  trades=2  hit_rate=0.0%  total_pnl=-3.2 points
  [12sec] LONG  1:3  trades=2  hit_rate=0.0%  total_pnl=-3.2 points
  [12sec] LONG  1:4  trades=2  hit_rate=0.0%  total_pnl=-3.2 points
  [12sec] LONG  1:2  trades=1  hit_rate=0.0%  total_pnl=-1.45 points
  [12sec] LONG  1:3  trades=1  hit_rate=0.0%  total_pnl=-1.45 points
  [12sec] LONG  1:4  trades=1  hit_rate=0.0%  total_pnl=-1.45 points
  [12sec] LONG  1:2  trades=2  hit_rate=0.0%  total_pnl=-2.4 points
  [12sec] LONG  1:3  trades=2  hit_rate=0.0%  total_pnl=-2.4 points
  [12sec] LONG  1:4  trades=2  hit_rate=0.0%  total_pnl=-2.4 points
  [12sec] LONG  1:2  trades=1  hit_rate=0.0%  total_pnl=-1.45 points
  [12sec] LONG  1:3  trades=1  hit_rate=0.0%  total_pnl=-1.45 points
  [12sec] LONG  1:4  trades=1  hit_rate=0.0%  total_pnl=-1.45 points
  [12sec] LONG  1:2  trades=2  hit_rate=0.0%  total_pnl=-3.2 points
  [12sec] LONG  1:3  trades=2  hit_rate=0.0%  total_pnl=-3.2 points
  [12sec] LONG  1:4  trades=2  hit_rate=0.0%  total_pnl=-3.2 points
  [12sec] LONG  1:2  trades=1  hit_rate=0.0%  total_pnl=-1.45 points
  [12sec] LONG  1:3  trades=1  hit_rate=0.0%  total_pnl=-1.45 points
  [12sec] LONG  1:4  trades=1  hit_rate=0.0%  total_pnl=-1.45 points
  [12sec] LONG  1:2  trades=2  hit_rate=0.0%  total_pnl=-2.4 points
  [12sec] LONG  1:3  trades=2  hit_rate=0.0%  total_pnl=-2.4 points
  [12sec] LONG  1:4  trades=2  hit_rate=0.0%  total_pnl=-2.4 points
  [12sec] LONG  1:2  trades=1  hit_rate=0.0%  total_pnl=-1.45 points
  [12sec] LONG  1:3  trades=1  hit_rate=0.0%  total_pnl=-1.45 points
  [12sec] LONG  1:4  trades=1  hit_rate=0.0%  total_pnl=-1.45 points
  [12sec] LONG  1:2  trades=2  hit_rate=0.0%  total_pnl=-3.2 points
  [12sec] LONG  1:3  trades=2  hit_rate=0.0%  total_pnl=-3.2 points
  [12sec] LONG  1:4  trades=2  hit_rate=0.0%  total_pnl=-3.2 points
  [12sec] LONG  1:2  trades=1  hit_rate=0.0%  total_pnl=-1.45 points
  [12sec] LONG  1:3  trades=1  hit_rate=0.0%  total_pnl=-1.45 points
  [12sec] LONG  1:4  trades=1  hit_rate=0.0%  total_pnl=-1.45 points
  [12sec] LONG  1:2  trades=2  hit_rate=0.0%  total_pnl=-2.4 points
  [12sec] LONG  1:3  trades=2  hit_rate=0.0%  total_pnl=-2.4 points
  [12sec] LONG  1:4  trades=2  hit_rate=0.0%  total_pnl=-2.4 points
  [12sec] LONG  1:2  trades=1  hit_rate=0.0%  total_pnl=-1.45 points
  [12sec] LONG  1:3  trades=1  hit_rate=0.0%  total_pnl=-1.45 points
  [12sec] LONG  1:4  trades=1  hit_rate=0.0%  total_pnl=-1.45 points
  [12sec] LONG  1:2  trades=2  hit_rate=0.0%  total_pnl=-3.2 points
  [12sec] LONG  1:3  trades=2  hit_rate=0.0%  total_pnl=-3.2 points
  [12sec] LONG  1:4  trades=2  hit_rate=0.0%  total_pnl=-3.2 points
  [12sec] LONG  1:2  trades=1  hit_rate=0.0%  total_pnl=-1.45 points
  [12sec] LONG  1:3  trades=1  hit_rate=0.0%  total_pnl=-1.45 points
  [12sec] LONG  1:4  trades=1  hit_rate=0.0%  total_pnl=-1.45 points
  [12sec] LONG  1:2  trades=2  hit_rate=0.0%  total_pnl=-2.4 points
  [12sec] LONG  1:3  trades=2  hit_rate=0.0%  total_pnl=-2.4 points
  [12sec] LONG  1:4  trades=2  hit_rate=0.0%  total_pnl=-2.4 points
  [12sec] LONG  1:2  trades=1  hit_rate=0.0%  total_pnl=-1.45 points
  [12sec] LONG  1:3  trades=1  hit_rate=0.0%  total_pnl=-1.45 points
  [12sec] LONG  1:4  trades=1  hit_rate=0.0%  total_pnl=-1.45 points
  [12sec] LONG  1:2  trades=2  hit_rate=0.0%  total_pnl=-3.2 points
  [12sec] LONG  1:3  trades=2  hit_rate=0.0%  total_pnl=-3.2 points
  [12sec] LONG  1:4  trades=2  hit_rate=0.0%  total_pnl=-3.2 points
  [12sec] LONG  1:2  trades=1  hit_rate=0.0%  total_pnl=-1.45 points
  [12sec] LONG  1:3  trades=1  hit_rate=0.0%  total_pnl=-1.45 points
  [12sec] LONG  1:4  trades=1  hit_rate=0.0%  total_pnl=-1.45 points
  [12sec] LONG  1:2  trades=2  hit_rate=0.0%  total_pnl=-2.4 points
  [12sec] LONG  1:3  trades=2  hit_rate=0.0%  total_pnl=-2.4 points
  [12sec] LONG  1:4  trades=2  hit_rate=0.0%  total_pnl=-2.4 points
  [12sec] LONG  1:2  trades=1  hit_rate=0.0%  total_pnl=-1.45 points
  [12sec] LONG  1:3  trades=1  hit_rate=0.0%  total_pnl=-1.45 points
  [12sec] LONG  1:4  trades=1  hit_rate=0.0%  total_pnl=-1.45 points
  [12sec] LONG  1:2  trades=2  hit_rate=0.0%  total_pnl=-3.2 points
  [12sec] LONG  1:3  trades=2  hit_rate=0.0%  total_pnl=-3.2 points
  [12sec] LONG  1:4  trades=2  hit_rate=0.0%  total_pnl=-3.2 points
  [12sec] LONG  1:2  trades=1  hit_rate=0.0%  total_pnl=-1.45 points
  [12sec] LONG  1:3  trades=1  hit_rate=0.0%  total_pnl=-1.45 points
  [12sec] LONG  1:4  trades=1  hit_rate=0.0%  total_pnl=-1.45 points
  [12sec] LONG  1:2  trades=2  hit_rate=0.0%  total_pnl=-2.4 points
  [12sec] LONG  1:3  trades=2  hit_rate=0.0%  total_pnl=-2.4 points
  [12sec] LONG  1:4  trades=2  hit_rate=0.0%  total_pnl=-2.4 points
  [12sec] LONG  1:2  trades=1  hit_rate=0.0%  total_pnl=-1.45 points
  [12sec] LONG  1:3  trades=1  hit_rate=0.0%  total_pnl=-1.45 points
  [12sec] LONG  1:4  trades=1  hit_rate=0.0%  total_pnl=-1.45 points
  [12sec] LONG  1:2  trades=2  hit_rate=0.0%  total_pnl=-3.2 points
  [12sec] LONG  1:3  trades=2  hit_rate=0.0%  total_pnl=-3.2 points
  [12sec] LONG  1:4  trades=2  hit_rate=0.0%  total_pnl=-3.2 points
  [12sec] LONG  1:2  trades=1  hit_rate=0.0%  total_pnl=-1.45 points
  [12sec] LONG  1:3  trades=1  hit_rate=0.0%  total_pnl=-1.45 points
  [12sec] LONG  1:4  trades=1  hit_rate=0.0%  total_pnl=-1.45 points
  [12sec] LONG  1:2  trades=2  hit_rate=0.0%  total_pnl=-2.4 points
  [12sec] LONG  1:3  trades=2  hit_rate=0.0%  total_pnl=-2.4 points
  [12sec] LONG  1:4  trades=2  hit_rate=0.0%  total_pnl=-2.4 points
  [12sec] LONG  1:2  trades=1  hit_rate=0.0%  total_pnl=-1.45 points
  [12sec] LONG  1:3  trades=1  hit_rate=0.0%  total_pnl=-1.45 points
  [12sec] LONG  1:4  trades=1  hit_rate=0.0%  total_pnl=-1.45 points
  [12sec] LONG  1:2  trades=1  hit_rate=0.0%  total_pnl=-1.75 points
  [12sec] LONG  1:3  trades=1  hit_rate=0.0%  total_pnl=-1.75 points
  [12sec] LONG  1:4  trades=1  hit_rate=0.0%  total_pnl=-1.75 points
  [12sec] LONG  1:2  trades=1  hit_rate=0.0%  total_pnl=-1.75 points
  [12sec] LONG  1:3  trades=1  hit_rate=0.0%  total_pnl=-1.75 points
  [12sec] LONG  1:4  trades=1  hit_rate=0.0%  total_pnl=-1.75 points
  [12sec] LONG  1:2  trades=1  hit_rate=0.0%  total_pnl=-1.75 points
  [12sec] LONG  1:3  trades=1  hit_rate=0.0%  total_pnl=-1.75 points
  [12sec] LONG  1:4  trades=1  hit_rate=0.0%  total_pnl=-1.75 points
  [12sec] SHORT 1:2  trades=2  hit_rate=100.0%  total_pnl=7.4 points
  [12sec] SHORT 1:3  trades=2  hit_rate=100.0%  total_pnl=11.1 points
  [12sec] SHORT 1:4  trades=2  hit_rate=100.0%  total_pnl=14.8 points
  [12sec] SHORT 1:2  trades=2  hit_rate=100.0%  total_pnl=7.4 points
  [12sec] SHORT 1:3  trades=2  hit_rate=100.0%  total_pnl=11.1 points
  [12sec] SHORT 1:4  trades=2  hit_rate=100.0%  total_pnl=14.8 points
  [12sec] SHORT 1:2  trades=2  hit_rate=100.0%  total_pnl=7.4 points
  [12sec] SHORT 1:3  trades=2  hit_rate=100.0%  total_pnl=11.1 points
  [12sec] SHORT 1:4  trades=2  hit_rate=100.0%  total_pnl=14.8 points
  [12sec] SHORT 1:2  trades=2  hit_rate=100.0%  total_pnl=7.4 points
  [12sec] SHORT 1:3  trades=2  hit_rate=100.0%  total_pnl=11.1 points
  [12sec] SHORT 1:4  trades=2  hit_rate=100.0%  total_pnl=14.8 points
  [12sec] SHORT 1:2  trades=2  hit_rate=100.0%  total_pnl=7.4 points
  [12sec] SHORT 1:3  trades=2  hit_rate=100.0%  total_pnl=11.1 points
  [12sec] SHORT 1:4  trades=2  hit_rate=100.0%  total_pnl=14.8 points
  [12sec] SHORT 1:2  trades=2  hit_rate=100.0%  total_pnl=7.4 points
  [12sec] SHORT 1:3  trades=2  hit_rate=100.0%  total_pnl=11.1 points
  [12sec] SHORT 1:4  trades=2  hit_rate=100.0%  total_pnl=14.8 points
  [12sec] SHORT 1:2  trades=2  hit_rate=100.0%  total_pnl=7.4 points
  [12sec] SHORT 1:3  trades=2  hit_rate=100.0%  total_pnl=11.1 points
  [12sec] SHORT 1:4  trades=2  hit_rate=100.0%  total_pnl=14.8 points
  [12sec] SHORT 1:2  trades=2  hit_rate=100.0%  total_pnl=7.4 points
  [12sec] SHORT 1:3  trades=2  hit_rate=100.0%  total_pnl=11.1 points
  [12sec] SHORT 1:4  trades=2  hit_rate=100.0%  total_pnl=14.8 points
  [12sec] SHORT 1:2  trades=2  hit_rate=100.0%  total_pnl=7.4 points
  [12sec] SHORT 1:3  trades=2  hit_rate=100.0%  total_pnl=11.1 points
  [12sec] SHORT 1:4  trades=2  hit_rate=100.0%  total_pnl=14.8 points
  [12sec] SHORT 1:2  trades=2  hit_rate=100.0%  total_pnl=7.4 points
  [12sec] SHORT 1:3  trades=2  hit_rate=100.0%  total_pnl=11.1 points
  [12sec] SHORT 1:4  trades=2  hit_rate=100.0%  total_pnl=14.8 points
  [12sec] SHORT 1:2  trades=2  hit_rate=100.0%  total_pnl=7.4 points
  [12sec] SHORT 1:3  trades=2  hit_rate=100.0%  total_pnl=11.1 points
  [12sec] SHORT 1:4  trades=2  hit_rate=100.0%  total_pnl=14.8 points
  [12sec] SHORT 1:2  trades=2  hit_rate=100.0%  total_pnl=7.4 points
  [12sec] SHORT 1:3  trades=2  hit_rate=100.0%  total_pnl=11.1 points
  [12sec] SHORT 1:4  trades=2  hit_rate=100.0%  total_pnl=14.8 points
  [12sec] SHORT 1:2  trades=2  hit_rate=100.0%  total_pnl=7.4 points
  [12sec] SHORT 1:3  trades=2  hit_rate=100.0%  total_pnl=11.1 points
  [12sec] SHORT 1:4  trades=2  hit_rate=100.0%  total_pnl=14.8 points
  [12sec] SHORT 1:2  trades=2  hit_rate=100.0%  total_pnl=7.4 points
  [12sec] SHORT 1:3  trades=2  hit_rate=100.0%  total_pnl=11.1 points
  [12sec] SHORT 1:4  trades=2  hit_rate=100.0%  total_pnl=14.8 points
  [12sec] SHORT 1:2  trades=2  hit_rate=100.0%  total_pnl=7.4 points
  [12sec] SHORT 1:3  trades=2  hit_rate=100.0%  total_pnl=11.1 points
  [12sec] SHORT 1:4  trades=2  hit_rate=100.0%  total_pnl=14.8 points
  [12sec] SHORT 1:2  trades=2  hit_rate=100.0%  total_pnl=7.4 points
  [12sec] SHORT 1:3  trades=2  hit_rate=100.0%  total_pnl=11.1 points
  [12sec] SHORT 1:4  trades=2  hit_rate=100.0%  total_pnl=14.8 points
  [12sec] SHORT 1:2  trades=2  hit_rate=100.0%  total_pnl=7.4 points
  [12sec] SHORT 1:3  trades=2  hit_rate=100.0%  total_pnl=11.1 points
  [12sec] SHORT 1:4  trades=2  hit_rate=100.0%  total_pnl=14.8 points
  [12sec] SHORT 1:2  trades=2  hit_rate=100.0%  total_pnl=7.4 points
  [12sec] SHORT 1:3  trades=2  hit_rate=100.0%  total_pnl=11.1 points
  [12sec] SHORT 1:4  trades=2  hit_rate=100.0%  total_pnl=14.8 points
  [12sec] SHORT 1:2  trades=2  hit_rate=100.0%  total_pnl=7.4 points
  [12sec] SHORT 1:3  trades=2  hit_rate=100.0%  total_pnl=11.1 points
  [12sec] SHORT 1:4  trades=2  hit_rate=100.0%  total_pnl=14.8 points
  [12sec] SHORT 1:2  trades=2  hit_rate=100.0%  total_pnl=7.4 points
  [12sec] SHORT 1:3  trades=2  hit_rate=100.0%  total_pnl=11.1 points
  [12sec] SHORT 1:4  trades=2  hit_rate=100.0%  total_pnl=14.8 points
  [12sec] SHORT 1:2  trades=2  hit_rate=100.0%  total_pnl=7.4 points
  [12sec] SHORT 1:3  trades=2  hit_rate=100.0%  total_pnl=11.1 points
  [12sec] SHORT 1:4  trades=2  hit_rate=100.0%  total_pnl=14.8 points
  [12sec] SHORT 1:2  trades=2  hit_rate=100.0%  total_pnl=7.4 points
  [12sec] SHORT 1:3  trades=2  hit_rate=100.0%  total_pnl=11.1 points
  [12sec] SHORT 1:4  trades=2  hit_rate=100.0%  total_pnl=14.8 points
  [12sec] SHORT 1:2  trades=2  hit_rate=100.0%  total_pnl=7.4 points
  [12sec] SHORT 1:3  trades=2  hit_rate=100.0%  total_pnl=11.1 points
  [12sec] SHORT 1:4  trades=2  hit_rate=100.0%  total_pnl=14.8 points
  [12sec] SHORT 1:2  trades=2  hit_rate=100.0%  total_pnl=7.4 points
  [12sec] SHORT 1:3  trades=2  hit_rate=100.0%  total_pnl=11.1 points
  [12sec] SHORT 1:4  trades=2  hit_rate=100.0%  total_pnl=14.8 points
  [12sec] SHORT 1:2  trades=2  hit_rate=100.0%  total_pnl=7.4 points
  [12sec] SHORT 1:3  trades=2  hit_rate=100.0%  total_pnl=11.1 points
  [12sec] SHORT 1:4  trades=2  hit_rate=100.0%  total_pnl=14.8 points
  [12sec] SHORT 1:2  trades=2  hit_rate=100.0%  total_pnl=7.4 points
  [12sec] SHORT 1:3  trades=2  hit_rate=100.0%  total_pnl=11.1 points
  [12sec] SHORT 1:4  trades=2  hit_rate=100.0%  total_pnl=14.8 points
  [12sec] SHORT 1:2  trades=2  hit_rate=100.0%  total_pnl=7.4 points
  [12sec] SHORT 1:3  trades=2  hit_rate=100.0%  total_pnl=11.1 points
  [12sec] SHORT 1:4  trades=2  hit_rate=100.0%  total_pnl=14.8 points
  [12sec] SHORT 1:2  trades=2  hit_rate=100.0%  total_pnl=7.4 points
  [12sec] SHORT 1:3  trades=2  hit_rate=100.0%  total_pnl=11.1 points
  [12sec] SHORT 1:4  trades=2  hit_rate=100.0%  total_pnl=14.8 points
  [12sec] SHORT 1:2  trades=2  hit_rate=100.0%  total_pnl=7.4 points
  [12sec] SHORT 1:3  trades=2  hit_rate=100.0%  total_pnl=11.1 points
  [12sec] SHORT 1:4  trades=2  hit_rate=100.0%  total_pnl=14.8 points
  [12sec] SHORT 1:2  trades=2  hit_rate=100.0%  total_pnl=7.4 points
  [12sec] SHORT 1:3  trades=2  hit_rate=100.0%  total_pnl=11.1 points
  [12sec] SHORT 1:4  trades=2  hit_rate=100.0%  total_pnl=14.8 points
  [12sec] SHORT 1:2  trades=2  hit_rate=100.0%  total_pnl=7.4 points
  [12sec] SHORT 1:3  trades=2  hit_rate=100.0%  total_pnl=11.1 points
  [12sec] SHORT 1:4  trades=2  hit_rate=100.0%  total_pnl=14.8 points
  [12sec] SHORT 1:2  trades=2  hit_rate=100.0%  total_pnl=7.4 points
  [12sec] SHORT 1:3  trades=2  hit_rate=100.0%  total_pnl=11.1 points
  [12sec] SHORT 1:4  trades=2  hit_rate=100.0%  total_pnl=14.8 points
  [12sec] SHORT 1:2  trades=2  hit_rate=100.0%  total_pnl=7.4 points
  [12sec] SHORT 1:3  trades=2  hit_rate=100.0%  total_pnl=11.1 points
  [12sec] SHORT 1:4  trades=2  hit_rate=100.0%  total_pnl=14.8 points
  [12sec] SHORT 1:2  trades=2  hit_rate=100.0%  total_pnl=7.4 points
  [12sec] SHORT 1:3  trades=2  hit_rate=100.0%  total_pnl=11.1 points
  [12sec] SHORT 1:4  trades=2  hit_rate=100.0%  total_pnl=14.8 points
  [12sec] SHORT 1:2  trades=2  hit_rate=100.0%  total_pnl=7.4 points
  [12sec] SHORT 1:3  trades=2  hit_rate=100.0%  total_pnl=11.1 points
  [12sec] SHORT 1:4  trades=2  hit_rate=100.0%  total_pnl=14.8 points
  [12sec] SHORT 1:2  trades=2  hit_rate=100.0%  total_pnl=7.4 points
  [12sec] SHORT 1:3  trades=2  hit_rate=100.0%  total_pnl=11.1 points
  [12sec] SHORT 1:4  trades=2  hit_rate=100.0%  total_pnl=14.8 points
  [12sec] SHORT 1:2  trades=2  hit_rate=100.0%  total_pnl=7.4 points
  [12sec] SHORT 1:3  trades=2  hit_rate=100.0%  total_pnl=11.1 points
  [12sec] SHORT 1:4  trades=2  hit_rate=100.0%  total_pnl=14.8 points
  [12sec] SHORT 1:2  trades=2  hit_rate=100.0%  total_pnl=7.4 points
  [12sec] SHORT 1:3  trades=2  hit_rate=100.0%  total_pnl=11.1 points
  [12sec] SHORT 1:4  trades=2  hit_rate=100.0%  total_pnl=14.8 points
  [12sec] SHORT 1:2  trades=2  hit_rate=100.0%  total_pnl=7.4 points
  [12sec] SHORT 1:3  trades=2  hit_rate=100.0%  total_pnl=11.1 points
  [12sec] SHORT 1:4  trades=2  hit_rate=100.0%  total_pnl=14.8 points
  [12sec] SHORT 1:2  trades=2  hit_rate=100.0%  total_pnl=7.4 points
  [12sec] SHORT 1:3  trades=2  hit_rate=100.0%  total_pnl=11.1 points
  [12sec] SHORT 1:4  trades=2  hit_rate=100.0%  total_pnl=14.8 points
  [12sec] SHORT 1:2  trades=2  hit_rate=100.0%  total_pnl=7.4 points
  [12sec] SHORT 1:3  trades=2  hit_rate=100.0%  total_pnl=11.1 points
  [12sec] SHORT 1:4  trades=2  hit_rate=100.0%  total_pnl=14.8 points
  [12sec] SHORT 1:2  trades=2  hit_rate=100.0%  total_pnl=7.4 points
  [12sec] SHORT 1:3  trades=2  hit_rate=100.0%  total_pnl=11.1 points
  [12sec] SHORT 1:4  trades=2  hit_rate=100.0%  total_pnl=14.8 points
  [12sec] SHORT 1:2  trades=2  hit_rate=100.0%  total_pnl=7.4 points
  [12sec] SHORT 1:3  trades=2  hit_rate=100.0%  total_pnl=11.1 points
  [12sec] SHORT 1:4  trades=2  hit_rate=100.0%  total_pnl=14.8 points
  [12sec] SHORT 1:2  trades=2  hit_rate=100.0%  total_pnl=7.4 points
  [12sec] SHORT 1:3  trades=2  hit_rate=100.0%  total_pnl=11.1 points
  [12sec] SHORT 1:4  trades=2  hit_rate=100.0%  total_pnl=14.8 points
  [12sec] SHORT 1:2  trades=2  hit_rate=100.0%  total_pnl=7.4 points
  [12sec] SHORT 1:3  trades=2  hit_rate=100.0%  total_pnl=11.1 points
  [12sec] SHORT 1:4  trades=2  hit_rate=100.0%  total_pnl=14.8 points
  [12sec] SHORT 1:2  trades=2  hit_rate=100.0%  total_pnl=7.4 points
  [12sec] SHORT 1:3  trades=2  hit_rate=100.0%  total_pnl=11.1 points
  [12sec] SHORT 1:4  trades=2  hit_rate=100.0%  total_pnl=14.8 points
  [12sec] SHORT 1:2  trades=2  hit_rate=100.0%  total_pnl=7.4 points
  [12sec] SHORT 1:3  trades=2  hit_rate=100.0%  total_pnl=11.1 points
  [12sec] SHORT 1:4  trades=2  hit_rate=100.0%  total_pnl=14.8 points
  [12sec] SHORT 1:2  trades=2  hit_rate=100.0%  total_pnl=7.4 points
  [12sec] SHORT 1:3  trades=2  hit_rate=100.0%  total_pnl=11.1 points
  [12sec] SHORT 1:4  trades=2  hit_rate=100.0%  total_pnl=14.8 points
  [12sec] SHORT 1:2  trades=2  hit_rate=100.0%  total_pnl=7.4 points
  [12sec] SHORT 1:3  trades=2  hit_rate=100.0%  total_pnl=11.1 points
  [12sec] SHORT 1:4  trades=2  hit_rate=100.0%  total_pnl=14.8 points
  [12sec] SHORT 1:2  trades=2  hit_rate=100.0%  total_pnl=7.4 points
  [12sec] SHORT 1:3  trades=2  hit_rate=100.0%  total_pnl=11.1 points
  [12sec] SHORT 1:4  trades=2  hit_rate=100.0%  total_pnl=14.8 points
  [12sec] SHORT 1:2  trades=2  hit_rate=100.0%  total_pnl=7.4 points
  [12sec] SHORT 1:3  trades=2  hit_rate=100.0%  total_pnl=11.1 points
  [12sec] SHORT 1:4  trades=2  hit_rate=100.0%  total_pnl=14.8 points
  [12sec] SHORT 1:2  trades=2  hit_rate=100.0%  total_pnl=7.4 points
  [12sec] SHORT 1:3  trades=2  hit_rate=100.0%  total_pnl=11.1 points
  [12sec] SHORT 1:4  trades=2  hit_rate=100.0%  total_pnl=14.8 points
  [12sec] SHORT 1:2  trades=2  hit_rate=100.0%  total_pnl=7.4 points
  [12sec] SHORT 1:3  trades=2  hit_rate=100.0%  total_pnl=11.1 points
  [12sec] SHORT 1:4  trades=2  hit_rate=100.0%  total_pnl=14.8 points
  [12sec] SHORT 1:2  trades=2  hit_rate=100.0%  total_pnl=7.4 points
  [12sec] SHORT 1:3  trades=2  hit_rate=100.0%  total_pnl=11.1 points
  [12sec] SHORT 1:4  trades=2  hit_rate=100.0%  total_pnl=14.8 points
  [12sec] SHORT 1:2  trades=2  hit_rate=100.0%  total_pnl=7.4 points
  [12sec] SHORT 1:3  trades=2  hit_rate=100.0%  total_pnl=11.1 points
  [12sec] SHORT 1:4  trades=2  hit_rate=100.0%  total_pnl=14.8 points
  [12sec] SHORT 1:2  trades=2  hit_rate=100.0%  total_pnl=7.4 points
  [12sec] SHORT 1:3  trades=2  hit_rate=100.0%  total_pnl=11.1 points
  [12sec] SHORT 1:4  trades=2  hit_rate=100.0%  total_pnl=14.8 points
  [12sec] SHORT 1:2  trades=2  hit_rate=100.0%  total_pnl=7.4 points
  [12sec] SHORT 1:3  trades=2  hit_rate=100.0%  total_pnl=11.1 points
  [12sec] SHORT 1:4  trades=2  hit_rate=100.0%  total_pnl=14.8 points
  [12sec] SHORT 1:2  trades=2  hit_rate=100.0%  total_pnl=7.4 points
  [12sec] SHORT 1:3  trades=2  hit_rate=100.0%  total_pnl=11.1 points
  [12sec] SHORT 1:4  trades=2  hit_rate=100.0%  total_pnl=14.8 points
  [12sec] SHORT 1:2  trades=2  hit_rate=100.0%  total_pnl=7.4 points
  [12sec] SHORT 1:3  trades=2  hit_rate=100.0%  total_pnl=11.1 points
  [12sec] SHORT 1:4  trades=2  hit_rate=100.0%  total_pnl=14.8 points
  [12sec] SHORT 1:2  trades=2  hit_rate=100.0%  total_pnl=7.4 points
  [12sec] SHORT 1:3  trades=2  hit_rate=100.0%  total_pnl=11.1 points
  [12sec] SHORT 1:4  trades=2  hit_rate=100.0%  total_pnl=14.8 points
  [12sec] SHORT 1:2  trades=2  hit_rate=100.0%  total_pnl=7.4 points
  [12sec] SHORT 1:3  trades=2  hit_rate=100.0%  total_pnl=11.1 points
  [12sec] SHORT 1:4  trades=2  hit_rate=100.0%  total_pnl=14.8 points
  [12sec] SHORT 1:2  trades=2  hit_rate=100.0%  total_pnl=7.4 points
  [12sec] SHORT 1:3  trades=2  hit_rate=100.0%  total_pnl=11.1 points
  [12sec] SHORT 1:4  trades=2  hit_rate=100.0%  total_pnl=14.8 points
  [12sec] SHORT 1:2  trades=2  hit_rate=100.0%  total_pnl=7.4 points
  [12sec] SHORT 1:3  trades=2  hit_rate=100.0%  total_pnl=11.1 points
  [12sec] SHORT 1:4  trades=2  hit_rate=100.0%  total_pnl=14.8 points
  [12sec] SHORT 1:2  trades=2  hit_rate=100.0%  total_pnl=7.4 points
  [12sec] SHORT 1:3  trades=2  hit_rate=100.0%  total_pnl=11.1 points
  [12sec] SHORT 1:4  trades=2  hit_rate=100.0%  total_pnl=14.8 points
  [12sec] SHORT 1:2  trades=2  hit_rate=100.0%  total_pnl=7.4 points
  [12sec] SHORT 1:3  trades=2  hit_rate=100.0%  total_pnl=11.1 points
  [12sec] SHORT 1:4  trades=2  hit_rate=100.0%  total_pnl=14.8 points
  [12sec] SHORT 1:2  trades=2  hit_rate=100.0%  total_pnl=7.4 points
  [12sec] SHORT 1:3  trades=2  hit_rate=100.0%  total_pnl=11.1 points
  [12sec] SHORT 1:4  trades=2  hit_rate=100.0%  total_pnl=14.8 points
  [12sec] SHORT 1:2  trades=2  hit_rate=100.0%  total_pnl=7.4 points
  [12sec] SHORT 1:3  trades=2  hit_rate=100.0%  total_pnl=11.1 points
  [12sec] SHORT 1:4  trades=2  hit_rate=100.0%  total_pnl=14.8 points
  [12sec] SHORT 1:2  trades=2  hit_rate=100.0%  total_pnl=7.4 points
  [12sec] SHORT 1:3  trades=2  hit_rate=100.0%  total_pnl=11.1 points
  [12sec] SHORT 1:4  trades=2  hit_rate=100.0%  total_pnl=14.8 points
  [12sec] SHORT 1:2  trades=2  hit_rate=100.0%  total_pnl=7.4 points
  [12sec] SHORT 1:3  trades=2  hit_rate=100.0%  total_pnl=11.1 points
  [12sec] SHORT 1:4  trades=2  hit_rate=100.0%  total_pnl=14.8 points
  [12sec] SHORT 1:2  trades=2  hit_rate=100.0%  total_pnl=7.4 points
  [12sec] SHORT 1:3  trades=2  hit_rate=100.0%  total_pnl=11.1 points
  [12sec] SHORT 1:4  trades=2  hit_rate=100.0%  total_pnl=14.8 points
  [12sec] SHORT 1:2  trades=2  hit_rate=100.0%  total_pnl=7.4 points
  [12sec] SHORT 1:3  trades=2  hit_rate=100.0%  total_pnl=11.1 points
  [12sec] SHORT 1:4  trades=2  hit_rate=100.0%  total_pnl=14.8 points
  [12sec] SHORT 1:2  trades=2  hit_rate=100.0%  total_pnl=7.4 points
  [12sec] SHORT 1:3  trades=2  hit_rate=100.0%  total_pnl=11.1 points
  [12sec] SHORT 1:4  trades=2  hit_rate=100.0%  total_pnl=14.8 points
  [12sec] SHORT 1:2  trades=2  hit_rate=100.0%  total_pnl=7.4 points
  [12sec] SHORT 1:3  trades=2  hit_rate=100.0%  total_pnl=11.1 points
  [12sec] SHORT 1:4  trades=2  hit_rate=100.0%  total_pnl=14.8 points
  [12sec] SHORT 1:2  trades=2  hit_rate=100.0%  total_pnl=7.4 points
  [12sec] SHORT 1:3  trades=2  hit_rate=100.0%  total_pnl=11.1 points
  [12sec] SHORT 1:4  trades=2  hit_rate=100.0%  total_pnl=14.8 points
  [12sec] SHORT 1:2  trades=2  hit_rate=100.0%  total_pnl=7.4 points
  [12sec] SHORT 1:3  trades=2  hit_rate=100.0%  total_pnl=11.1 points
  [12sec] SHORT 1:4  trades=2  hit_rate=100.0%  total_pnl=14.8 points
  [12sec] SHORT 1:2  trades=2  hit_rate=100.0%  total_pnl=7.4 points
  [12sec] SHORT 1:3  trades=2  hit_rate=100.0%  total_pnl=11.1 points
  [12sec] SHORT 1:4  trades=2  hit_rate=100.0%  total_pnl=14.8 points
  [12sec] SHORT 1:2  trades=2  hit_rate=100.0%  total_pnl=7.4 points
  [12sec] SHORT 1:3  trades=2  hit_rate=100.0%  total_pnl=11.1 points
  [12sec] SHORT 1:4  trades=2  hit_rate=100.0%  total_pnl=14.8 points
  [12sec] SHORT 1:2  trades=2  hit_rate=100.0%  total_pnl=7.4 points
  [12sec] SHORT 1:3  trades=2  hit_rate=100.0%  total_pnl=11.1 points
  [12sec] SHORT 1:4  trades=2  hit_rate=100.0%  total_pnl=14.8 points
  [12sec] SHORT 1:2  trades=2  hit_rate=100.0%  total_pnl=7.4 points
  [12sec] SHORT 1:3  trades=2  hit_rate=100.0%  total_pnl=11.1 points
  [12sec] SHORT 1:4  trades=2  hit_rate=100.0%  total_pnl=14.8 points
  [12sec] SHORT 1:2  trades=2  hit_rate=100.0%  total_pnl=7.4 points
  [12sec] SHORT 1:3  trades=2  hit_rate=100.0%  total_pnl=11.1 points
  [12sec] SHORT 1:4  trades=2  hit_rate=100.0%  total_pnl=14.8 points
  [12sec] SHORT 1:2  trades=2  hit_rate=100.0%  total_pnl=7.4 points
  [12sec] SHORT 1:3  trades=2  hit_rate=100.0%  total_pnl=11.1 points
  [12sec] SHORT 1:4  trades=2  hit_rate=100.0%  total_pnl=14.8 points
  [12sec] SHORT 1:2  trades=2  hit_rate=100.0%  total_pnl=7.4 points
  [12sec] SHORT 1:3  trades=2  hit_rate=100.0%  total_pnl=11.1 points
  [12sec] SHORT 1:4  trades=2  hit_rate=100.0%  total_pnl=14.8 points
  [12sec] SHORT 1:2  trades=2  hit_rate=100.0%  total_pnl=7.4 points
  [12sec] SHORT 1:3  trades=2  hit_rate=100.0%  total_pnl=11.1 points
  [12sec] SHORT 1:4  trades=2  hit_rate=100.0%  total_pnl=14.8 points
  [12sec] SHORT 1:2  trades=2  hit_rate=100.0%  total_pnl=7.4 points
  [12sec] SHORT 1:3  trades=2  hit_rate=100.0%  total_pnl=11.1 points
  [12sec] SHORT 1:4  trades=2  hit_rate=100.0%  total_pnl=14.8 points
  [12sec] SHORT 1:2  trades=2  hit_rate=100.0%  total_pnl=7.4 points
  [12sec] SHORT 1:3  trades=2  hit_rate=100.0%  total_pnl=11.1 points
  [12sec] SHORT 1:4  trades=2  hit_rate=100.0%  total_pnl=14.8 points
  [12sec] SHORT 1:2  trades=2  hit_rate=100.0%  total_pnl=7.4 points
  [12sec] SHORT 1:3  trades=2  hit_rate=100.0%  total_pnl=11.1 points
  [12sec] SHORT 1:4  trades=2  hit_rate=100.0%  total_pnl=14.8 points
  [12sec] SHORT 1:2  trades=2  hit_rate=100.0%  total_pnl=7.4 points
  [12sec] SHORT 1:3  trades=2  hit_rate=100.0%  total_pnl=11.1 points
  [12sec] SHORT 1:4  trades=2  hit_rate=100.0%  total_pnl=14.8 points
  [12sec] SHORT 1:2  trades=2  hit_rate=100.0%  total_pnl=7.4 points
  [12sec] SHORT 1:3  trades=2  hit_rate=100.0%  total_pnl=11.1 points
  [12sec] SHORT 1:4  trades=2  hit_rate=100.0%  total_pnl=14.8 points
  [12sec] SHORT 1:2  trades=2  hit_rate=100.0%  total_pnl=7.4 points
  [12sec] SHORT 1:3  trades=2  hit_rate=100.0%  total_pnl=11.1 points
  [12sec] SHORT 1:4  trades=2  hit_rate=100.0%  total_pnl=14.8 points
  [12sec] SHORT 1:2  trades=2  hit_rate=100.0%  total_pnl=7.4 points
  [12sec] SHORT 1:3  trades=2  hit_rate=100.0%  total_pnl=11.1 points
  [12sec] SHORT 1:4  trades=2  hit_rate=100.0%  total_pnl=14.8 points
  [12sec] SHORT 1:2  trades=2  hit_rate=100.0%  total_pnl=7.4 points
  [12sec] SHORT 1:3  trades=2  hit_rate=100.0%  total_pnl=11.1 points
  [12sec] SHORT 1:4  trades=2  hit_rate=100.0%  total_pnl=14.8 points
  [12sec] SHORT 1:2  trades=2  hit_rate=100.0%  total_pnl=7.4 points
  [12sec] SHORT 1:3  trades=2  hit_rate=100.0%  total_pnl=11.1 points
  [12sec] SHORT 1:4  trades=2  hit_rate=100.0%  total_pnl=14.8 points
  [12sec] SHORT 1:2  trades=2  hit_rate=100.0%  total_pnl=7.4 points
  [12sec] SHORT 1:3  trades=2  hit_rate=100.0%  total_pnl=11.1 points
  [12sec] SHORT 1:4  trades=2  hit_rate=100.0%  total_pnl=14.8 points
  [12sec] SHORT 1:2  trades=2  hit_rate=100.0%  total_pnl=7.4 points
  [12sec] SHORT 1:3  trades=2  hit_rate=100.0%  total_pnl=11.1 points
  [12sec] SHORT 1:4  trades=2  hit_rate=100.0%  total_pnl=14.8 points
  [12sec] SHORT 1:2  trades=2  hit_rate=100.0%  total_pnl=7.4 points
  [12sec] SHORT 1:3  trades=2  hit_rate=100.0%  total_pnl=11.1 points
  [12sec] SHORT 1:4  trades=2  hit_rate=100.0%  total_pnl=14.8 points
  [12sec] SHORT 1:2  trades=2  hit_rate=100.0%  total_pnl=7.4 points
  [12sec] SHORT 1:3  trades=2  hit_rate=100.0%  total_pnl=11.1 points
  [12sec] SHORT 1:4  trades=2  hit_rate=100.0%  total_pnl=14.8 points
  [12sec] SHORT 1:2  trades=2  hit_rate=100.0%  total_pnl=7.4 points
  [12sec] SHORT 1:3  trades=2  hit_rate=100.0%  total_pnl=11.1 points
  [12sec] SHORT 1:4  trades=2  hit_rate=100.0%  total_pnl=14.8 points
  [12sec] SHORT 1:2  trades=2  hit_rate=100.0%  total_pnl=7.4 points
  [12sec] SHORT 1:3  trades=2  hit_rate=100.0%  total_pnl=11.1 points
  [12sec] SHORT 1:4  trades=2  hit_rate=100.0%  total_pnl=14.8 points
  [12sec] SHORT 1:2  trades=2  hit_rate=100.0%  total_pnl=7.4 points
  [12sec] SHORT 1:3  trades=2  hit_rate=100.0%  total_pnl=11.1 points
  [12sec] SHORT 1:4  trades=2  hit_rate=100.0%  total_pnl=14.8 points
  [12sec] SHORT 1:2  trades=2  hit_rate=100.0%  total_pnl=7.4 points
  [12sec] SHORT 1:3  trades=2  hit_rate=100.0%  total_pnl=11.1 points
  [12sec] SHORT 1:4  trades=2  hit_rate=100.0%  total_pnl=14.8 points
  [12sec] SHORT 1:2  trades=2  hit_rate=100.0%  total_pnl=7.4 points
  [12sec] SHORT 1:3  trades=2  hit_rate=100.0%  total_pnl=11.1 points
  [12sec] SHORT 1:4  trades=2  hit_rate=100.0%  total_pnl=14.8 points
  [12sec] SHORT 1:2  trades=2  hit_rate=100.0%  total_pnl=7.4 points
  [12sec] SHORT 1:3  trades=2  hit_rate=100.0%  total_pnl=11.1 points
  [12sec] SHORT 1:4  trades=2  hit_rate=100.0%  total_pnl=14.8 points
  [12sec] SHORT 1:2  trades=2  hit_rate=100.0%  total_pnl=7.4 points
  [12sec] SHORT 1:3  trades=2  hit_rate=100.0%  total_pnl=11.1 points
  [12sec] SHORT 1:4  trades=2  hit_rate=100.0%  total_pnl=14.8 points
  [12sec] SHORT 1:2  trades=2  hit_rate=100.0%  total_pnl=7.4 points
  [12sec] SHORT 1:3  trades=2  hit_rate=100.0%  total_pnl=11.1 points
  [12sec] SHORT 1:4  trades=2  hit_rate=100.0%  total_pnl=14.8 points
  [12sec] SHORT 1:2  trades=2  hit_rate=100.0%  total_pnl=7.4 points
  [12sec] SHORT 1:3  trades=2  hit_rate=100.0%  total_pnl=11.1 points
  [12sec] SHORT 1:4  trades=2  hit_rate=100.0%  total_pnl=14.8 points
  [12sec] SHORT 1:2  trades=2  hit_rate=100.0%  total_pnl=7.4 points
  [12sec] SHORT 1:3  trades=2  hit_rate=100.0%  total_pnl=11.1 points
  [12sec] SHORT 1:4  trades=2  hit_rate=100.0%  total_pnl=14.8 points
  [12sec] SHORT 1:2  trades=2  hit_rate=100.0%  total_pnl=7.4 points
  [12sec] SHORT 1:3  trades=2  hit_rate=100.0%  total_pnl=11.1 points
  [12sec] SHORT 1:4  trades=2  hit_rate=100.0%  total_pnl=14.8 points
  [12sec] SHORT 1:2  trades=2  hit_rate=100.0%  total_pnl=7.4 points
  [12sec] SHORT 1:3  trades=2  hit_rate=100.0%  total_pnl=11.1 points
  [12sec] SHORT 1:4  trades=2  hit_rate=100.0%  total_pnl=14.8 points
  [12sec] SHORT 1:2  trades=2  hit_rate=100.0%  total_pnl=7.4 points
  [12sec] SHORT 1:3  trades=2  hit_rate=100.0%  total_pnl=11.1 points
  [12sec] SHORT 1:4  trades=2  hit_rate=100.0%  total_pnl=14.8 points
  [12sec] SHORT 1:2  trades=2  hit_rate=100.0%  total_pnl=7.4 points
  [12sec] SHORT 1:3  trades=2  hit_rate=100.0%  total_pnl=11.1 points
  [12sec] SHORT 1:4  trades=2  hit_rate=100.0%  total_pnl=14.8 points
  [12sec] SHORT 1:2  trades=2  hit_rate=100.0%  total_pnl=7.4 points
  [12sec] SHORT 1:3  trades=2  hit_rate=100.0%  total_pnl=11.1 points
  [12sec] SHORT 1:4  trades=2  hit_rate=100.0%  total_pnl=14.8 points
  [12sec] SHORT 1:2  trades=2  hit_rate=100.0%  total_pnl=7.4 points
  [12sec] SHORT 1:3  trades=2  hit_rate=100.0%  total_pnl=11.1 points
  [12sec] SHORT 1:4  trades=2  hit_rate=100.0%  total_pnl=14.8 points
  [12sec] SHORT 1:2  trades=2  hit_rate=100.0%  total_pnl=7.4 points
  [12sec] SHORT 1:3  trades=2  hit_rate=100.0%  total_pnl=11.1 points
  [12sec] SHORT 1:4  trades=2  hit_rate=100.0%  total_pnl=14.8 points
  [12sec] SHORT 1:2  trades=2  hit_rate=100.0%  total_pnl=7.4 points
  [12sec] SHORT 1:3  trades=2  hit_rate=100.0%  total_pnl=11.1 points
  [12sec] SHORT 1:4  trades=2  hit_rate=100.0%  total_pnl=14.8 points
  [12sec] SHORT 1:2  trades=2  hit_rate=100.0%  total_pnl=7.4 points
  [12sec] SHORT 1:3  trades=2  hit_rate=100.0%  total_pnl=11.1 points
  [12sec] SHORT 1:4  trades=2  hit_rate=100.0%  total_pnl=14.8 points
  [12sec] SHORT 1:2  trades=2  hit_rate=100.0%  total_pnl=7.4 points
  [12sec] SHORT 1:3  trades=2  hit_rate=100.0%  total_pnl=11.1 points
  [12sec] SHORT 1:4  trades=2  hit_rate=100.0%  total_pnl=14.8 points
  [1min] SHORT 1:2  trades=2  hit_rate=50.0%  total_pnl=0.4 points
  [1min] SHORT 1:3  trades=2  hit_rate=0.0%  total_pnl=-4.1 points
  [1min] SHORT 1:4  trades=2  hit_rate=0.0%  total_pnl=-4.1 points
  [1min] SHORT 1:2  trades=3  hit_rate=33.33%  total_pnl=-0.7 points
  [1min] SHORT 1:3  trades=3  hit_rate=0.0%  total_pnl=-5.2 points
  [1min] SHORT 1:4  trades=3  hit_rate=0.0%  total_pnl=-5.2 points
  [1min] SHORT 1:2  trades=1  hit_rate=0.0%  total_pnl=-1.1 points
  [1min] SHORT 1:3  trades=1  hit_rate=0.0%  total_pnl=-1.1 points
  [1min] SHORT 1:4  trades=1  hit_rate=0.0%  total_pnl=-1.1 points
  [1min] SHORT 1:2  trades=1  hit_rate=0.0%  total_pnl=-1.1 points
  [1min] SHORT 1:3  trades=1  hit_rate=0.0%  total_pnl=-1.1 points
  [1min] SHORT 1:4  trades=1  hit_rate=0.0%  total_pnl=-1.1 points
  [1min] SHORT 1:2  trades=1  hit_rate=0.0%  total_pnl=-1.1 points
  [1min] SHORT 1:3  trades=1  hit_rate=0.0%  total_pnl=-1.1 points
  [1min] SHORT 1:4  trades=1  hit_rate=0.0%  total_pnl=-1.1 points
  [1min] SHORT 1:2  trades=2  hit_rate=50.0%  total_pnl=0.4 points
  [1min] SHORT 1:3  trades=2  hit_rate=0.0%  total_pnl=-4.1 points
  [1min] SHORT 1:4  trades=2  hit_rate=0.0%  total_pnl=-4.1 points
  [1min] SHORT 1:2  trades=1  hit_rate=0.0%  total_pnl=-1.1 points
  [1min] SHORT 1:3  trades=1  hit_rate=0.0%  total_pnl=-1.1 points
  [1min] SHORT 1:4  trades=1  hit_rate=0.0%  total_pnl=-1.1 points
  [1min] SHORT 1:2  trades=1  hit_rate=0.0%  total_pnl=-1.1 points
  [1min] SHORT 1:3  trades=1  hit_rate=0.0%  total_pnl=-1.1 points
  [1min] SHORT 1:4  trades=1  hit_rate=0.0%  total_pnl=-1.1 points
  [1min] SHORT 1:2  trades=1  hit_rate=0.0%  total_pnl=-1.1 points
  [1min] SHORT 1:3  trades=1  hit_rate=0.0%  total_pnl=-1.1 points
  [1min] SHORT 1:4  trades=1  hit_rate=0.0%  total_pnl=-1.1 points
  [1min] SHORT 1:2  trades=1  hit_rate=0.0%  total_pnl=-1.1 points
  [1min] SHORT 1:3  trades=1  hit_rate=0.0%  total_pnl=-1.1 points
  [1min] SHORT 1:4  trades=1  hit_rate=0.0%  total_pnl=-1.1 points
  [3min] LONG  1:2  trades=2  hit_rate=0.0%  total_pnl=-9.6 points
  [3min] LONG  1:3  trades=2  hit_rate=0.0%  total_pnl=-9.6 points
  [3min] LONG  1:4  trades=2  hit_rate=0.0%  total_pnl=-9.6 points
  [3min] LONG  1:2  trades=1  hit_rate=0.0%  total_pnl=-8.6 points
  [3min] LONG  1:3  trades=1  hit_rate=0.0%  total_pnl=-8.6 points
  [3min] LONG  1:4  trades=1  hit_rate=0.0%  total_pnl=-8.6 points
  [3min] LONG  1:2  trades=1  hit_rate=0.0%  total_pnl=-8.6 points
  [3min] LONG  1:3  trades=1  hit_rate=0.0%  total_pnl=-8.6 points
  [3min] LONG  1:4  trades=1  hit_rate=0.0%  total_pnl=-8.6 points
  [3min] LONG  1:2  trades=1  hit_rate=0.0%  total_pnl=-8.6 points
  [3min] LONG  1:3  trades=1  hit_rate=0.0%  total_pnl=-8.6 points
  [3min] LONG  1:4  trades=1  hit_rate=0.0%  total_pnl=-8.6 points
  [3min] LONG  1:2  trades=2  hit_rate=0.0%  total_pnl=-9.6 points
  [3min] LONG  1:3  trades=2  hit_rate=0.0%  total_pnl=-9.6 points
  [3min] LONG  1:4  trades=2  hit_rate=0.0%  total_pnl=-9.6 points
  [3min] LONG  1:2  trades=1  hit_rate=0.0%  total_pnl=-8.6 points
  [3min] LONG  1:3  trades=1  hit_rate=0.0%  total_pnl=-8.6 points
  [3min] LONG  1:4  trades=1  hit_rate=0.0%  total_pnl=-8.6 points
  [3min] LONG  1:2  trades=1  hit_rate=0.0%  total_pnl=-8.6 points
  [3min] LONG  1:3  trades=1  hit_rate=0.0%  total_pnl=-8.6 points
  [3min] LONG  1:4  trades=1  hit_rate=0.0%  total_pnl=-8.6 points
  [3min] LONG  1:2  trades=1  hit_rate=0.0%  total_pnl=-8.6 points
  [3min] LONG  1:3  trades=1  hit_rate=0.0%  total_pnl=-8.6 points
  [3min] LONG  1:4  trades=1  hit_rate=0.0%  total_pnl=-8.6 points
  [3min] LONG  1:2  trades=2  hit_rate=0.0%  total_pnl=-9.6 points
  [3min] LONG  1:3  trades=2  hit_rate=0.0%  total_pnl=-9.6 points
  [3min] LONG  1:4  trades=2  hit_rate=0.0%  total_pnl=-9.6 points
  [3min] LONG  1:2  trades=1  hit_rate=0.0%  total_pnl=-8.6 points
  [3min] LONG  1:3  trades=1  hit_rate=0.0%  total_pnl=-8.6 points
  [3min] LONG  1:4  trades=1  hit_rate=0.0%  total_pnl=-8.6 points
  [3min] LONG  1:2  trades=1  hit_rate=0.0%  total_pnl=-8.6 points
  [3min] LONG  1:3  trades=1  hit_rate=0.0%  total_pnl=-8.6 points
  [3min] LONG  1:4  trades=1  hit_rate=0.0%  total_pnl=-8.6 points
  [3min] LONG  1:2  trades=1  hit_rate=0.0%  total_pnl=-8.6 points
  [3min] LONG  1:3  trades=1  hit_rate=0.0%  total_pnl=-8.6 points
  [3min] LONG  1:4  trades=1  hit_rate=0.0%  total_pnl=-8.6 points
  [3min] LONG  1:2  trades=2  hit_rate=0.0%  total_pnl=-9.6 points
  [3min] LONG  1:3  trades=2  hit_rate=0.0%  total_pnl=-9.6 points
  [3min] LONG  1:4  trades=2  hit_rate=0.0%  total_pnl=-9.6 points
  [3min] LONG  1:2  trades=1  hit_rate=0.0%  total_pnl=-8.6 points
  [3min] LONG  1:3  trades=1  hit_rate=0.0%  total_pnl=-8.6 points
  [3min] LONG  1:4  trades=1  hit_rate=0.0%  total_pnl=-8.6 points
  [3min] LONG  1:2  trades=1  hit_rate=0.0%  total_pnl=-8.6 points
  [3min] LONG  1:3  trades=1  hit_rate=0.0%  total_pnl=-8.6 points
  [3min] LONG  1:4  trades=1  hit_rate=0.0%  total_pnl=-8.6 points
  [3min] LONG  1:2  trades=1  hit_rate=0.0%  total_pnl=-8.6 points
  [3min] LONG  1:3  trades=1  hit_rate=0.0%  total_pnl=-8.6 points
  [3min] LONG  1:4  trades=1  hit_rate=0.0%  total_pnl=-8.6 points
  [3min] LONG  1:2  trades=2  hit_rate=0.0%  total_pnl=-9.6 points
  [3min] LONG  1:3  trades=2  hit_rate=0.0%  total_pnl=-9.6 points
  [3min] LONG  1:4  trades=2  hit_rate=0.0%  total_pnl=-9.6 points
  [3min] LONG  1:2  trades=1  hit_rate=0.0%  total_pnl=-8.6 points
  [3min] LONG  1:3  trades=1  hit_rate=0.0%  total_pnl=-8.6 points
  [3min] LONG  1:4  trades=1  hit_rate=0.0%  total_pnl=-8.6 points
  [3min] LONG  1:2  trades=1  hit_rate=0.0%  total_pnl=-8.6 points
  [3min] LONG  1:3  trades=1  hit_rate=0.0%  total_pnl=-8.6 points
  [3min] LONG  1:4  trades=1  hit_rate=0.0%  total_pnl=-8.6 points
  [3min] LONG  1:2  trades=1  hit_rate=0.0%  total_pnl=-8.6 points
  [3min] LONG  1:3  trades=1  hit_rate=0.0%  total_pnl=-8.6 points
  [3min] LONG  1:4  trades=1  hit_rate=0.0%  total_pnl=-8.6 points
  [3min] LONG  1:2  trades=2  hit_rate=0.0%  total_pnl=-9.6 points
  [3min] LONG  1:3  trades=2  hit_rate=0.0%  total_pnl=-9.6 points
  [3min] LONG  1:4  trades=2  hit_rate=0.0%  total_pnl=-9.6 points
  [3min] LONG  1:2  trades=1  hit_rate=0.0%  total_pnl=-8.6 points
  [3min] LONG  1:3  trades=1  hit_rate=0.0%  total_pnl=-8.6 points
  [3min] LONG  1:4  trades=1  hit_rate=0.0%  total_pnl=-8.6 points
  [3min] LONG  1:2  trades=1  hit_rate=0.0%  total_pnl=-8.6 points
  [3min] LONG  1:3  trades=1  hit_rate=0.0%  total_pnl=-8.6 points
  [3min] LONG  1:4  trades=1  hit_rate=0.0%  total_pnl=-8.6 points
  [3min] LONG  1:2  trades=1  hit_rate=0.0%  total_pnl=-8.6 points
  [3min] LONG  1:3  trades=1  hit_rate=0.0%  total_pnl=-8.6 points
  [3min] LONG  1:4  trades=1  hit_rate=0.0%  total_pnl=-8.6 points
  [3min] LONG  1:2  trades=2  hit_rate=0.0%  total_pnl=-9.6 points
  [3min] LONG  1:3  trades=2  hit_rate=0.0%  total_pnl=-9.6 points
  [3min] LONG  1:4  trades=2  hit_rate=0.0%  total_pnl=-9.6 points
  [3min] LONG  1:2  trades=1  hit_rate=0.0%  total_pnl=-8.6 points
  [3min] LONG  1:3  trades=1  hit_rate=0.0%  total_pnl=-8.6 points
  [3min] LONG  1:4  trades=1  hit_rate=0.0%  total_pnl=-8.6 points
  [3min] LONG  1:2  trades=1  hit_rate=0.0%  total_pnl=-8.6 points
  [3min] LONG  1:3  trades=1  hit_rate=0.0%  total_pnl=-8.6 points
  [3min] LONG  1:4  trades=1  hit_rate=0.0%  total_pnl=-8.6 points
  [3min] LONG  1:2  trades=1  hit_rate=0.0%  total_pnl=-8.6 points
  [3min] LONG  1:3  trades=1  hit_rate=0.0%  total_pnl=-8.6 points
  [3min] LONG  1:4  trades=1  hit_rate=0.0%  total_pnl=-8.6 points
  [3min] LONG  1:2  trades=2  hit_rate=0.0%  total_pnl=-9.6 points
  [3min] LONG  1:3  trades=2  hit_rate=0.0%  total_pnl=-9.6 points
  [3min] LONG  1:4  trades=2  hit_rate=0.0%  total_pnl=-9.6 points
  [3min] LONG  1:2  trades=1  hit_rate=0.0%  total_pnl=-8.6 points
  [3min] LONG  1:3  trades=1  hit_rate=0.0%  total_pnl=-8.6 points
  [3min] LONG  1:4  trades=1  hit_rate=0.0%  total_pnl=-8.6 points
  [3min] LONG  1:2  trades=1  hit_rate=0.0%  total_pnl=-8.6 points
  [3min] LONG  1:3  trades=1  hit_rate=0.0%  total_pnl=-8.6 points
  [3min] LONG  1:4  trades=1  hit_rate=0.0%  total_pnl=-8.6 points
  [3min] LONG  1:2  trades=1  hit_rate=0.0%  total_pnl=-8.6 points
  [3min] LONG  1:3  trades=1  hit_rate=0.0%  total_pnl=-8.6 points
  [3min] LONG  1:4  trades=1  hit_rate=0.0%  total_pnl=-8.6 points
  [3min] LONG  1:2  trades=2  hit_rate=0.0%  total_pnl=-9.6 points
  [3min] LONG  1:3  trades=2  hit_rate=0.0%  total_pnl=-9.6 points
  [3min] LONG  1:4  trades=2  hit_rate=0.0%  total_pnl=-9.6 points
  [3min] LONG  1:2  trades=1  hit_rate=0.0%  total_pnl=-8.6 points
  [3min] LONG  1:3  trades=1  hit_rate=0.0%  total_pnl=-8.6 points
  [3min] LONG  1:4  trades=1  hit_rate=0.0%  total_pnl=-8.6 points
  [3min] LONG  1:2  trades=1  hit_rate=0.0%  total_pnl=-8.6 points
  [3min] LONG  1:3  trades=1  hit_rate=0.0%  total_pnl=-8.6 points
  [3min] LONG  1:4  trades=1  hit_rate=0.0%  total_pnl=-8.6 points
  [3min] LONG  1:2  trades=1  hit_rate=0.0%  total_pnl=-8.6 points
  [3min] LONG  1:3  trades=1  hit_rate=0.0%  total_pnl=-8.6 points
  [3min] LONG  1:4  trades=1  hit_rate=0.0%  total_pnl=-8.6 points
  [3min] LONG  1:2  trades=2  hit_rate=0.0%  total_pnl=-9.6 points
  [3min] LONG  1:3  trades=2  hit_rate=0.0%  total_pnl=-9.6 points
  [3min] LONG  1:4  trades=2  hit_rate=0.0%  total_pnl=-9.6 points
  [3min] LONG  1:2  trades=1  hit_rate=0.0%  total_pnl=-8.6 points
  [3min] LONG  1:3  trades=1  hit_rate=0.0%  total_pnl=-8.6 points
  [3min] LONG  1:4  trades=1  hit_rate=0.0%  total_pnl=-8.6 points
  [3min] LONG  1:2  trades=1  hit_rate=0.0%  total_pnl=-8.6 points
  [3min] LONG  1:3  trades=1  hit_rate=0.0%  total_pnl=-8.6 points
  [3min] LONG  1:4  trades=1  hit_rate=0.0%  total_pnl=-8.6 points
  [3min] LONG  1:2  trades=1  hit_rate=0.0%  total_pnl=-8.6 points
  [3min] LONG  1:3  trades=1  hit_rate=0.0%  total_pnl=-8.6 points
  [3min] LONG  1:4  trades=1  hit_rate=0.0%  total_pnl=-8.6 points
  [3min] LONG  1:2  trades=2  hit_rate=0.0%  total_pnl=-9.6 points
  [3min] LONG  1:3  trades=2  hit_rate=0.0%  total_pnl=-9.6 points
  [3min] LONG  1:4  trades=2  hit_rate=0.0%  total_pnl=-9.6 points
  [3min] LONG  1:2  trades=1  hit_rate=0.0%  total_pnl=-8.6 points
  [3min] LONG  1:3  trades=1  hit_rate=0.0%  total_pnl=-8.6 points
  [3min] LONG  1:4  trades=1  hit_rate=0.0%  total_pnl=-8.6 points
  [3min] LONG  1:2  trades=1  hit_rate=0.0%  total_pnl=-8.6 points
  [3min] LONG  1:3  trades=1  hit_rate=0.0%  total_pnl=-8.6 points
  [3min] LONG  1:4  trades=1  hit_rate=0.0%  total_pnl=-8.6 points
  [3min] LONG  1:2  trades=1  hit_rate=0.0%  total_pnl=-8.6 points
  [3min] LONG  1:3  trades=1  hit_rate=0.0%  total_pnl=-8.6 points
  [3min] LONG  1:4  trades=1  hit_rate=0.0%  total_pnl=-8.6 points
  [3min] LONG  1:2  trades=2  hit_rate=0.0%  total_pnl=-9.6 points
  [3min] LONG  1:3  trades=2  hit_rate=0.0%  total_pnl=-9.6 points
  [3min] LONG  1:4  trades=2  hit_rate=0.0%  total_pnl=-9.6 points
  [3min] LONG  1:2  trades=1  hit_rate=0.0%  total_pnl=-8.6 points
  [3min] LONG  1:3  trades=1  hit_rate=0.0%  total_pnl=-8.6 points
  [3min] LONG  1:4  trades=1  hit_rate=0.0%  total_pnl=-8.6 points
  [3min] LONG  1:2  trades=1  hit_rate=0.0%  total_pnl=-8.6 points
  [3min] LONG  1:3  trades=1  hit_rate=0.0%  total_pnl=-8.6 points
  [3min] LONG  1:4  trades=1  hit_rate=0.0%  total_pnl=-8.6 points
  [3min] LONG  1:2  trades=1  hit_rate=0.0%  total_pnl=-8.6 points
  [3min] LONG  1:3  trades=1  hit_rate=0.0%  total_pnl=-8.6 points
  [3min] LONG  1:4  trades=1  hit_rate=0.0%  total_pnl=-8.6 points

----------------------------------------------------------------------------------------------------
[3/14] NIFTY_2026-09-11_DASHBOARD.json
----------------------------------------------------------------------------------------------------
Process started for the file : D:/Git/fresh_dashboard/app/data
Timeframes tested : ['12sec', '1min', '3min']
Entry candle rule : disabled — the trigger candle itself is the entry candle (entry at its close, SL at its low/high)
R:R multiples     : [2.0, 3.0, 4.0]
Total no of variation : 3 timeframes x 2 directions x 4 candles x 20 atr_multiplier x 2 bb_period x 2 bb_num_std x 3 R:R = 1920
Workers : 12 (of 14 CPU cores available)
Completed 1920 variations in 12.6s using 12 worker(s)
  Triggers: 28   Trades entered: 28   No Entry: 0
  [12sec] LONG  1:2  trades=15  hit_rate=33.33%  total_pnl=-5.05 points
  [12sec] LONG  1:3  trades=15  hit_rate=33.33%  total_pnl=-1.15 points
  [12sec] LONG  1:4  trades=15  hit_rate=33.33%  total_pnl=2.75 points
  [12sec] LONG  1:2  trades=4  hit_rate=50.0%  total_pnl=0.6 points
  [12sec] LONG  1:3  trades=4  hit_rate=50.0%  total_pnl=2.95 points
  [12sec] LONG  1:4  trades=4  hit_rate=50.0%  total_pnl=5.3 points
  [12sec] LONG  1:2  trades=12  hit_rate=33.33%  total_pnl=-4.85 points
  [12sec] LONG  1:3  trades=12  hit_rate=33.33%  total_pnl=-1.55 points
  [12sec] LONG  1:4  trades=12  hit_rate=33.33%  total_pnl=1.75 points
  [12sec] LONG  1:2  trades=3  hit_rate=33.33%  total_pnl=-0.6 points
  [12sec] LONG  1:3  trades=3  hit_rate=33.33%  total_pnl=1.15 points
  [12sec] LONG  1:4  trades=3  hit_rate=33.33%  total_pnl=2.9 points
  [12sec] LONG  1:2  trades=13  hit_rate=38.46%  total_pnl=-3.1 points
  [12sec] LONG  1:3  trades=13  hit_rate=38.46%  total_pnl=0.8 points
  [12sec] LONG  1:4  trades=13  hit_rate=38.46%  total_pnl=4.7 points
  [12sec] LONG  1:2  trades=4  hit_rate=50.0%  total_pnl=0.6 points
  [12sec] LONG  1:3  trades=4  hit_rate=50.0%  total_pnl=2.95 points
  [12sec] LONG  1:4  trades=4  hit_rate=50.0%  total_pnl=5.3 points
  [12sec] LONG  1:2  trades=12  hit_rate=33.33%  total_pnl=-4.85 points
  [12sec] LONG  1:3  trades=12  hit_rate=33.33%  total_pnl=-1.55 points
  [12sec] LONG  1:4  trades=12  hit_rate=33.33%  total_pnl=1.75 points
  [12sec] LONG  1:2  trades=3  hit_rate=33.33%  total_pnl=-0.6 points
  [12sec] LONG  1:3  trades=3  hit_rate=33.33%  total_pnl=1.15 points
  [12sec] LONG  1:4  trades=3  hit_rate=33.33%  total_pnl=2.9 points
  [12sec] LONG  1:2  trades=10  hit_rate=30.0%  total_pnl=-3.45 points
  [12sec] LONG  1:3  trades=10  hit_rate=30.0%  total_pnl=-0.2 points
  [12sec] LONG  1:4  trades=10  hit_rate=30.0%  total_pnl=3.05 points
  [12sec] LONG  1:2  trades=3  hit_rate=33.33%  total_pnl=-0.6 points
  [12sec] LONG  1:3  trades=3  hit_rate=33.33%  total_pnl=1.15 points
  [12sec] LONG  1:4  trades=3  hit_rate=33.33%  total_pnl=2.9 points
  [12sec] LONG  1:2  trades=10  hit_rate=30.0%  total_pnl=-4.0 points
  [12sec] LONG  1:3  trades=10  hit_rate=30.0%  total_pnl=-0.75 points
  [12sec] LONG  1:4  trades=10  hit_rate=30.0%  total_pnl=2.5 points
  [12sec] LONG  1:2  trades=3  hit_rate=33.33%  total_pnl=-0.6 points
  [12sec] LONG  1:3  trades=3  hit_rate=33.33%  total_pnl=1.15 points
  [12sec] LONG  1:4  trades=3  hit_rate=33.33%  total_pnl=2.9 points
  [12sec] LONG  1:2  trades=7  hit_rate=42.86%  total_pnl=0.5 points
  [12sec] LONG  1:3  trades=7  hit_rate=42.86%  total_pnl=3.75 points
  [12sec] LONG  1:4  trades=7  hit_rate=42.86%  total_pnl=7.0 points
  [12sec] LONG  1:2  trades=2  hit_rate=50.0%  total_pnl=2.1 points
  [12sec] LONG  1:3  trades=2  hit_rate=50.0%  total_pnl=3.85 points
  [12sec] LONG  1:4  trades=2  hit_rate=50.0%  total_pnl=5.6 points
  [12sec] LONG  1:2  trades=8  hit_rate=37.5%  total_pnl=-0.9 points
  [12sec] LONG  1:3  trades=8  hit_rate=37.5%  total_pnl=2.35 points
  [12sec] LONG  1:4  trades=8  hit_rate=37.5%  total_pnl=5.6 points
  [12sec] LONG  1:2  trades=2  hit_rate=50.0%  total_pnl=2.1 points
  [12sec] LONG  1:3  trades=2  hit_rate=50.0%  total_pnl=3.85 points
  [12sec] LONG  1:4  trades=2  hit_rate=50.0%  total_pnl=5.6 points
  [12sec] LONG  1:2  trades=4  hit_rate=75.0%  total_pnl=5.1 points
  [12sec] LONG  1:3  trades=4  hit_rate=75.0%  total_pnl=8.35 points
  [12sec] LONG  1:4  trades=4  hit_rate=75.0%  total_pnl=11.6 points
  [12sec] LONG  1:2  trades=1  hit_rate=100.0%  total_pnl=3.5 points
  [12sec] LONG  1:3  trades=1  hit_rate=100.0%  total_pnl=5.25 points
  [12sec] LONG  1:4  trades=1  hit_rate=100.0%  total_pnl=7.0 points
  [12sec] LONG  1:2  trades=4  hit_rate=75.0%  total_pnl=5.1 points
  [12sec] LONG  1:3  trades=4  hit_rate=75.0%  total_pnl=8.35 points
  [12sec] LONG  1:4  trades=4  hit_rate=75.0%  total_pnl=11.6 points
  [12sec] LONG  1:2  trades=1  hit_rate=100.0%  total_pnl=3.5 points
  [12sec] LONG  1:3  trades=1  hit_rate=100.0%  total_pnl=5.25 points
  [12sec] LONG  1:4  trades=1  hit_rate=100.0%  total_pnl=7.0 points
  [12sec] LONG  1:2  trades=4  hit_rate=75.0%  total_pnl=5.1 points
  [12sec] LONG  1:3  trades=4  hit_rate=75.0%  total_pnl=8.35 points
  [12sec] LONG  1:4  trades=4  hit_rate=75.0%  total_pnl=11.6 points
  [12sec] LONG  1:2  trades=1  hit_rate=100.0%  total_pnl=3.5 points
  [12sec] LONG  1:3  trades=1  hit_rate=100.0%  total_pnl=5.25 points
  [12sec] LONG  1:4  trades=1  hit_rate=100.0%  total_pnl=7.0 points
  [12sec] LONG  1:2  trades=4  hit_rate=75.0%  total_pnl=5.1 points
  [12sec] LONG  1:3  trades=4  hit_rate=75.0%  total_pnl=8.35 points
  [12sec] LONG  1:4  trades=4  hit_rate=75.0%  total_pnl=11.6 points
  [12sec] LONG  1:2  trades=1  hit_rate=100.0%  total_pnl=3.5 points
  [12sec] LONG  1:3  trades=1  hit_rate=100.0%  total_pnl=5.25 points
  [12sec] LONG  1:4  trades=1  hit_rate=100.0%  total_pnl=7.0 points
  [12sec] LONG  1:2  trades=4  hit_rate=75.0%  total_pnl=5.1 points
  [12sec] LONG  1:3  trades=4  hit_rate=75.0%  total_pnl=8.35 points
  [12sec] LONG  1:4  trades=4  hit_rate=75.0%  total_pnl=11.6 points
  [12sec] LONG  1:2  trades=1  hit_rate=100.0%  total_pnl=3.5 points
  [12sec] LONG  1:3  trades=1  hit_rate=100.0%  total_pnl=5.25 points
  [12sec] LONG  1:4  trades=1  hit_rate=100.0%  total_pnl=7.0 points
  [12sec] LONG  1:2  trades=4  hit_rate=75.0%  total_pnl=5.1 points
  [12sec] LONG  1:3  trades=4  hit_rate=75.0%  total_pnl=8.35 points
  [12sec] LONG  1:4  trades=4  hit_rate=75.0%  total_pnl=11.6 points
  [12sec] LONG  1:2  trades=1  hit_rate=100.0%  total_pnl=3.5 points
  [12sec] LONG  1:3  trades=1  hit_rate=100.0%  total_pnl=5.25 points
  [12sec] LONG  1:4  trades=1  hit_rate=100.0%  total_pnl=7.0 points
  [12sec] LONG  1:2  trades=15  hit_rate=33.33%  total_pnl=-5.05 points
  [12sec] LONG  1:3  trades=15  hit_rate=33.33%  total_pnl=-1.15 points
  [12sec] LONG  1:4  trades=15  hit_rate=33.33%  total_pnl=2.75 points
  [12sec] LONG  1:2  trades=4  hit_rate=50.0%  total_pnl=0.6 points
  [12sec] LONG  1:3  trades=4  hit_rate=50.0%  total_pnl=2.95 points
  [12sec] LONG  1:4  trades=4  hit_rate=50.0%  total_pnl=5.3 points
  [12sec] LONG  1:2  trades=12  hit_rate=33.33%  total_pnl=-4.85 points
  [12sec] LONG  1:3  trades=12  hit_rate=33.33%  total_pnl=-1.55 points
  [12sec] LONG  1:4  trades=12  hit_rate=33.33%  total_pnl=1.75 points
  [12sec] LONG  1:2  trades=3  hit_rate=33.33%  total_pnl=-0.6 points
  [12sec] LONG  1:3  trades=3  hit_rate=33.33%  total_pnl=1.15 points
  [12sec] LONG  1:4  trades=3  hit_rate=33.33%  total_pnl=2.9 points
  [12sec] LONG  1:2  trades=15  hit_rate=33.33%  total_pnl=-5.05 points
  [12sec] LONG  1:3  trades=15  hit_rate=33.33%  total_pnl=-1.15 points
  [12sec] LONG  1:4  trades=15  hit_rate=33.33%  total_pnl=2.75 points
  [12sec] LONG  1:2  trades=4  hit_rate=50.0%  total_pnl=0.6 points
  [12sec] LONG  1:3  trades=4  hit_rate=50.0%  total_pnl=2.95 points
  [12sec] LONG  1:4  trades=4  hit_rate=50.0%  total_pnl=5.3 points
  [12sec] LONG  1:2  trades=12  hit_rate=33.33%  total_pnl=-4.85 points
  [12sec] LONG  1:3  trades=12  hit_rate=33.33%  total_pnl=-1.55 points
  [12sec] LONG  1:4  trades=12  hit_rate=33.33%  total_pnl=1.75 points
  [12sec] LONG  1:2  trades=3  hit_rate=33.33%  total_pnl=-0.6 points
  [12sec] LONG  1:3  trades=3  hit_rate=33.33%  total_pnl=1.15 points
  [12sec] LONG  1:4  trades=3  hit_rate=33.33%  total_pnl=2.9 points
  [12sec] LONG  1:2  trades=14  hit_rate=28.57%  total_pnl=-5.15 points
  [12sec] LONG  1:3  trades=14  hit_rate=28.57%  total_pnl=-1.3 points
  [12sec] LONG  1:4  trades=14  hit_rate=28.57%  total_pnl=2.55 points
  [12sec] LONG  1:2  trades=4  hit_rate=50.0%  total_pnl=0.6 points
  [12sec] LONG  1:3  trades=4  hit_rate=50.0%  total_pnl=2.95 points
  [12sec] LONG  1:4  trades=4  hit_rate=50.0%  total_pnl=5.3 points
  [12sec] LONG  1:2  trades=11  hit_rate=27.27%  total_pnl=-4.95 points
  [12sec] LONG  1:3  trades=11  hit_rate=27.27%  total_pnl=-1.7 points
  [12sec] LONG  1:4  trades=11  hit_rate=27.27%  total_pnl=1.55 points
  [12sec] LONG  1:2  trades=3  hit_rate=33.33%  total_pnl=-0.6 points
  [12sec] LONG  1:3  trades=3  hit_rate=33.33%  total_pnl=1.15 points
  [12sec] LONG  1:4  trades=3  hit_rate=33.33%  total_pnl=2.9 points
  [12sec] LONG  1:2  trades=12  hit_rate=33.33%  total_pnl=-3.95 points
  [12sec] LONG  1:3  trades=12  hit_rate=33.33%  total_pnl=-0.1 points
  [12sec] LONG  1:4  trades=12  hit_rate=33.33%  total_pnl=3.75 points
  [12sec] LONG  1:2  trades=4  hit_rate=50.0%  total_pnl=0.6 points
  [12sec] LONG  1:3  trades=4  hit_rate=50.0%  total_pnl=2.95 points
  [12sec] LONG  1:4  trades=4  hit_rate=50.0%  total_pnl=5.3 points
  [12sec] LONG  1:2  trades=10  hit_rate=30.0%  total_pnl=-4.0 points
  [12sec] LONG  1:3  trades=10  hit_rate=30.0%  total_pnl=-0.75 points
  [12sec] LONG  1:4  trades=10  hit_rate=30.0%  total_pnl=2.5 points
  [12sec] LONG  1:2  trades=3  hit_rate=33.33%  total_pnl=-0.6 points
  [12sec] LONG  1:3  trades=3  hit_rate=33.33%  total_pnl=1.15 points
  [12sec] LONG  1:4  trades=3  hit_rate=33.33%  total_pnl=2.9 points
  [12sec] LONG  1:2  trades=8  hit_rate=37.5%  total_pnl=-0.35 points
  [12sec] LONG  1:3  trades=8  hit_rate=37.5%  total_pnl=2.9 points
  [12sec] LONG  1:4  trades=8  hit_rate=37.5%  total_pnl=6.15 points
  [12sec] LONG  1:2  trades=2  hit_rate=50.0%  total_pnl=2.1 points
  [12sec] LONG  1:3  trades=2  hit_rate=50.0%  total_pnl=3.85 points
  [12sec] LONG  1:4  trades=2  hit_rate=50.0%  total_pnl=5.6 points
  [12sec] LONG  1:2  trades=8  hit_rate=37.5%  total_pnl=-0.9 points
  [12sec] LONG  1:3  trades=8  hit_rate=37.5%  total_pnl=2.35 points
  [12sec] LONG  1:4  trades=8  hit_rate=37.5%  total_pnl=5.6 points
  [12sec] LONG  1:2  trades=2  hit_rate=50.0%  total_pnl=2.1 points
  [12sec] LONG  1:3  trades=2  hit_rate=50.0%  total_pnl=3.85 points
  [12sec] LONG  1:4  trades=2  hit_rate=50.0%  total_pnl=5.6 points
  [12sec] LONG  1:2  trades=7  hit_rate=42.86%  total_pnl=0.85 points
  [12sec] LONG  1:3  trades=7  hit_rate=42.86%  total_pnl=4.1 points
  [12sec] LONG  1:4  trades=7  hit_rate=42.86%  total_pnl=7.35 points
  [12sec] LONG  1:2  trades=2  hit_rate=50.0%  total_pnl=2.1 points
  [12sec] LONG  1:3  trades=2  hit_rate=50.0%  total_pnl=3.85 points
  [12sec] LONG  1:4  trades=2  hit_rate=50.0%  total_pnl=5.6 points
  [12sec] LONG  1:2  trades=6  hit_rate=50.0%  total_pnl=1.7 points
  [12sec] LONG  1:3  trades=6  hit_rate=50.0%  total_pnl=4.95 points
  [12sec] LONG  1:4  trades=6  hit_rate=50.0%  total_pnl=8.2 points
  [12sec] LONG  1:2  trades=2  hit_rate=50.0%  total_pnl=2.1 points
  [12sec] LONG  1:3  trades=2  hit_rate=50.0%  total_pnl=3.85 points
  [12sec] LONG  1:4  trades=2  hit_rate=50.0%  total_pnl=5.6 points
  [12sec] LONG  1:2  trades=5  hit_rate=60.0%  total_pnl=3.1 points
  [12sec] LONG  1:3  trades=5  hit_rate=60.0%  total_pnl=6.35 points
  [12sec] LONG  1:4  trades=5  hit_rate=60.0%  total_pnl=9.6 points
  [12sec] LONG  1:2  trades=1  hit_rate=100.0%  total_pnl=3.5 points
  [12sec] LONG  1:3  trades=1  hit_rate=100.0%  total_pnl=5.25 points
  [12sec] LONG  1:4  trades=1  hit_rate=100.0%  total_pnl=7.0 points
  [12sec] LONG  1:2  trades=5  hit_rate=60.0%  total_pnl=3.1 points
  [12sec] LONG  1:3  trades=5  hit_rate=60.0%  total_pnl=6.35 points
  [12sec] LONG  1:4  trades=5  hit_rate=60.0%  total_pnl=9.6 points
  [12sec] LONG  1:2  trades=1  hit_rate=100.0%  total_pnl=3.5 points
  [12sec] LONG  1:3  trades=1  hit_rate=100.0%  total_pnl=5.25 points
  [12sec] LONG  1:4  trades=1  hit_rate=100.0%  total_pnl=7.0 points
  [12sec] LONG  1:2  trades=4  hit_rate=75.0%  total_pnl=5.1 points
  [12sec] LONG  1:3  trades=4  hit_rate=75.0%  total_pnl=8.35 points
  [12sec] LONG  1:4  trades=4  hit_rate=75.0%  total_pnl=11.6 points
  [12sec] LONG  1:2  trades=1  hit_rate=100.0%  total_pnl=3.5 points
  [12sec] LONG  1:3  trades=1  hit_rate=100.0%  total_pnl=5.25 points
  [12sec] LONG  1:4  trades=1  hit_rate=100.0%  total_pnl=7.0 points
  [12sec] LONG  1:2  trades=4  hit_rate=75.0%  total_pnl=5.1 points
  [12sec] LONG  1:3  trades=4  hit_rate=75.0%  total_pnl=8.35 points
  [12sec] LONG  1:4  trades=4  hit_rate=75.0%  total_pnl=11.6 points
  [12sec] LONG  1:2  trades=1  hit_rate=100.0%  total_pnl=3.5 points
  [12sec] LONG  1:3  trades=1  hit_rate=100.0%  total_pnl=5.25 points
  [12sec] LONG  1:4  trades=1  hit_rate=100.0%  total_pnl=7.0 points
  [12sec] LONG  1:2  trades=4  hit_rate=75.0%  total_pnl=5.1 points
  [12sec] LONG  1:3  trades=4  hit_rate=75.0%  total_pnl=8.35 points
  [12sec] LONG  1:4  trades=4  hit_rate=75.0%  total_pnl=11.6 points
  [12sec] LONG  1:2  trades=1  hit_rate=100.0%  total_pnl=3.5 points
  [12sec] LONG  1:3  trades=1  hit_rate=100.0%  total_pnl=5.25 points
  [12sec] LONG  1:4  trades=1  hit_rate=100.0%  total_pnl=7.0 points
  [12sec] LONG  1:2  trades=4  hit_rate=75.0%  total_pnl=5.1 points
  [12sec] LONG  1:3  trades=4  hit_rate=75.0%  total_pnl=8.35 points
  [12sec] LONG  1:4  trades=4  hit_rate=75.0%  total_pnl=11.6 points
  [12sec] LONG  1:2  trades=1  hit_rate=100.0%  total_pnl=3.5 points
  [12sec] LONG  1:3  trades=1  hit_rate=100.0%  total_pnl=5.25 points
  [12sec] LONG  1:4  trades=1  hit_rate=100.0%  total_pnl=7.0 points
  [12sec] LONG  1:2  trades=4  hit_rate=75.0%  total_pnl=5.1 points
  [12sec] LONG  1:3  trades=4  hit_rate=75.0%  total_pnl=8.35 points
  [12sec] LONG  1:4  trades=4  hit_rate=75.0%  total_pnl=11.6 points
  [12sec] LONG  1:2  trades=1  hit_rate=100.0%  total_pnl=3.5 points
  [12sec] LONG  1:3  trades=1  hit_rate=100.0%  total_pnl=5.25 points
  [12sec] LONG  1:4  trades=1  hit_rate=100.0%  total_pnl=7.0 points
  [12sec] LONG  1:2  trades=4  hit_rate=75.0%  total_pnl=5.1 points
  [12sec] LONG  1:3  trades=4  hit_rate=75.0%  total_pnl=8.35 points
  [12sec] LONG  1:4  trades=4  hit_rate=75.0%  total_pnl=11.6 points
  [12sec] LONG  1:2  trades=1  hit_rate=100.0%  total_pnl=3.5 points
  [12sec] LONG  1:3  trades=1  hit_rate=100.0%  total_pnl=5.25 points
  [12sec] LONG  1:4  trades=1  hit_rate=100.0%  total_pnl=7.0 points
  [12sec] LONG  1:2  trades=4  hit_rate=75.0%  total_pnl=5.1 points
  [12sec] LONG  1:3  trades=4  hit_rate=75.0%  total_pnl=8.35 points
  [12sec] LONG  1:4  trades=4  hit_rate=75.0%  total_pnl=11.6 points
  [12sec] LONG  1:2  trades=1  hit_rate=100.0%  total_pnl=3.5 points
  [12sec] LONG  1:3  trades=1  hit_rate=100.0%  total_pnl=5.25 points
  [12sec] LONG  1:4  trades=1  hit_rate=100.0%  total_pnl=7.0 points
  [12sec] LONG  1:2  trades=4  hit_rate=75.0%  total_pnl=5.1 points
  [12sec] LONG  1:3  trades=4  hit_rate=75.0%  total_pnl=8.35 points
  [12sec] LONG  1:4  trades=4  hit_rate=75.0%  total_pnl=11.6 points
  [12sec] LONG  1:2  trades=1  hit_rate=100.0%  total_pnl=3.5 points
  [12sec] LONG  1:3  trades=1  hit_rate=100.0%  total_pnl=5.25 points
  [12sec] LONG  1:4  trades=1  hit_rate=100.0%  total_pnl=7.0 points
  [12sec] LONG  1:2  trades=3  hit_rate=66.67%  total_pnl=1.6 points
  [12sec] LONG  1:3  trades=3  hit_rate=66.67%  total_pnl=3.1 points
  [12sec] LONG  1:4  trades=3  hit_rate=66.67%  total_pnl=4.6 points
  [12sec] LONG  1:2  trades=3  hit_rate=66.67%  total_pnl=1.6 points
  [12sec] LONG  1:3  trades=3  hit_rate=66.67%  total_pnl=3.1 points
  [12sec] LONG  1:4  trades=3  hit_rate=66.67%  total_pnl=4.6 points
  [12sec] LONG  1:2  trades=17  hit_rate=29.41%  total_pnl=-8.95 points
  [12sec] LONG  1:3  trades=17  hit_rate=29.41%  total_pnl=-5.05 points
  [12sec] LONG  1:4  trades=17  hit_rate=29.41%  total_pnl=-1.15 points
  [12sec] LONG  1:2  trades=5  hit_rate=40.0%  total_pnl=-0.75 points
  [12sec] LONG  1:3  trades=5  hit_rate=40.0%  total_pnl=1.6 points
  [12sec] LONG  1:4  trades=5  hit_rate=40.0%  total_pnl=3.95 points
  [12sec] LONG  1:2  trades=14  hit_rate=28.57%  total_pnl=-8.75 points
  [12sec] LONG  1:3  trades=14  hit_rate=28.57%  total_pnl=-5.45 points
  [12sec] LONG  1:4  trades=14  hit_rate=28.57%  total_pnl=-2.15 points
  [12sec] LONG  1:2  trades=3  hit_rate=33.33%  total_pnl=-0.6 points
  [12sec] LONG  1:3  trades=3  hit_rate=33.33%  total_pnl=1.15 points
  [12sec] LONG  1:4  trades=3  hit_rate=33.33%  total_pnl=2.9 points
  [12sec] LONG  1:2  trades=16  hit_rate=31.25%  total_pnl=-7.6 points
  [12sec] LONG  1:3  trades=16  hit_rate=31.25%  total_pnl=-3.7 points
  [12sec] LONG  1:4  trades=16  hit_rate=31.25%  total_pnl=0.2 points
  [12sec] LONG  1:2  trades=4  hit_rate=50.0%  total_pnl=0.6 points
  [12sec] LONG  1:3  trades=4  hit_rate=50.0%  total_pnl=2.95 points
  [12sec] LONG  1:4  trades=4  hit_rate=50.0%  total_pnl=5.3 points
  [12sec] LONG  1:2  trades=13  hit_rate=30.77%  total_pnl=-7.4 points
  [12sec] LONG  1:3  trades=13  hit_rate=30.77%  total_pnl=-4.1 points
  [12sec] LONG  1:4  trades=13  hit_rate=30.77%  total_pnl=-0.8 points
  [12sec] LONG  1:2  trades=3  hit_rate=33.33%  total_pnl=-0.6 points
  [12sec] LONG  1:3  trades=3  hit_rate=33.33%  total_pnl=1.15 points
  [12sec] LONG  1:4  trades=3  hit_rate=33.33%  total_pnl=2.9 points
  [12sec] LONG  1:2  trades=16  hit_rate=31.25%  total_pnl=-7.6 points
  [12sec] LONG  1:3  trades=16  hit_rate=31.25%  total_pnl=-3.7 points
  [12sec] LONG  1:4  trades=16  hit_rate=31.25%  total_pnl=0.2 points
  [12sec] LONG  1:2  trades=4  hit_rate=50.0%  total_pnl=0.6 points
  [12sec] LONG  1:3  trades=4  hit_rate=50.0%  total_pnl=2.95 points
  [12sec] LONG  1:4  trades=4  hit_rate=50.0%  total_pnl=5.3 points
  [12sec] LONG  1:2  trades=13  hit_rate=30.77%  total_pnl=-7.4 points
  [12sec] LONG  1:3  trades=13  hit_rate=30.77%  total_pnl=-4.1 points
  [12sec] LONG  1:4  trades=13  hit_rate=30.77%  total_pnl=-0.8 points
  [12sec] LONG  1:2  trades=3  hit_rate=33.33%  total_pnl=-0.6 points
  [12sec] LONG  1:3  trades=3  hit_rate=33.33%  total_pnl=1.15 points
  [12sec] LONG  1:4  trades=3  hit_rate=33.33%  total_pnl=2.9 points
  [12sec] LONG  1:2  trades=16  hit_rate=31.25%  total_pnl=-7.6 points
  [12sec] LONG  1:3  trades=16  hit_rate=31.25%  total_pnl=-3.7 points
  [12sec] LONG  1:4  trades=16  hit_rate=31.25%  total_pnl=0.2 points
  [12sec] LONG  1:2  trades=4  hit_rate=50.0%  total_pnl=0.6 points
  [12sec] LONG  1:3  trades=4  hit_rate=50.0%  total_pnl=2.95 points
  [12sec] LONG  1:4  trades=4  hit_rate=50.0%  total_pnl=5.3 points
  [12sec] LONG  1:2  trades=13  hit_rate=30.77%  total_pnl=-7.4 points
  [12sec] LONG  1:3  trades=13  hit_rate=30.77%  total_pnl=-4.1 points
  [12sec] LONG  1:4  trades=13  hit_rate=30.77%  total_pnl=-0.8 points
  [12sec] LONG  1:2  trades=3  hit_rate=33.33%  total_pnl=-0.6 points
  [12sec] LONG  1:3  trades=3  hit_rate=33.33%  total_pnl=1.15 points
  [12sec] LONG  1:4  trades=3  hit_rate=33.33%  total_pnl=2.9 points
  [12sec] LONG  1:2  trades=16  hit_rate=31.25%  total_pnl=-7.6 points
  [12sec] LONG  1:3  trades=16  hit_rate=31.25%  total_pnl=-3.7 points
  [12sec] LONG  1:4  trades=16  hit_rate=31.25%  total_pnl=0.2 points
  [12sec] LONG  1:2  trades=4  hit_rate=50.0%  total_pnl=0.6 points
  [12sec] LONG  1:3  trades=4  hit_rate=50.0%  total_pnl=2.95 points
  [12sec] LONG  1:4  trades=4  hit_rate=50.0%  total_pnl=5.3 points
  [12sec] LONG  1:2  trades=13  hit_rate=30.77%  total_pnl=-7.4 points
  [12sec] LONG  1:3  trades=13  hit_rate=30.77%  total_pnl=-4.1 points
  [12sec] LONG  1:4  trades=13  hit_rate=30.77%  total_pnl=-0.8 points
  [12sec] LONG  1:2  trades=3  hit_rate=33.33%  total_pnl=-0.6 points
  [12sec] LONG  1:3  trades=3  hit_rate=33.33%  total_pnl=1.15 points
  [12sec] LONG  1:4  trades=3  hit_rate=33.33%  total_pnl=2.9 points
  [12sec] LONG  1:2  trades=11  hit_rate=36.36%  total_pnl=-2.45 points
  [12sec] LONG  1:3  trades=11  hit_rate=36.36%  total_pnl=1.4 points
  [12sec] LONG  1:4  trades=11  hit_rate=36.36%  total_pnl=5.25 points
  [12sec] LONG  1:2  trades=3  hit_rate=66.67%  total_pnl=3.3 points
  [12sec] LONG  1:3  trades=3  hit_rate=66.67%  total_pnl=5.65 points
  [12sec] LONG  1:4  trades=3  hit_rate=66.67%  total_pnl=8.0 points
  [12sec] LONG  1:2  trades=8  hit_rate=37.5%  total_pnl=-2.25 points
  [12sec] LONG  1:3  trades=8  hit_rate=37.5%  total_pnl=1.0 points
  [12sec] LONG  1:4  trades=8  hit_rate=37.5%  total_pnl=4.25 points
  [12sec] LONG  1:2  trades=2  hit_rate=50.0%  total_pnl=2.1 points
  [12sec] LONG  1:3  trades=2  hit_rate=50.0%  total_pnl=3.85 points
  [12sec] LONG  1:4  trades=2  hit_rate=50.0%  total_pnl=5.6 points
  [12sec] LONG  1:2  trades=6  hit_rate=50.0%  total_pnl=2.25 points
  [12sec] LONG  1:3  trades=6  hit_rate=50.0%  total_pnl=5.5 points
  [12sec] LONG  1:4  trades=6  hit_rate=50.0%  total_pnl=8.75 points
  [12sec] LONG  1:2  trades=1  hit_rate=100.0%  total_pnl=3.5 points
  [12sec] LONG  1:3  trades=1  hit_rate=100.0%  total_pnl=5.25 points
  [12sec] LONG  1:4  trades=1  hit_rate=100.0%  total_pnl=7.0 points
  [12sec] LONG  1:2  trades=5  hit_rate=60.0%  total_pnl=3.1 points
  [12sec] LONG  1:3  trades=5  hit_rate=60.0%  total_pnl=6.35 points
  [12sec] LONG  1:4  trades=5  hit_rate=60.0%  total_pnl=9.6 points
  [12sec] LONG  1:2  trades=1  hit_rate=100.0%  total_pnl=3.5 points
  [12sec] LONG  1:3  trades=1  hit_rate=100.0%  total_pnl=5.25 points
  [12sec] LONG  1:4  trades=1  hit_rate=100.0%  total_pnl=7.0 points
  [12sec] LONG  1:2  trades=6  hit_rate=50.0%  total_pnl=2.25 points
  [12sec] LONG  1:3  trades=6  hit_rate=50.0%  total_pnl=5.5 points
  [12sec] LONG  1:4  trades=6  hit_rate=50.0%  total_pnl=8.75 points
  [12sec] LONG  1:2  trades=1  hit_rate=100.0%  total_pnl=3.5 points
  [12sec] LONG  1:3  trades=1  hit_rate=100.0%  total_pnl=5.25 points
  [12sec] LONG  1:4  trades=1  hit_rate=100.0%  total_pnl=7.0 points
  [12sec] LONG  1:2  trades=5  hit_rate=60.0%  total_pnl=3.1 points
  [12sec] LONG  1:3  trades=5  hit_rate=60.0%  total_pnl=6.35 points
  [12sec] LONG  1:4  trades=5  hit_rate=60.0%  total_pnl=9.6 points
  [12sec] LONG  1:2  trades=1  hit_rate=100.0%  total_pnl=3.5 points
  [12sec] LONG  1:3  trades=1  hit_rate=100.0%  total_pnl=5.25 points
  [12sec] LONG  1:4  trades=1  hit_rate=100.0%  total_pnl=7.0 points
  [12sec] LONG  1:2  trades=6  hit_rate=50.0%  total_pnl=2.25 points
  [12sec] LONG  1:3  trades=6  hit_rate=50.0%  total_pnl=5.5 points
  [12sec] LONG  1:4  trades=6  hit_rate=50.0%  total_pnl=8.75 points
  [12sec] LONG  1:2  trades=1  hit_rate=100.0%  total_pnl=3.5 points
  [12sec] LONG  1:3  trades=1  hit_rate=100.0%  total_pnl=5.25 points
  [12sec] LONG  1:4  trades=1  hit_rate=100.0%  total_pnl=7.0 points
  [12sec] LONG  1:2  trades=5  hit_rate=60.0%  total_pnl=3.1 points
  [12sec] LONG  1:3  trades=5  hit_rate=60.0%  total_pnl=6.35 points
  [12sec] LONG  1:4  trades=5  hit_rate=60.0%  total_pnl=9.6 points
  [12sec] LONG  1:2  trades=1  hit_rate=100.0%  total_pnl=3.5 points
  [12sec] LONG  1:3  trades=1  hit_rate=100.0%  total_pnl=5.25 points
  [12sec] LONG  1:4  trades=1  hit_rate=100.0%  total_pnl=7.0 points
  [12sec] LONG  1:2  trades=6  hit_rate=50.0%  total_pnl=2.25 points
  [12sec] LONG  1:3  trades=6  hit_rate=50.0%  total_pnl=5.5 points
  [12sec] LONG  1:4  trades=6  hit_rate=50.0%  total_pnl=8.75 points
  [12sec] LONG  1:2  trades=1  hit_rate=100.0%  total_pnl=3.5 points
  [12sec] LONG  1:3  trades=1  hit_rate=100.0%  total_pnl=5.25 points
  [12sec] LONG  1:4  trades=1  hit_rate=100.0%  total_pnl=7.0 points
  [12sec] LONG  1:2  trades=5  hit_rate=60.0%  total_pnl=3.1 points
  [12sec] LONG  1:3  trades=5  hit_rate=60.0%  total_pnl=6.35 points
  [12sec] LONG  1:4  trades=5  hit_rate=60.0%  total_pnl=9.6 points
  [12sec] LONG  1:2  trades=1  hit_rate=100.0%  total_pnl=3.5 points
  [12sec] LONG  1:3  trades=1  hit_rate=100.0%  total_pnl=5.25 points
  [12sec] LONG  1:4  trades=1  hit_rate=100.0%  total_pnl=7.0 points
  [12sec] LONG  1:2  trades=6  hit_rate=50.0%  total_pnl=2.25 points
  [12sec] LONG  1:3  trades=6  hit_rate=50.0%  total_pnl=5.5 points
  [12sec] LONG  1:4  trades=6  hit_rate=50.0%  total_pnl=8.75 points
  [12sec] LONG  1:2  trades=1  hit_rate=100.0%  total_pnl=3.5 points
  [12sec] LONG  1:3  trades=1  hit_rate=100.0%  total_pnl=5.25 points
  [12sec] LONG  1:4  trades=1  hit_rate=100.0%  total_pnl=7.0 points
  [12sec] LONG  1:2  trades=5  hit_rate=60.0%  total_pnl=3.1 points
  [12sec] LONG  1:3  trades=5  hit_rate=60.0%  total_pnl=6.35 points
  [12sec] LONG  1:4  trades=5  hit_rate=60.0%  total_pnl=9.6 points
  [12sec] LONG  1:2  trades=1  hit_rate=100.0%  total_pnl=3.5 points
  [12sec] LONG  1:3  trades=1  hit_rate=100.0%  total_pnl=5.25 points
  [12sec] LONG  1:4  trades=1  hit_rate=100.0%  total_pnl=7.0 points
  [12sec] LONG  1:2  trades=5  hit_rate=60.0%  total_pnl=3.1 points
  [12sec] LONG  1:3  trades=5  hit_rate=60.0%  total_pnl=6.35 points
  [12sec] LONG  1:4  trades=5  hit_rate=60.0%  total_pnl=9.6 points
  [12sec] LONG  1:2  trades=1  hit_rate=100.0%  total_pnl=3.5 points
  [12sec] LONG  1:3  trades=1  hit_rate=100.0%  total_pnl=5.25 points
  [12sec] LONG  1:4  trades=1  hit_rate=100.0%  total_pnl=7.0 points
  [12sec] LONG  1:2  trades=5  hit_rate=60.0%  total_pnl=3.1 points
  [12sec] LONG  1:3  trades=5  hit_rate=60.0%  total_pnl=6.35 points
  [12sec] LONG  1:4  trades=5  hit_rate=60.0%  total_pnl=9.6 points
  [12sec] LONG  1:2  trades=1  hit_rate=100.0%  total_pnl=3.5 points
  [12sec] LONG  1:3  trades=1  hit_rate=100.0%  total_pnl=5.25 points
  [12sec] LONG  1:4  trades=1  hit_rate=100.0%  total_pnl=7.0 points
  [12sec] LONG  1:2  trades=5  hit_rate=60.0%  total_pnl=3.1 points
  [12sec] LONG  1:3  trades=5  hit_rate=60.0%  total_pnl=6.35 points
  [12sec] LONG  1:4  trades=5  hit_rate=60.0%  total_pnl=9.6 points
  [12sec] LONG  1:2  trades=1  hit_rate=100.0%  total_pnl=3.5 points
  [12sec] LONG  1:3  trades=1  hit_rate=100.0%  total_pnl=5.25 points
  [12sec] LONG  1:4  trades=1  hit_rate=100.0%  total_pnl=7.0 points
  [12sec] LONG  1:2  trades=5  hit_rate=60.0%  total_pnl=3.1 points
  [12sec] LONG  1:3  trades=5  hit_rate=60.0%  total_pnl=6.35 points
  [12sec] LONG  1:4  trades=5  hit_rate=60.0%  total_pnl=9.6 points
  [12sec] LONG  1:2  trades=1  hit_rate=100.0%  total_pnl=3.5 points
  [12sec] LONG  1:3  trades=1  hit_rate=100.0%  total_pnl=5.25 points
  [12sec] LONG  1:4  trades=1  hit_rate=100.0%  total_pnl=7.0 points
  [12sec] LONG  1:2  trades=4  hit_rate=75.0%  total_pnl=5.1 points
  [12sec] LONG  1:3  trades=4  hit_rate=75.0%  total_pnl=8.35 points
  [12sec] LONG  1:4  trades=4  hit_rate=75.0%  total_pnl=11.6 points
  [12sec] LONG  1:2  trades=1  hit_rate=100.0%  total_pnl=3.5 points
  [12sec] LONG  1:3  trades=1  hit_rate=100.0%  total_pnl=5.25 points
  [12sec] LONG  1:4  trades=1  hit_rate=100.0%  total_pnl=7.0 points
  [12sec] LONG  1:2  trades=4  hit_rate=75.0%  total_pnl=5.1 points
  [12sec] LONG  1:3  trades=4  hit_rate=75.0%  total_pnl=8.35 points
  [12sec] LONG  1:4  trades=4  hit_rate=75.0%  total_pnl=11.6 points
  [12sec] LONG  1:2  trades=1  hit_rate=100.0%  total_pnl=3.5 points
  [12sec] LONG  1:3  trades=1  hit_rate=100.0%  total_pnl=5.25 points
  [12sec] LONG  1:4  trades=1  hit_rate=100.0%  total_pnl=7.0 points
  [12sec] LONG  1:2  trades=4  hit_rate=75.0%  total_pnl=5.1 points
  [12sec] LONG  1:3  trades=4  hit_rate=75.0%  total_pnl=8.35 points
  [12sec] LONG  1:4  trades=4  hit_rate=75.0%  total_pnl=11.6 points
  [12sec] LONG  1:2  trades=1  hit_rate=100.0%  total_pnl=3.5 points
  [12sec] LONG  1:3  trades=1  hit_rate=100.0%  total_pnl=5.25 points
  [12sec] LONG  1:4  trades=1  hit_rate=100.0%  total_pnl=7.0 points
  [12sec] LONG  1:2  trades=4  hit_rate=75.0%  total_pnl=5.1 points
  [12sec] LONG  1:3  trades=4  hit_rate=75.0%  total_pnl=8.35 points
  [12sec] LONG  1:4  trades=4  hit_rate=75.0%  total_pnl=11.6 points
  [12sec] LONG  1:2  trades=1  hit_rate=100.0%  total_pnl=3.5 points
  [12sec] LONG  1:3  trades=1  hit_rate=100.0%  total_pnl=5.25 points
  [12sec] LONG  1:4  trades=1  hit_rate=100.0%  total_pnl=7.0 points
  [12sec] LONG  1:2  trades=4  hit_rate=75.0%  total_pnl=5.1 points
  [12sec] LONG  1:3  trades=4  hit_rate=75.0%  total_pnl=8.35 points
  [12sec] LONG  1:4  trades=4  hit_rate=75.0%  total_pnl=11.6 points
  [12sec] LONG  1:2  trades=1  hit_rate=100.0%  total_pnl=3.5 points
  [12sec] LONG  1:3  trades=1  hit_rate=100.0%  total_pnl=5.25 points
  [12sec] LONG  1:4  trades=1  hit_rate=100.0%  total_pnl=7.0 points
  [12sec] LONG  1:2  trades=4  hit_rate=75.0%  total_pnl=5.1 points
  [12sec] LONG  1:3  trades=4  hit_rate=75.0%  total_pnl=8.35 points
  [12sec] LONG  1:4  trades=4  hit_rate=75.0%  total_pnl=11.6 points
  [12sec] LONG  1:2  trades=1  hit_rate=100.0%  total_pnl=3.5 points
  [12sec] LONG  1:3  trades=1  hit_rate=100.0%  total_pnl=5.25 points
  [12sec] LONG  1:4  trades=1  hit_rate=100.0%  total_pnl=7.0 points
  [12sec] LONG  1:2  trades=3  hit_rate=66.67%  total_pnl=1.6 points
  [12sec] LONG  1:3  trades=3  hit_rate=66.67%  total_pnl=3.1 points
  [12sec] LONG  1:4  trades=3  hit_rate=66.67%  total_pnl=4.6 points
  [12sec] LONG  1:2  trades=3  hit_rate=66.67%  total_pnl=1.6 points
  [12sec] LONG  1:3  trades=3  hit_rate=66.67%  total_pnl=3.1 points
  [12sec] LONG  1:4  trades=3  hit_rate=66.67%  total_pnl=4.6 points
  [12sec] LONG  1:2  trades=1  hit_rate=0.0%  total_pnl=-1.4 points
  [12sec] LONG  1:3  trades=1  hit_rate=0.0%  total_pnl=-1.4 points
  [12sec] LONG  1:4  trades=1  hit_rate=0.0%  total_pnl=-1.4 points
  [12sec] LONG  1:2  trades=1  hit_rate=0.0%  total_pnl=-1.4 points
  [12sec] LONG  1:3  trades=1  hit_rate=0.0%  total_pnl=-1.4 points
  [12sec] LONG  1:4  trades=1  hit_rate=0.0%  total_pnl=-1.4 points
  [12sec] LONG  1:2  trades=1  hit_rate=0.0%  total_pnl=-1.4 points
  [12sec] LONG  1:3  trades=1  hit_rate=0.0%  total_pnl=-1.4 points
  [12sec] LONG  1:4  trades=1  hit_rate=0.0%  total_pnl=-1.4 points
  [12sec] LONG  1:2  trades=1  hit_rate=0.0%  total_pnl=-1.4 points
  [12sec] LONG  1:3  trades=1  hit_rate=0.0%  total_pnl=-1.4 points
  [12sec] LONG  1:4  trades=1  hit_rate=0.0%  total_pnl=-1.4 points
  [12sec] LONG  1:2  trades=19  hit_rate=26.32%  total_pnl=-12.55 points
  [12sec] LONG  1:3  trades=19  hit_rate=26.32%  total_pnl=-8.65 points
  [12sec] LONG  1:4  trades=19  hit_rate=26.32%  total_pnl=-4.75 points
  [12sec] LONG  1:2  trades=5  hit_rate=40.0%  total_pnl=-0.75 points
  [12sec] LONG  1:3  trades=5  hit_rate=40.0%  total_pnl=1.6 points
  [12sec] LONG  1:4  trades=5  hit_rate=40.0%  total_pnl=3.95 points
  [12sec] LONG  1:2  trades=15  hit_rate=26.67%  total_pnl=-9.45 points
  [12sec] LONG  1:3  trades=15  hit_rate=26.67%  total_pnl=-6.15 points
  [12sec] LONG  1:4  trades=15  hit_rate=26.67%  total_pnl=-2.85 points
  [12sec] LONG  1:2  trades=3  hit_rate=33.33%  total_pnl=-0.6 points
  [12sec] LONG  1:3  trades=3  hit_rate=33.33%  total_pnl=1.15 points
  [12sec] LONG  1:4  trades=3  hit_rate=33.33%  total_pnl=2.9 points
  [12sec] LONG  1:2  trades=18  hit_rate=27.78%  total_pnl=-9.65 points
  [12sec] LONG  1:3  trades=18  hit_rate=27.78%  total_pnl=-5.75 points
  [12sec] LONG  1:4  trades=18  hit_rate=27.78%  total_pnl=-1.85 points
  [12sec] LONG  1:2  trades=5  hit_rate=40.0%  total_pnl=-0.75 points
  [12sec] LONG  1:3  trades=5  hit_rate=40.0%  total_pnl=1.6 points
  [12sec] LONG  1:4  trades=5  hit_rate=40.0%  total_pnl=3.95 points
  [12sec] LONG  1:2  trades=15  hit_rate=26.67%  total_pnl=-9.45 points
  [12sec] LONG  1:3  trades=15  hit_rate=26.67%  total_pnl=-6.15 points
  [12sec] LONG  1:4  trades=15  hit_rate=26.67%  total_pnl=-2.85 points
  [12sec] LONG  1:2  trades=3  hit_rate=33.33%  total_pnl=-0.6 points
  [12sec] LONG  1:3  trades=3  hit_rate=33.33%  total_pnl=1.15 points
  [12sec] LONG  1:4  trades=3  hit_rate=33.33%  total_pnl=2.9 points
  [12sec] LONG  1:2  trades=16  hit_rate=31.25%  total_pnl=-7.6 points
  [12sec] LONG  1:3  trades=16  hit_rate=31.25%  total_pnl=-3.7 points
  [12sec] LONG  1:4  trades=16  hit_rate=31.25%  total_pnl=0.2 points
  [12sec] LONG  1:2  trades=4  hit_rate=50.0%  total_pnl=0.6 points
  [12sec] LONG  1:3  trades=4  hit_rate=50.0%  total_pnl=2.95 points
  [12sec] LONG  1:4  trades=4  hit_rate=50.0%  total_pnl=5.3 points
  [12sec] LONG  1:2  trades=13  hit_rate=30.77%  total_pnl=-7.4 points
  [12sec] LONG  1:3  trades=13  hit_rate=30.77%  total_pnl=-4.1 points
  [12sec] LONG  1:4  trades=13  hit_rate=30.77%  total_pnl=-0.8 points
  [12sec] LONG  1:2  trades=3  hit_rate=33.33%  total_pnl=-0.6 points
  [12sec] LONG  1:3  trades=3  hit_rate=33.33%  total_pnl=1.15 points
  [12sec] LONG  1:4  trades=3  hit_rate=33.33%  total_pnl=2.9 points
  [12sec] LONG  1:2  trades=16  hit_rate=31.25%  total_pnl=-7.6 points
  [12sec] LONG  1:3  trades=16  hit_rate=31.25%  total_pnl=-3.7 points
  [12sec] LONG  1:4  trades=16  hit_rate=31.25%  total_pnl=0.2 points
  [12sec] LONG  1:2  trades=4  hit_rate=50.0%  total_pnl=0.6 points
  [12sec] LONG  1:3  trades=4  hit_rate=50.0%  total_pnl=2.95 points
  [12sec] LONG  1:4  trades=4  hit_rate=50.0%  total_pnl=5.3 points
  [12sec] LONG  1:2  trades=13  hit_rate=30.77%  total_pnl=-7.4 points
  [12sec] LONG  1:3  trades=13  hit_rate=30.77%  total_pnl=-4.1 points
  [12sec] LONG  1:4  trades=13  hit_rate=30.77%  total_pnl=-0.8 points
  [12sec] LONG  1:2  trades=3  hit_rate=33.33%  total_pnl=-0.6 points
  [12sec] LONG  1:3  trades=3  hit_rate=33.33%  total_pnl=1.15 points
  [12sec] LONG  1:4  trades=3  hit_rate=33.33%  total_pnl=2.9 points
  [12sec] LONG  1:2  trades=15  hit_rate=33.33%  total_pnl=-6.4 points
  [12sec] LONG  1:3  trades=15  hit_rate=33.33%  total_pnl=-2.5 points
  [12sec] LONG  1:4  trades=15  hit_rate=33.33%  total_pnl=1.4 points
  [12sec] LONG  1:2  trades=4  hit_rate=50.0%  total_pnl=0.6 points
  [12sec] LONG  1:3  trades=4  hit_rate=50.0%  total_pnl=2.95 points
  [12sec] LONG  1:4  trades=4  hit_rate=50.0%  total_pnl=5.3 points
  [12sec] LONG  1:2  trades=12  hit_rate=33.33%  total_pnl=-6.2 points
  [12sec] LONG  1:3  trades=12  hit_rate=33.33%  total_pnl=-2.9 points
  [12sec] LONG  1:4  trades=12  hit_rate=33.33%  total_pnl=0.4 points
  [12sec] LONG  1:2  trades=3  hit_rate=33.33%  total_pnl=-0.6 points
  [12sec] LONG  1:3  trades=3  hit_rate=33.33%  total_pnl=1.15 points
  [12sec] LONG  1:4  trades=3  hit_rate=33.33%  total_pnl=2.9 points
  [12sec] LONG  1:2  trades=15  hit_rate=33.33%  total_pnl=-6.4 points
  [12sec] LONG  1:3  trades=15  hit_rate=33.33%  total_pnl=-2.5 points
  [12sec] LONG  1:4  trades=15  hit_rate=33.33%  total_pnl=1.4 points
  [12sec] LONG  1:2  trades=4  hit_rate=50.0%  total_pnl=0.6 points
  [12sec] LONG  1:3  trades=4  hit_rate=50.0%  total_pnl=2.95 points
  [12sec] LONG  1:4  trades=4  hit_rate=50.0%  total_pnl=5.3 points
  [12sec] LONG  1:2  trades=12  hit_rate=33.33%  total_pnl=-6.2 points
  [12sec] LONG  1:3  trades=12  hit_rate=33.33%  total_pnl=-2.9 points
  [12sec] LONG  1:4  trades=12  hit_rate=33.33%  total_pnl=0.4 points
  [12sec] LONG  1:2  trades=3  hit_rate=33.33%  total_pnl=-0.6 points
  [12sec] LONG  1:3  trades=3  hit_rate=33.33%  total_pnl=1.15 points
  [12sec] LONG  1:4  trades=3  hit_rate=33.33%  total_pnl=2.9 points
  [12sec] LONG  1:2  trades=14  hit_rate=35.71%  total_pnl=-3.7 points
  [12sec] LONG  1:3  trades=14  hit_rate=35.71%  total_pnl=0.2 points
  [12sec] LONG  1:4  trades=14  hit_rate=35.71%  total_pnl=4.1 points
  [12sec] LONG  1:2  trades=3  hit_rate=66.67%  total_pnl=3.3 points
  [12sec] LONG  1:3  trades=3  hit_rate=66.67%  total_pnl=5.65 points
  [12sec] LONG  1:4  trades=3  hit_rate=66.67%  total_pnl=8.0 points
  [12sec] LONG  1:2  trades=11  hit_rate=36.36%  total_pnl=-3.5 points
  [12sec] LONG  1:3  trades=11  hit_rate=36.36%  total_pnl=-0.2 points
  [12sec] LONG  1:4  trades=11  hit_rate=36.36%  total_pnl=3.1 points
  [12sec] LONG  1:2  trades=2  hit_rate=50.0%  total_pnl=2.1 points
  [12sec] LONG  1:3  trades=2  hit_rate=50.0%  total_pnl=3.85 points
  [12sec] LONG  1:4  trades=2  hit_rate=50.0%  total_pnl=5.6 points
  [12sec] LONG  1:2  trades=13  hit_rate=38.46%  total_pnl=-2.3 points
  [12sec] LONG  1:3  trades=13  hit_rate=38.46%  total_pnl=1.6 points
  [12sec] LONG  1:4  trades=13  hit_rate=38.46%  total_pnl=5.5 points
  [12sec] LONG  1:2  trades=2  hit_rate=100.0%  total_pnl=4.7 points
  [12sec] LONG  1:3  trades=2  hit_rate=100.0%  total_pnl=7.05 points
  [12sec] LONG  1:4  trades=2  hit_rate=100.0%  total_pnl=9.4 points
  [12sec] LONG  1:2  trades=10  hit_rate=40.0%  total_pnl=-2.1 points
  [12sec] LONG  1:3  trades=10  hit_rate=40.0%  total_pnl=1.2 points
  [12sec] LONG  1:4  trades=10  hit_rate=40.0%  total_pnl=4.5 points
  [12sec] LONG  1:2  trades=1  hit_rate=100.0%  total_pnl=3.5 points
  [12sec] LONG  1:3  trades=1  hit_rate=100.0%  total_pnl=5.25 points
  [12sec] LONG  1:4  trades=1  hit_rate=100.0%  total_pnl=7.0 points
  [12sec] LONG  1:2  trades=8  hit_rate=50.0%  total_pnl=0.9 points
  [12sec] LONG  1:3  trades=8  hit_rate=50.0%  total_pnl=4.75 points
  [12sec] LONG  1:4  trades=8  hit_rate=50.0%  total_pnl=8.6 points
  [12sec] LONG  1:2  trades=2  hit_rate=100.0%  total_pnl=4.7 points
  [12sec] LONG  1:3  trades=2  hit_rate=100.0%  total_pnl=7.05 points
  [12sec] LONG  1:4  trades=2  hit_rate=100.0%  total_pnl=9.4 points
  [12sec] LONG  1:2  trades=7  hit_rate=42.86%  total_pnl=-0.85 points
  [12sec] LONG  1:3  trades=7  hit_rate=42.86%  total_pnl=2.4 points
  [12sec] LONG  1:4  trades=7  hit_rate=42.86%  total_pnl=5.65 points
  [12sec] LONG  1:2  trades=1  hit_rate=100.0%  total_pnl=3.5 points
  [12sec] LONG  1:3  trades=1  hit_rate=100.0%  total_pnl=5.25 points
  [12sec] LONG  1:4  trades=1  hit_rate=100.0%  total_pnl=7.0 points
  [12sec] LONG  1:2  trades=7  hit_rate=42.86%  total_pnl=-0.3 points
  [12sec] LONG  1:3  trades=7  hit_rate=42.86%  total_pnl=2.95 points
  [12sec] LONG  1:4  trades=7  hit_rate=42.86%  total_pnl=6.2 points
  [12sec] LONG  1:2  trades=1  hit_rate=100.0%  total_pnl=3.5 points
  [12sec] LONG  1:3  trades=1  hit_rate=100.0%  total_pnl=5.25 points
  [12sec] LONG  1:4  trades=1  hit_rate=100.0%  total_pnl=7.0 points
  [12sec] LONG  1:2  trades=6  hit_rate=50.0%  total_pnl=0.55 points
  [12sec] LONG  1:3  trades=6  hit_rate=50.0%  total_pnl=3.8 points
  [12sec] LONG  1:4  trades=6  hit_rate=50.0%  total_pnl=7.05 points
  [12sec] LONG  1:2  trades=1  hit_rate=100.0%  total_pnl=3.5 points
  [12sec] LONG  1:3  trades=1  hit_rate=100.0%  total_pnl=5.25 points
  [12sec] LONG  1:4  trades=1  hit_rate=100.0%  total_pnl=7.0 points
  [12sec] LONG  1:2  trades=7  hit_rate=42.86%  total_pnl=-0.3 points
  [12sec] LONG  1:3  trades=7  hit_rate=42.86%  total_pnl=2.95 points
  [12sec] LONG  1:4  trades=7  hit_rate=42.86%  total_pnl=6.2 points
  [12sec] LONG  1:2  trades=1  hit_rate=100.0%  total_pnl=3.5 points
  [12sec] LONG  1:3  trades=1  hit_rate=100.0%  total_pnl=5.25 points
  [12sec] LONG  1:4  trades=1  hit_rate=100.0%  total_pnl=7.0 points
  [12sec] LONG  1:2  trades=6  hit_rate=50.0%  total_pnl=0.55 points
  [12sec] LONG  1:3  trades=6  hit_rate=50.0%  total_pnl=3.8 points
  [12sec] LONG  1:4  trades=6  hit_rate=50.0%  total_pnl=7.05 points
  [12sec] LONG  1:2  trades=1  hit_rate=100.0%  total_pnl=3.5 points
  [12sec] LONG  1:3  trades=1  hit_rate=100.0%  total_pnl=5.25 points
  [12sec] LONG  1:4  trades=1  hit_rate=100.0%  total_pnl=7.0 points
  [12sec] LONG  1:2  trades=7  hit_rate=42.86%  total_pnl=-0.3 points
  [12sec] LONG  1:3  trades=7  hit_rate=42.86%  total_pnl=2.95 points
  [12sec] LONG  1:4  trades=7  hit_rate=42.86%  total_pnl=6.2 points
  [12sec] LONG  1:2  trades=1  hit_rate=100.0%  total_pnl=3.5 points
  [12sec] LONG  1:3  trades=1  hit_rate=100.0%  total_pnl=5.25 points
  [12sec] LONG  1:4  trades=1  hit_rate=100.0%  total_pnl=7.0 points
  [12sec] LONG  1:2  trades=6  hit_rate=50.0%  total_pnl=0.55 points
  [12sec] LONG  1:3  trades=6  hit_rate=50.0%  total_pnl=3.8 points
  [12sec] LONG  1:4  trades=6  hit_rate=50.0%  total_pnl=7.05 points
  [12sec] LONG  1:2  trades=1  hit_rate=100.0%  total_pnl=3.5 points
  [12sec] LONG  1:3  trades=1  hit_rate=100.0%  total_pnl=5.25 points
  [12sec] LONG  1:4  trades=1  hit_rate=100.0%  total_pnl=7.0 points
  [12sec] LONG  1:2  trades=7  hit_rate=42.86%  total_pnl=-0.3 points
  [12sec] LONG  1:3  trades=7  hit_rate=42.86%  total_pnl=2.95 points
  [12sec] LONG  1:4  trades=7  hit_rate=42.86%  total_pnl=6.2 points
  [12sec] LONG  1:2  trades=1  hit_rate=100.0%  total_pnl=3.5 points
  [12sec] LONG  1:3  trades=1  hit_rate=100.0%  total_pnl=5.25 points
  [12sec] LONG  1:4  trades=1  hit_rate=100.0%  total_pnl=7.0 points
  [12sec] LONG  1:2  trades=6  hit_rate=50.0%  total_pnl=0.55 points
  [12sec] LONG  1:3  trades=6  hit_rate=50.0%  total_pnl=3.8 points
  [12sec] LONG  1:4  trades=6  hit_rate=50.0%  total_pnl=7.05 points
  [12sec] LONG  1:2  trades=1  hit_rate=100.0%  total_pnl=3.5 points
  [12sec] LONG  1:3  trades=1  hit_rate=100.0%  total_pnl=5.25 points
  [12sec] LONG  1:4  trades=1  hit_rate=100.0%  total_pnl=7.0 points
  [12sec] LONG  1:2  trades=6  hit_rate=50.0%  total_pnl=2.25 points
  [12sec] LONG  1:3  trades=6  hit_rate=50.0%  total_pnl=5.5 points
  [12sec] LONG  1:4  trades=6  hit_rate=50.0%  total_pnl=8.75 points
  [12sec] LONG  1:2  trades=1  hit_rate=100.0%  total_pnl=3.5 points
  [12sec] LONG  1:3  trades=1  hit_rate=100.0%  total_pnl=5.25 points
  [12sec] LONG  1:4  trades=1  hit_rate=100.0%  total_pnl=7.0 points
  [12sec] LONG  1:2  trades=5  hit_rate=60.0%  total_pnl=3.1 points
  [12sec] LONG  1:3  trades=5  hit_rate=60.0%  total_pnl=6.35 points
  [12sec] LONG  1:4  trades=5  hit_rate=60.0%  total_pnl=9.6 points
  [12sec] LONG  1:2  trades=1  hit_rate=100.0%  total_pnl=3.5 points
  [12sec] LONG  1:3  trades=1  hit_rate=100.0%  total_pnl=5.25 points
  [12sec] LONG  1:4  trades=1  hit_rate=100.0%  total_pnl=7.0 points
  [12sec] LONG  1:2  trades=6  hit_rate=50.0%  total_pnl=2.25 points
  [12sec] LONG  1:3  trades=6  hit_rate=50.0%  total_pnl=5.5 points
  [12sec] LONG  1:4  trades=6  hit_rate=50.0%  total_pnl=8.75 points
  [12sec] LONG  1:2  trades=1  hit_rate=100.0%  total_pnl=3.5 points
  [12sec] LONG  1:3  trades=1  hit_rate=100.0%  total_pnl=5.25 points
  [12sec] LONG  1:4  trades=1  hit_rate=100.0%  total_pnl=7.0 points
  [12sec] LONG  1:2  trades=5  hit_rate=60.0%  total_pnl=3.1 points
  [12sec] LONG  1:3  trades=5  hit_rate=60.0%  total_pnl=6.35 points
  [12sec] LONG  1:4  trades=5  hit_rate=60.0%  total_pnl=9.6 points
  [12sec] LONG  1:2  trades=1  hit_rate=100.0%  total_pnl=3.5 points
  [12sec] LONG  1:3  trades=1  hit_rate=100.0%  total_pnl=5.25 points
  [12sec] LONG  1:4  trades=1  hit_rate=100.0%  total_pnl=7.0 points
  [12sec] LONG  1:2  trades=5  hit_rate=60.0%  total_pnl=3.1 points
  [12sec] LONG  1:3  trades=5  hit_rate=60.0%  total_pnl=6.35 points
  [12sec] LONG  1:4  trades=5  hit_rate=60.0%  total_pnl=9.6 points
  [12sec] LONG  1:2  trades=1  hit_rate=100.0%  total_pnl=3.5 points
  [12sec] LONG  1:3  trades=1  hit_rate=100.0%  total_pnl=5.25 points
  [12sec] LONG  1:4  trades=1  hit_rate=100.0%  total_pnl=7.0 points
  [12sec] LONG  1:2  trades=5  hit_rate=60.0%  total_pnl=3.1 points
  [12sec] LONG  1:3  trades=5  hit_rate=60.0%  total_pnl=6.35 points
  [12sec] LONG  1:4  trades=5  hit_rate=60.0%  total_pnl=9.6 points
  [12sec] LONG  1:2  trades=1  hit_rate=100.0%  total_pnl=3.5 points
  [12sec] LONG  1:3  trades=1  hit_rate=100.0%  total_pnl=5.25 points
  [12sec] LONG  1:4  trades=1  hit_rate=100.0%  total_pnl=7.0 points
  [12sec] LONG  1:2  trades=5  hit_rate=60.0%  total_pnl=3.1 points
  [12sec] LONG  1:3  trades=5  hit_rate=60.0%  total_pnl=6.35 points
  [12sec] LONG  1:4  trades=5  hit_rate=60.0%  total_pnl=9.6 points
  [12sec] LONG  1:2  trades=1  hit_rate=100.0%  total_pnl=3.5 points
  [12sec] LONG  1:3  trades=1  hit_rate=100.0%  total_pnl=5.25 points
  [12sec] LONG  1:4  trades=1  hit_rate=100.0%  total_pnl=7.0 points
  [12sec] LONG  1:2  trades=5  hit_rate=60.0%  total_pnl=3.1 points
  [12sec] LONG  1:3  trades=5  hit_rate=60.0%  total_pnl=6.35 points
  [12sec] LONG  1:4  trades=5  hit_rate=60.0%  total_pnl=9.6 points
  [12sec] LONG  1:2  trades=1  hit_rate=100.0%  total_pnl=3.5 points
  [12sec] LONG  1:3  trades=1  hit_rate=100.0%  total_pnl=5.25 points
  [12sec] LONG  1:4  trades=1  hit_rate=100.0%  total_pnl=7.0 points
  [12sec] LONG  1:2  trades=5  hit_rate=60.0%  total_pnl=3.1 points
  [12sec] LONG  1:3  trades=5  hit_rate=60.0%  total_pnl=6.35 points
  [12sec] LONG  1:4  trades=5  hit_rate=60.0%  total_pnl=9.6 points
  [12sec] LONG  1:2  trades=1  hit_rate=100.0%  total_pnl=3.5 points
  [12sec] LONG  1:3  trades=1  hit_rate=100.0%  total_pnl=5.25 points
  [12sec] LONG  1:4  trades=1  hit_rate=100.0%  total_pnl=7.0 points
  [12sec] LONG  1:2  trades=5  hit_rate=60.0%  total_pnl=3.1 points
  [12sec] LONG  1:3  trades=5  hit_rate=60.0%  total_pnl=6.35 points
  [12sec] LONG  1:4  trades=5  hit_rate=60.0%  total_pnl=9.6 points
  [12sec] LONG  1:2  trades=1  hit_rate=100.0%  total_pnl=3.5 points
  [12sec] LONG  1:3  trades=1  hit_rate=100.0%  total_pnl=5.25 points
  [12sec] LONG  1:4  trades=1  hit_rate=100.0%  total_pnl=7.0 points
  [12sec] LONG  1:2  trades=4  hit_rate=75.0%  total_pnl=5.1 points
  [12sec] LONG  1:3  trades=4  hit_rate=75.0%  total_pnl=8.35 points
  [12sec] LONG  1:4  trades=4  hit_rate=75.0%  total_pnl=11.6 points
  [12sec] LONG  1:2  trades=1  hit_rate=100.0%  total_pnl=3.5 points
  [12sec] LONG  1:3  trades=1  hit_rate=100.0%  total_pnl=5.25 points
  [12sec] LONG  1:4  trades=1  hit_rate=100.0%  total_pnl=7.0 points
  [12sec] LONG  1:2  trades=4  hit_rate=75.0%  total_pnl=5.1 points
  [12sec] LONG  1:3  trades=4  hit_rate=75.0%  total_pnl=8.35 points
  [12sec] LONG  1:4  trades=4  hit_rate=75.0%  total_pnl=11.6 points
  [12sec] LONG  1:2  trades=1  hit_rate=100.0%  total_pnl=3.5 points
  [12sec] LONG  1:3  trades=1  hit_rate=100.0%  total_pnl=5.25 points
  [12sec] LONG  1:4  trades=1  hit_rate=100.0%  total_pnl=7.0 points
  [12sec] LONG  1:2  trades=4  hit_rate=75.0%  total_pnl=5.1 points
  [12sec] LONG  1:3  trades=4  hit_rate=75.0%  total_pnl=8.35 points
  [12sec] LONG  1:4  trades=4  hit_rate=75.0%  total_pnl=11.6 points
  [12sec] LONG  1:2  trades=1  hit_rate=100.0%  total_pnl=3.5 points
  [12sec] LONG  1:3  trades=1  hit_rate=100.0%  total_pnl=5.25 points
  [12sec] LONG  1:4  trades=1  hit_rate=100.0%  total_pnl=7.0 points
  [12sec] LONG  1:2  trades=4  hit_rate=75.0%  total_pnl=5.1 points
  [12sec] LONG  1:3  trades=4  hit_rate=75.0%  total_pnl=8.35 points
  [12sec] LONG  1:4  trades=4  hit_rate=75.0%  total_pnl=11.6 points
  [12sec] LONG  1:2  trades=1  hit_rate=100.0%  total_pnl=3.5 points
  [12sec] LONG  1:3  trades=1  hit_rate=100.0%  total_pnl=5.25 points
  [12sec] LONG  1:4  trades=1  hit_rate=100.0%  total_pnl=7.0 points
  [1min] LONG  1:2  trades=4  hit_rate=50.0%  total_pnl=13.3 points
  [1min] LONG  1:3  trades=4  hit_rate=50.0%  total_pnl=22.35 points
  [1min] LONG  1:4  trades=4  hit_rate=50.0%  total_pnl=31.4 points
  [1min] LONG  1:2  trades=1  hit_rate=100.0%  total_pnl=4.0 points
  [1min] LONG  1:3  trades=1  hit_rate=100.0%  total_pnl=6.0 points
  [1min] LONG  1:4  trades=1  hit_rate=100.0%  total_pnl=8.0 points
  [1min] LONG  1:2  trades=5  hit_rate=40.0%  total_pnl=11.0 points
  [1min] LONG  1:3  trades=5  hit_rate=40.0%  total_pnl=20.05 points
  [1min] LONG  1:4  trades=5  hit_rate=40.0%  total_pnl=29.1 points
  [1min] LONG  1:2  trades=1  hit_rate=100.0%  total_pnl=4.0 points
  [1min] LONG  1:3  trades=1  hit_rate=100.0%  total_pnl=6.0 points
  [1min] LONG  1:4  trades=1  hit_rate=100.0%  total_pnl=8.0 points
  [1min] LONG  1:2  trades=2  hit_rate=100.0%  total_pnl=18.1 points
  [1min] LONG  1:3  trades=2  hit_rate=100.0%  total_pnl=27.15 points
  [1min] LONG  1:4  trades=2  hit_rate=100.0%  total_pnl=36.2 points
  [1min] LONG  1:2  trades=1  hit_rate=100.0%  total_pnl=4.0 points
  [1min] LONG  1:3  trades=1  hit_rate=100.0%  total_pnl=6.0 points
  [1min] LONG  1:4  trades=1  hit_rate=100.0%  total_pnl=8.0 points
  [1min] LONG  1:2  trades=2  hit_rate=100.0%  total_pnl=18.1 points
  [1min] LONG  1:3  trades=2  hit_rate=100.0%  total_pnl=27.15 points
  [1min] LONG  1:4  trades=2  hit_rate=100.0%  total_pnl=36.2 points
  [1min] LONG  1:2  trades=1  hit_rate=100.0%  total_pnl=4.0 points
  [1min] LONG  1:3  trades=1  hit_rate=100.0%  total_pnl=6.0 points
  [1min] LONG  1:4  trades=1  hit_rate=100.0%  total_pnl=8.0 points
  [1min] LONG  1:2  trades=2  hit_rate=100.0%  total_pnl=18.1 points
  [1min] LONG  1:3  trades=2  hit_rate=100.0%  total_pnl=27.15 points
  [1min] LONG  1:4  trades=2  hit_rate=100.0%  total_pnl=36.2 points
  [1min] LONG  1:2  trades=1  hit_rate=100.0%  total_pnl=4.0 points
  [1min] LONG  1:3  trades=1  hit_rate=100.0%  total_pnl=6.0 points
  [1min] LONG  1:4  trades=1  hit_rate=100.0%  total_pnl=8.0 points
  [1min] LONG  1:2  trades=2  hit_rate=100.0%  total_pnl=18.1 points
  [1min] LONG  1:3  trades=2  hit_rate=100.0%  total_pnl=27.15 points
  [1min] LONG  1:4  trades=2  hit_rate=100.0%  total_pnl=36.2 points
  [1min] LONG  1:2  trades=1  hit_rate=100.0%  total_pnl=4.0 points
  [1min] LONG  1:3  trades=1  hit_rate=100.0%  total_pnl=6.0 points
  [1min] LONG  1:4  trades=1  hit_rate=100.0%  total_pnl=8.0 points
  [1min] LONG  1:2  trades=2  hit_rate=100.0%  total_pnl=18.1 points
  [1min] LONG  1:3  trades=2  hit_rate=100.0%  total_pnl=27.15 points
  [1min] LONG  1:4  trades=2  hit_rate=100.0%  total_pnl=36.2 points
  [1min] LONG  1:2  trades=1  hit_rate=100.0%  total_pnl=4.0 points
  [1min] LONG  1:3  trades=1  hit_rate=100.0%  total_pnl=6.0 points
  [1min] LONG  1:4  trades=1  hit_rate=100.0%  total_pnl=8.0 points
  [1min] LONG  1:2  trades=2  hit_rate=100.0%  total_pnl=18.1 points
  [1min] LONG  1:3  trades=2  hit_rate=100.0%  total_pnl=27.15 points
  [1min] LONG  1:4  trades=2  hit_rate=100.0%  total_pnl=36.2 points
  [1min] LONG  1:2  trades=1  hit_rate=100.0%  total_pnl=4.0 points
  [1min] LONG  1:3  trades=1  hit_rate=100.0%  total_pnl=6.0 points
  [1min] LONG  1:4  trades=1  hit_rate=100.0%  total_pnl=8.0 points
  [1min] LONG  1:2  trades=2  hit_rate=100.0%  total_pnl=18.1 points
  [1min] LONG  1:3  trades=2  hit_rate=100.0%  total_pnl=27.15 points
  [1min] LONG  1:4  trades=2  hit_rate=100.0%  total_pnl=36.2 points
  [1min] LONG  1:2  trades=1  hit_rate=100.0%  total_pnl=4.0 points
  [1min] LONG  1:3  trades=1  hit_rate=100.0%  total_pnl=6.0 points
  [1min] LONG  1:4  trades=1  hit_rate=100.0%  total_pnl=8.0 points
  [1min] LONG  1:2  trades=2  hit_rate=100.0%  total_pnl=18.1 points
  [1min] LONG  1:3  trades=2  hit_rate=100.0%  total_pnl=27.15 points
  [1min] LONG  1:4  trades=2  hit_rate=100.0%  total_pnl=36.2 points
  [1min] LONG  1:2  trades=1  hit_rate=100.0%  total_pnl=4.0 points
  [1min] LONG  1:3  trades=1  hit_rate=100.0%  total_pnl=6.0 points
  [1min] LONG  1:4  trades=1  hit_rate=100.0%  total_pnl=8.0 points
  [1min] LONG  1:2  trades=1  hit_rate=100.0%  total_pnl=14.1 points
  [1min] LONG  1:3  trades=1  hit_rate=100.0%  total_pnl=21.15 points
  [1min] LONG  1:4  trades=1  hit_rate=100.0%  total_pnl=28.2 points
  [1min] LONG  1:2  trades=1  hit_rate=100.0%  total_pnl=14.1 points
  [1min] LONG  1:3  trades=1  hit_rate=100.0%  total_pnl=21.15 points
  [1min] LONG  1:4  trades=1  hit_rate=100.0%  total_pnl=28.2 points
  [1min] LONG  1:2  trades=4  hit_rate=50.0%  total_pnl=13.3 points
  [1min] LONG  1:3  trades=4  hit_rate=50.0%  total_pnl=22.35 points
  [1min] LONG  1:4  trades=4  hit_rate=50.0%  total_pnl=31.4 points
  [1min] LONG  1:2  trades=1  hit_rate=100.0%  total_pnl=4.0 points
  [1min] LONG  1:3  trades=1  hit_rate=100.0%  total_pnl=6.0 points
  [1min] LONG  1:4  trades=1  hit_rate=100.0%  total_pnl=8.0 points
  [1min] LONG  1:2  trades=4  hit_rate=50.0%  total_pnl=13.3 points
  [1min] LONG  1:3  trades=4  hit_rate=50.0%  total_pnl=22.35 points
  [1min] LONG  1:4  trades=4  hit_rate=50.0%  total_pnl=31.4 points
  [1min] LONG  1:2  trades=1  hit_rate=100.0%  total_pnl=4.0 points
  [1min] LONG  1:3  trades=1  hit_rate=100.0%  total_pnl=6.0 points
  [1min] LONG  1:4  trades=1  hit_rate=100.0%  total_pnl=8.0 points
  [1min] LONG  1:2  trades=3  hit_rate=66.67%  total_pnl=17.3 points
  [1min] LONG  1:3  trades=3  hit_rate=66.67%  total_pnl=26.35 points
  [1min] LONG  1:4  trades=3  hit_rate=66.67%  total_pnl=35.4 points
  [1min] LONG  1:2  trades=1  hit_rate=100.0%  total_pnl=4.0 points
  [1min] LONG  1:3  trades=1  hit_rate=100.0%  total_pnl=6.0 points
  [1min] LONG  1:4  trades=1  hit_rate=100.0%  total_pnl=8.0 points
  [1min] LONG  1:2  trades=3  hit_rate=66.67%  total_pnl=17.3 points
  [1min] LONG  1:3  trades=3  hit_rate=66.67%  total_pnl=26.35 points
  [1min] LONG  1:4  trades=3  hit_rate=66.67%  total_pnl=35.4 points
  [1min] LONG  1:2  trades=1  hit_rate=100.0%  total_pnl=4.0 points
  [1min] LONG  1:3  trades=1  hit_rate=100.0%  total_pnl=6.0 points
  [1min] LONG  1:4  trades=1  hit_rate=100.0%  total_pnl=8.0 points
  [1min] LONG  1:2  trades=3  hit_rate=66.67%  total_pnl=17.3 points
  [1min] LONG  1:3  trades=3  hit_rate=66.67%  total_pnl=26.35 points
  [1min] LONG  1:4  trades=3  hit_rate=66.67%  total_pnl=35.4 points
  [1min] LONG  1:2  trades=1  hit_rate=100.0%  total_pnl=4.0 points
  [1min] LONG  1:3  trades=1  hit_rate=100.0%  total_pnl=6.0 points
  [1min] LONG  1:4  trades=1  hit_rate=100.0%  total_pnl=8.0 points
  [1min] LONG  1:2  trades=3  hit_rate=66.67%  total_pnl=17.3 points
  [1min] LONG  1:3  trades=3  hit_rate=66.67%  total_pnl=26.35 points
  [1min] LONG  1:4  trades=3  hit_rate=66.67%  total_pnl=35.4 points
  [1min] LONG  1:2  trades=1  hit_rate=100.0%  total_pnl=4.0 points
  [1min] LONG  1:3  trades=1  hit_rate=100.0%  total_pnl=6.0 points
  [1min] LONG  1:4  trades=1  hit_rate=100.0%  total_pnl=8.0 points
  [1min] LONG  1:2  trades=2  hit_rate=100.0%  total_pnl=18.1 points
  [1min] LONG  1:3  trades=2  hit_rate=100.0%  total_pnl=27.15 points
  [1min] LONG  1:4  trades=2  hit_rate=100.0%  total_pnl=36.2 points
  [1min] LONG  1:2  trades=1  hit_rate=100.0%  total_pnl=4.0 points
  [1min] LONG  1:3  trades=1  hit_rate=100.0%  total_pnl=6.0 points
  [1min] LONG  1:4  trades=1  hit_rate=100.0%  total_pnl=8.0 points
  [1min] LONG  1:2  trades=2  hit_rate=100.0%  total_pnl=18.1 points
  [1min] LONG  1:3  trades=2  hit_rate=100.0%  total_pnl=27.15 points
  [1min] LONG  1:4  trades=2  hit_rate=100.0%  total_pnl=36.2 points
  [1min] LONG  1:2  trades=1  hit_rate=100.0%  total_pnl=4.0 points
  [1min] LONG  1:3  trades=1  hit_rate=100.0%  total_pnl=6.0 points
  [1min] LONG  1:4  trades=1  hit_rate=100.0%  total_pnl=8.0 points
  [1min] LONG  1:2  trades=2  hit_rate=100.0%  total_pnl=18.1 points
  [1min] LONG  1:3  trades=2  hit_rate=100.0%  total_pnl=27.15 points
  [1min] LONG  1:4  trades=2  hit_rate=100.0%  total_pnl=36.2 points
  [1min] LONG  1:2  trades=1  hit_rate=100.0%  total_pnl=4.0 points
  [1min] LONG  1:3  trades=1  hit_rate=100.0%  total_pnl=6.0 points
  [1min] LONG  1:4  trades=1  hit_rate=100.0%  total_pnl=8.0 points
  [1min] LONG  1:2  trades=2  hit_rate=100.0%  total_pnl=18.1 points
  [1min] LONG  1:3  trades=2  hit_rate=100.0%  total_pnl=27.15 points
  [1min] LONG  1:4  trades=2  hit_rate=100.0%  total_pnl=36.2 points
  [1min] LONG  1:2  trades=1  hit_rate=100.0%  total_pnl=4.0 points
  [1min] LONG  1:3  trades=1  hit_rate=100.0%  total_pnl=6.0 points
  [1min] LONG  1:4  trades=1  hit_rate=100.0%  total_pnl=8.0 points
  [1min] LONG  1:2  trades=2  hit_rate=100.0%  total_pnl=18.1 points
  [1min] LONG  1:3  trades=2  hit_rate=100.0%  total_pnl=27.15 points
  [1min] LONG  1:4  trades=2  hit_rate=100.0%  total_pnl=36.2 points
  [1min] LONG  1:2  trades=1  hit_rate=100.0%  total_pnl=4.0 points
  [1min] LONG  1:3  trades=1  hit_rate=100.0%  total_pnl=6.0 points
  [1min] LONG  1:4  trades=1  hit_rate=100.0%  total_pnl=8.0 points
  [1min] LONG  1:2  trades=2  hit_rate=100.0%  total_pnl=18.1 points
  [1min] LONG  1:3  trades=2  hit_rate=100.0%  total_pnl=27.15 points
  [1min] LONG  1:4  trades=2  hit_rate=100.0%  total_pnl=36.2 points
  [1min] LONG  1:2  trades=1  hit_rate=100.0%  total_pnl=4.0 points
  [1min] LONG  1:3  trades=1  hit_rate=100.0%  total_pnl=6.0 points
  [1min] LONG  1:4  trades=1  hit_rate=100.0%  total_pnl=8.0 points
  [1min] LONG  1:2  trades=2  hit_rate=100.0%  total_pnl=18.1 points
  [1min] LONG  1:3  trades=2  hit_rate=100.0%  total_pnl=27.15 points
  [1min] LONG  1:4  trades=2  hit_rate=100.0%  total_pnl=36.2 points
  [1min] LONG  1:2  trades=1  hit_rate=100.0%  total_pnl=4.0 points
  [1min] LONG  1:3  trades=1  hit_rate=100.0%  total_pnl=6.0 points
  [1min] LONG  1:4  trades=1  hit_rate=100.0%  total_pnl=8.0 points
  [1min] LONG  1:2  trades=2  hit_rate=100.0%  total_pnl=18.1 points
  [1min] LONG  1:3  trades=2  hit_rate=100.0%  total_pnl=27.15 points
  [1min] LONG  1:4  trades=2  hit_rate=100.0%  total_pnl=36.2 points
  [1min] LONG  1:2  trades=1  hit_rate=100.0%  total_pnl=4.0 points
  [1min] LONG  1:3  trades=1  hit_rate=100.0%  total_pnl=6.0 points
  [1min] LONG  1:4  trades=1  hit_rate=100.0%  total_pnl=8.0 points
  [1min] LONG  1:2  trades=2  hit_rate=100.0%  total_pnl=18.1 points
  [1min] LONG  1:3  trades=2  hit_rate=100.0%  total_pnl=27.15 points
  [1min] LONG  1:4  trades=2  hit_rate=100.0%  total_pnl=36.2 points
  [1min] LONG  1:2  trades=1  hit_rate=100.0%  total_pnl=4.0 points
  [1min] LONG  1:3  trades=1  hit_rate=100.0%  total_pnl=6.0 points
  [1min] LONG  1:4  trades=1  hit_rate=100.0%  total_pnl=8.0 points
  [1min] LONG  1:2  trades=2  hit_rate=100.0%  total_pnl=18.1 points
  [1min] LONG  1:3  trades=2  hit_rate=100.0%  total_pnl=27.15 points
  [1min] LONG  1:4  trades=2  hit_rate=100.0%  total_pnl=36.2 points
  [1min] LONG  1:2  trades=1  hit_rate=100.0%  total_pnl=4.0 points
  [1min] LONG  1:3  trades=1  hit_rate=100.0%  total_pnl=6.0 points
  [1min] LONG  1:4  trades=1  hit_rate=100.0%  total_pnl=8.0 points
  [1min] LONG  1:2  trades=2  hit_rate=100.0%  total_pnl=18.1 points
  [1min] LONG  1:3  trades=2  hit_rate=100.0%  total_pnl=27.15 points
  [1min] LONG  1:4  trades=2  hit_rate=100.0%  total_pnl=36.2 points
  [1min] LONG  1:2  trades=1  hit_rate=100.0%  total_pnl=4.0 points
  [1min] LONG  1:3  trades=1  hit_rate=100.0%  total_pnl=6.0 points
  [1min] LONG  1:4  trades=1  hit_rate=100.0%  total_pnl=8.0 points
  [1min] LONG  1:2  trades=2  hit_rate=100.0%  total_pnl=18.1 points
  [1min] LONG  1:3  trades=2  hit_rate=100.0%  total_pnl=27.15 points
  [1min] LONG  1:4  trades=2  hit_rate=100.0%  total_pnl=36.2 points
  [1min] LONG  1:2  trades=1  hit_rate=100.0%  total_pnl=4.0 points
  [1min] LONG  1:3  trades=1  hit_rate=100.0%  total_pnl=6.0 points
  [1min] LONG  1:4  trades=1  hit_rate=100.0%  total_pnl=8.0 points
  [1min] LONG  1:2  trades=2  hit_rate=100.0%  total_pnl=18.1 points
  [1min] LONG  1:3  trades=2  hit_rate=100.0%  total_pnl=27.15 points
  [1min] LONG  1:4  trades=2  hit_rate=100.0%  total_pnl=36.2 points
  [1min] LONG  1:2  trades=1  hit_rate=100.0%  total_pnl=4.0 points
  [1min] LONG  1:3  trades=1  hit_rate=100.0%  total_pnl=6.0 points
  [1min] LONG  1:4  trades=1  hit_rate=100.0%  total_pnl=8.0 points
  [1min] LONG  1:2  trades=2  hit_rate=100.0%  total_pnl=18.1 points
  [1min] LONG  1:3  trades=2  hit_rate=100.0%  total_pnl=27.15 points
  [1min] LONG  1:4  trades=2  hit_rate=100.0%  total_pnl=36.2 points
  [1min] LONG  1:2  trades=1  hit_rate=100.0%  total_pnl=4.0 points
  [1min] LONG  1:3  trades=1  hit_rate=100.0%  total_pnl=6.0 points
  [1min] LONG  1:4  trades=1  hit_rate=100.0%  total_pnl=8.0 points
  [1min] LONG  1:2  trades=1  hit_rate=100.0%  total_pnl=4.0 points
  [1min] LONG  1:3  trades=1  hit_rate=100.0%  total_pnl=6.0 points
  [1min] LONG  1:4  trades=1  hit_rate=100.0%  total_pnl=8.0 points
  [1min] LONG  1:2  trades=1  hit_rate=100.0%  total_pnl=4.0 points
  [1min] LONG  1:3  trades=1  hit_rate=100.0%  total_pnl=6.0 points
  [1min] LONG  1:4  trades=1  hit_rate=100.0%  total_pnl=8.0 points
  [1min] LONG  1:2  trades=1  hit_rate=100.0%  total_pnl=4.0 points
  [1min] LONG  1:3  trades=1  hit_rate=100.0%  total_pnl=6.0 points
  [1min] LONG  1:4  trades=1  hit_rate=100.0%  total_pnl=8.0 points
  [1min] LONG  1:2  trades=1  hit_rate=100.0%  total_pnl=4.0 points
  [1min] LONG  1:3  trades=1  hit_rate=100.0%  total_pnl=6.0 points
  [1min] LONG  1:4  trades=1  hit_rate=100.0%  total_pnl=8.0 points
  [1min] LONG  1:2  trades=4  hit_rate=50.0%  total_pnl=11.9 points
  [1min] LONG  1:3  trades=4  hit_rate=50.0%  total_pnl=20.95 points
  [1min] LONG  1:4  trades=4  hit_rate=50.0%  total_pnl=30.0 points
  [1min] LONG  1:2  trades=1  hit_rate=100.0%  total_pnl=4.0 points
  [1min] LONG  1:3  trades=1  hit_rate=100.0%  total_pnl=6.0 points
  [1min] LONG  1:4  trades=1  hit_rate=100.0%  total_pnl=8.0 points
  [1min] LONG  1:2  trades=4  hit_rate=50.0%  total_pnl=11.9 points
  [1min] LONG  1:3  trades=4  hit_rate=50.0%  total_pnl=20.95 points
  [1min] LONG  1:4  trades=4  hit_rate=50.0%  total_pnl=30.0 points
  [1min] LONG  1:2  trades=1  hit_rate=100.0%  total_pnl=4.0 points
  [1min] LONG  1:3  trades=1  hit_rate=100.0%  total_pnl=6.0 points
  [1min] LONG  1:4  trades=1  hit_rate=100.0%  total_pnl=8.0 points
  [1min] LONG  1:2  trades=4  hit_rate=50.0%  total_pnl=11.9 points
  [1min] LONG  1:3  trades=4  hit_rate=50.0%  total_pnl=20.95 points
  [1min] LONG  1:4  trades=4  hit_rate=50.0%  total_pnl=30.0 points
  [1min] LONG  1:2  trades=1  hit_rate=100.0%  total_pnl=4.0 points
  [1min] LONG  1:3  trades=1  hit_rate=100.0%  total_pnl=6.0 points
  [1min] LONG  1:4  trades=1  hit_rate=100.0%  total_pnl=8.0 points
  [1min] LONG  1:2  trades=4  hit_rate=50.0%  total_pnl=11.9 points
  [1min] LONG  1:3  trades=4  hit_rate=50.0%  total_pnl=20.95 points
  [1min] LONG  1:4  trades=4  hit_rate=50.0%  total_pnl=30.0 points
  [1min] LONG  1:2  trades=1  hit_rate=100.0%  total_pnl=4.0 points
  [1min] LONG  1:3  trades=1  hit_rate=100.0%  total_pnl=6.0 points
  [1min] LONG  1:4  trades=1  hit_rate=100.0%  total_pnl=8.0 points
  [1min] LONG  1:2  trades=4  hit_rate=50.0%  total_pnl=11.9 points
  [1min] LONG  1:3  trades=4  hit_rate=50.0%  total_pnl=20.95 points
  [1min] LONG  1:4  trades=4  hit_rate=50.0%  total_pnl=30.0 points
  [1min] LONG  1:2  trades=1  hit_rate=100.0%  total_pnl=4.0 points
  [1min] LONG  1:3  trades=1  hit_rate=100.0%  total_pnl=6.0 points
  [1min] LONG  1:4  trades=1  hit_rate=100.0%  total_pnl=8.0 points
  [1min] LONG  1:2  trades=4  hit_rate=50.0%  total_pnl=11.9 points
  [1min] LONG  1:3  trades=4  hit_rate=50.0%  total_pnl=20.95 points
  [1min] LONG  1:4  trades=4  hit_rate=50.0%  total_pnl=30.0 points
  [1min] LONG  1:2  trades=1  hit_rate=100.0%  total_pnl=4.0 points
  [1min] LONG  1:3  trades=1  hit_rate=100.0%  total_pnl=6.0 points
  [1min] LONG  1:4  trades=1  hit_rate=100.0%  total_pnl=8.0 points
  [1min] LONG  1:2  trades=4  hit_rate=50.0%  total_pnl=11.9 points
  [1min] LONG  1:3  trades=4  hit_rate=50.0%  total_pnl=20.95 points
  [1min] LONG  1:4  trades=4  hit_rate=50.0%  total_pnl=30.0 points
  [1min] LONG  1:2  trades=1  hit_rate=100.0%  total_pnl=4.0 points
  [1min] LONG  1:3  trades=1  hit_rate=100.0%  total_pnl=6.0 points
  [1min] LONG  1:4  trades=1  hit_rate=100.0%  total_pnl=8.0 points
  [1min] LONG  1:2  trades=4  hit_rate=50.0%  total_pnl=11.9 points
  [1min] LONG  1:3  trades=4  hit_rate=50.0%  total_pnl=20.95 points
  [1min] LONG  1:4  trades=4  hit_rate=50.0%  total_pnl=30.0 points
  [1min] LONG  1:2  trades=1  hit_rate=100.0%  total_pnl=4.0 points
  [1min] LONG  1:3  trades=1  hit_rate=100.0%  total_pnl=6.0 points
  [1min] LONG  1:4  trades=1  hit_rate=100.0%  total_pnl=8.0 points
  [1min] LONG  1:2  trades=3  hit_rate=66.67%  total_pnl=12.7 points
  [1min] LONG  1:3  trades=3  hit_rate=66.67%  total_pnl=21.75 points
  [1min] LONG  1:4  trades=3  hit_rate=66.67%  total_pnl=30.8 points
  [1min] LONG  1:2  trades=1  hit_rate=100.0%  total_pnl=4.0 points
  [1min] LONG  1:3  trades=1  hit_rate=100.0%  total_pnl=6.0 points
  [1min] LONG  1:4  trades=1  hit_rate=100.0%  total_pnl=8.0 points
  [1min] LONG  1:2  trades=3  hit_rate=66.67%  total_pnl=12.7 points
  [1min] LONG  1:3  trades=3  hit_rate=66.67%  total_pnl=21.75 points
  [1min] LONG  1:4  trades=3  hit_rate=66.67%  total_pnl=30.8 points
  [1min] LONG  1:2  trades=1  hit_rate=100.0%  total_pnl=4.0 points
  [1min] LONG  1:3  trades=1  hit_rate=100.0%  total_pnl=6.0 points
  [1min] LONG  1:4  trades=1  hit_rate=100.0%  total_pnl=8.0 points
  [1min] LONG  1:2  trades=2  hit_rate=100.0%  total_pnl=18.1 points
  [1min] LONG  1:3  trades=2  hit_rate=100.0%  total_pnl=27.15 points
  [1min] LONG  1:4  trades=2  hit_rate=100.0%  total_pnl=36.2 points
  [1min] LONG  1:2  trades=1  hit_rate=100.0%  total_pnl=4.0 points
  [1min] LONG  1:3  trades=1  hit_rate=100.0%  total_pnl=6.0 points
  [1min] LONG  1:4  trades=1  hit_rate=100.0%  total_pnl=8.0 points
  [1min] LONG  1:2  trades=2  hit_rate=100.0%  total_pnl=18.1 points
  [1min] LONG  1:3  trades=2  hit_rate=100.0%  total_pnl=27.15 points
  [1min] LONG  1:4  trades=2  hit_rate=100.0%  total_pnl=36.2 points
  [1min] LONG  1:2  trades=1  hit_rate=100.0%  total_pnl=4.0 points
  [1min] LONG  1:3  trades=1  hit_rate=100.0%  total_pnl=6.0 points
  [1min] LONG  1:4  trades=1  hit_rate=100.0%  total_pnl=8.0 points
  [1min] LONG  1:2  trades=2  hit_rate=100.0%  total_pnl=18.1 points
  [1min] LONG  1:3  trades=2  hit_rate=100.0%  total_pnl=27.15 points
  [1min] LONG  1:4  trades=2  hit_rate=100.0%  total_pnl=36.2 points
  [1min] LONG  1:2  trades=1  hit_rate=100.0%  total_pnl=4.0 points
  [1min] LONG  1:3  trades=1  hit_rate=100.0%  total_pnl=6.0 points
  [1min] LONG  1:4  trades=1  hit_rate=100.0%  total_pnl=8.0 points
  [1min] LONG  1:2  trades=2  hit_rate=100.0%  total_pnl=18.1 points
  [1min] LONG  1:3  trades=2  hit_rate=100.0%  total_pnl=27.15 points
  [1min] LONG  1:4  trades=2  hit_rate=100.0%  total_pnl=36.2 points
  [1min] LONG  1:2  trades=1  hit_rate=100.0%  total_pnl=4.0 points
  [1min] LONG  1:3  trades=1  hit_rate=100.0%  total_pnl=6.0 points
  [1min] LONG  1:4  trades=1  hit_rate=100.0%  total_pnl=8.0 points
  [1min] LONG  1:2  trades=2  hit_rate=100.0%  total_pnl=18.1 points
  [1min] LONG  1:3  trades=2  hit_rate=100.0%  total_pnl=27.15 points
  [1min] LONG  1:4  trades=2  hit_rate=100.0%  total_pnl=36.2 points
  [1min] LONG  1:2  trades=1  hit_rate=100.0%  total_pnl=4.0 points
  [1min] LONG  1:3  trades=1  hit_rate=100.0%  total_pnl=6.0 points
  [1min] LONG  1:4  trades=1  hit_rate=100.0%  total_pnl=8.0 points
  [1min] LONG  1:2  trades=2  hit_rate=100.0%  total_pnl=18.1 points
  [1min] LONG  1:3  trades=2  hit_rate=100.0%  total_pnl=27.15 points
  [1min] LONG  1:4  trades=2  hit_rate=100.0%  total_pnl=36.2 points
  [1min] LONG  1:2  trades=1  hit_rate=100.0%  total_pnl=4.0 points
  [1min] LONG  1:3  trades=1  hit_rate=100.0%  total_pnl=6.0 points
  [1min] LONG  1:4  trades=1  hit_rate=100.0%  total_pnl=8.0 points
  [1min] LONG  1:2  trades=2  hit_rate=100.0%  total_pnl=18.1 points
  [1min] LONG  1:3  trades=2  hit_rate=100.0%  total_pnl=27.15 points
  [1min] LONG  1:4  trades=2  hit_rate=100.0%  total_pnl=36.2 points
  [1min] LONG  1:2  trades=1  hit_rate=100.0%  total_pnl=4.0 points
  [1min] LONG  1:3  trades=1  hit_rate=100.0%  total_pnl=6.0 points
  [1min] LONG  1:4  trades=1  hit_rate=100.0%  total_pnl=8.0 points
  [1min] LONG  1:2  trades=2  hit_rate=100.0%  total_pnl=18.1 points
  [1min] LONG  1:3  trades=2  hit_rate=100.0%  total_pnl=27.15 points
  [1min] LONG  1:4  trades=2  hit_rate=100.0%  total_pnl=36.2 points
  [1min] LONG  1:2  trades=1  hit_rate=100.0%  total_pnl=4.0 points
  [1min] LONG  1:3  trades=1  hit_rate=100.0%  total_pnl=6.0 points
  [1min] LONG  1:4  trades=1  hit_rate=100.0%  total_pnl=8.0 points
  [1min] LONG  1:2  trades=2  hit_rate=100.0%  total_pnl=18.1 points
  [1min] LONG  1:3  trades=2  hit_rate=100.0%  total_pnl=27.15 points
  [1min] LONG  1:4  trades=2  hit_rate=100.0%  total_pnl=36.2 points
  [1min] LONG  1:2  trades=1  hit_rate=100.0%  total_pnl=4.0 points
  [1min] LONG  1:3  trades=1  hit_rate=100.0%  total_pnl=6.0 points
  [1min] LONG  1:4  trades=1  hit_rate=100.0%  total_pnl=8.0 points
  [1min] LONG  1:2  trades=2  hit_rate=100.0%  total_pnl=18.1 points
  [1min] LONG  1:3  trades=2  hit_rate=100.0%  total_pnl=27.15 points
  [1min] LONG  1:4  trades=2  hit_rate=100.0%  total_pnl=36.2 points
  [1min] LONG  1:2  trades=1  hit_rate=100.0%  total_pnl=4.0 points
  [1min] LONG  1:3  trades=1  hit_rate=100.0%  total_pnl=6.0 points
  [1min] LONG  1:4  trades=1  hit_rate=100.0%  total_pnl=8.0 points
  [1min] LONG  1:2  trades=2  hit_rate=100.0%  total_pnl=18.1 points
  [1min] LONG  1:3  trades=2  hit_rate=100.0%  total_pnl=27.15 points
  [1min] LONG  1:4  trades=2  hit_rate=100.0%  total_pnl=36.2 points
  [1min] LONG  1:2  trades=1  hit_rate=100.0%  total_pnl=4.0 points
  [1min] LONG  1:3  trades=1  hit_rate=100.0%  total_pnl=6.0 points
  [1min] LONG  1:4  trades=1  hit_rate=100.0%  total_pnl=8.0 points
  [1min] LONG  1:2  trades=2  hit_rate=100.0%  total_pnl=18.1 points
  [1min] LONG  1:3  trades=2  hit_rate=100.0%  total_pnl=27.15 points
  [1min] LONG  1:4  trades=2  hit_rate=100.0%  total_pnl=36.2 points
  [1min] LONG  1:2  trades=1  hit_rate=100.0%  total_pnl=4.0 points
  [1min] LONG  1:3  trades=1  hit_rate=100.0%  total_pnl=6.0 points
  [1min] LONG  1:4  trades=1  hit_rate=100.0%  total_pnl=8.0 points
  [1min] LONG  1:2  trades=2  hit_rate=100.0%  total_pnl=18.1 points
  [1min] LONG  1:3  trades=2  hit_rate=100.0%  total_pnl=27.15 points
  [1min] LONG  1:4  trades=2  hit_rate=100.0%  total_pnl=36.2 points
  [1min] LONG  1:2  trades=1  hit_rate=100.0%  total_pnl=4.0 points
  [1min] LONG  1:3  trades=1  hit_rate=100.0%  total_pnl=6.0 points
  [1min] LONG  1:4  trades=1  hit_rate=100.0%  total_pnl=8.0 points
  [1min] LONG  1:2  trades=2  hit_rate=100.0%  total_pnl=18.1 points
  [1min] LONG  1:3  trades=2  hit_rate=100.0%  total_pnl=27.15 points
  [1min] LONG  1:4  trades=2  hit_rate=100.0%  total_pnl=36.2 points
  [1min] LONG  1:2  trades=1  hit_rate=100.0%  total_pnl=4.0 points
  [1min] LONG  1:3  trades=1  hit_rate=100.0%  total_pnl=6.0 points
  [1min] LONG  1:4  trades=1  hit_rate=100.0%  total_pnl=8.0 points
  [1min] LONG  1:2  trades=2  hit_rate=100.0%  total_pnl=18.1 points
  [1min] LONG  1:3  trades=2  hit_rate=100.0%  total_pnl=27.15 points
  [1min] LONG  1:4  trades=2  hit_rate=100.0%  total_pnl=36.2 points
  [1min] LONG  1:2  trades=1  hit_rate=100.0%  total_pnl=4.0 points
  [1min] LONG  1:3  trades=1  hit_rate=100.0%  total_pnl=6.0 points
  [1min] LONG  1:4  trades=1  hit_rate=100.0%  total_pnl=8.0 points
  [1min] LONG  1:2  trades=2  hit_rate=100.0%  total_pnl=18.1 points
  [1min] LONG  1:3  trades=2  hit_rate=100.0%  total_pnl=27.15 points
  [1min] LONG  1:4  trades=2  hit_rate=100.0%  total_pnl=36.2 points
  [1min] LONG  1:2  trades=1  hit_rate=100.0%  total_pnl=4.0 points
  [1min] LONG  1:3  trades=1  hit_rate=100.0%  total_pnl=6.0 points
  [1min] LONG  1:4  trades=1  hit_rate=100.0%  total_pnl=8.0 points
  [1min] LONG  1:2  trades=2  hit_rate=100.0%  total_pnl=18.1 points
  [1min] LONG  1:3  trades=2  hit_rate=100.0%  total_pnl=27.15 points
  [1min] LONG  1:4  trades=2  hit_rate=100.0%  total_pnl=36.2 points
  [1min] LONG  1:2  trades=1  hit_rate=100.0%  total_pnl=4.0 points
  [1min] LONG  1:3  trades=1  hit_rate=100.0%  total_pnl=6.0 points
  [1min] LONG  1:4  trades=1  hit_rate=100.0%  total_pnl=8.0 points
  [1min] LONG  1:2  trades=2  hit_rate=100.0%  total_pnl=18.1 points
  [1min] LONG  1:3  trades=2  hit_rate=100.0%  total_pnl=27.15 points
  [1min] LONG  1:4  trades=2  hit_rate=100.0%  total_pnl=36.2 points
  [1min] LONG  1:2  trades=1  hit_rate=100.0%  total_pnl=4.0 points
  [1min] LONG  1:3  trades=1  hit_rate=100.0%  total_pnl=6.0 points
  [1min] LONG  1:4  trades=1  hit_rate=100.0%  total_pnl=8.0 points
  [1min] LONG  1:2  trades=2  hit_rate=100.0%  total_pnl=18.1 points
  [1min] LONG  1:3  trades=2  hit_rate=100.0%  total_pnl=27.15 points
  [1min] LONG  1:4  trades=2  hit_rate=100.0%  total_pnl=36.2 points
  [1min] LONG  1:2  trades=1  hit_rate=100.0%  total_pnl=4.0 points
  [1min] LONG  1:3  trades=1  hit_rate=100.0%  total_pnl=6.0 points
  [1min] LONG  1:4  trades=1  hit_rate=100.0%  total_pnl=8.0 points
  [1min] LONG  1:2  trades=2  hit_rate=100.0%  total_pnl=18.1 points
  [1min] LONG  1:3  trades=2  hit_rate=100.0%  total_pnl=27.15 points
  [1min] LONG  1:4  trades=2  hit_rate=100.0%  total_pnl=36.2 points
  [1min] LONG  1:2  trades=1  hit_rate=100.0%  total_pnl=4.0 points
  [1min] LONG  1:3  trades=1  hit_rate=100.0%  total_pnl=6.0 points
  [1min] LONG  1:4  trades=1  hit_rate=100.0%  total_pnl=8.0 points
  [1min] LONG  1:2  trades=2  hit_rate=100.0%  total_pnl=18.1 points
  [1min] LONG  1:3  trades=2  hit_rate=100.0%  total_pnl=27.15 points
  [1min] LONG  1:4  trades=2  hit_rate=100.0%  total_pnl=36.2 points
  [1min] LONG  1:2  trades=1  hit_rate=100.0%  total_pnl=4.0 points
  [1min] LONG  1:3  trades=1  hit_rate=100.0%  total_pnl=6.0 points
  [1min] LONG  1:4  trades=1  hit_rate=100.0%  total_pnl=8.0 points
  [1min] LONG  1:2  trades=2  hit_rate=100.0%  total_pnl=18.1 points
  [1min] LONG  1:3  trades=2  hit_rate=100.0%  total_pnl=27.15 points
  [1min] LONG  1:4  trades=2  hit_rate=100.0%  total_pnl=36.2 points
  [1min] LONG  1:2  trades=1  hit_rate=100.0%  total_pnl=4.0 points
  [1min] LONG  1:3  trades=1  hit_rate=100.0%  total_pnl=6.0 points
  [1min] LONG  1:4  trades=1  hit_rate=100.0%  total_pnl=8.0 points
  [1min] LONG  1:2  trades=2  hit_rate=100.0%  total_pnl=18.1 points
  [1min] LONG  1:3  trades=2  hit_rate=100.0%  total_pnl=27.15 points
  [1min] LONG  1:4  trades=2  hit_rate=100.0%  total_pnl=36.2 points
  [1min] LONG  1:2  trades=1  hit_rate=100.0%  total_pnl=4.0 points
  [1min] LONG  1:3  trades=1  hit_rate=100.0%  total_pnl=6.0 points
  [1min] LONG  1:4  trades=1  hit_rate=100.0%  total_pnl=8.0 points
  [1min] LONG  1:2  trades=2  hit_rate=100.0%  total_pnl=18.1 points
  [1min] LONG  1:3  trades=2  hit_rate=100.0%  total_pnl=27.15 points
  [1min] LONG  1:4  trades=2  hit_rate=100.0%  total_pnl=36.2 points
  [1min] LONG  1:2  trades=1  hit_rate=100.0%  total_pnl=4.0 points
  [1min] LONG  1:3  trades=1  hit_rate=100.0%  total_pnl=6.0 points
  [1min] LONG  1:4  trades=1  hit_rate=100.0%  total_pnl=8.0 points
  [1min] LONG  1:2  trades=1  hit_rate=100.0%  total_pnl=4.0 points
  [1min] LONG  1:3  trades=1  hit_rate=100.0%  total_pnl=6.0 points
  [1min] LONG  1:4  trades=1  hit_rate=100.0%  total_pnl=8.0 points
  [1min] LONG  1:2  trades=1  hit_rate=100.0%  total_pnl=4.0 points
  [1min] LONG  1:3  trades=1  hit_rate=100.0%  total_pnl=6.0 points
  [1min] LONG  1:4  trades=1  hit_rate=100.0%  total_pnl=8.0 points
  [1min] LONG  1:2  trades=1  hit_rate=100.0%  total_pnl=4.0 points
  [1min] LONG  1:3  trades=1  hit_rate=100.0%  total_pnl=6.0 points
  [1min] LONG  1:4  trades=1  hit_rate=100.0%  total_pnl=8.0 points
  [1min] LONG  1:2  trades=1  hit_rate=100.0%  total_pnl=4.0 points
  [1min] LONG  1:3  trades=1  hit_rate=100.0%  total_pnl=6.0 points
  [1min] LONG  1:4  trades=1  hit_rate=100.0%  total_pnl=8.0 points
  [1min] LONG  1:2  trades=5  hit_rate=40.0%  total_pnl=7.9 points
  [1min] LONG  1:3  trades=5  hit_rate=40.0%  total_pnl=16.95 points
  [1min] LONG  1:4  trades=5  hit_rate=40.0%  total_pnl=26.0 points
  [1min] LONG  1:2  trades=1  hit_rate=100.0%  total_pnl=4.0 points
  [1min] LONG  1:3  trades=1  hit_rate=100.0%  total_pnl=6.0 points
  [1min] LONG  1:4  trades=1  hit_rate=100.0%  total_pnl=8.0 points
  [1min] LONG  1:2  trades=6  hit_rate=33.33%  total_pnl=5.6 points
  [1min] LONG  1:3  trades=6  hit_rate=33.33%  total_pnl=14.65 points
  [1min] LONG  1:4  trades=6  hit_rate=33.33%  total_pnl=23.7 points
  [1min] LONG  1:2  trades=1  hit_rate=100.0%  total_pnl=4.0 points
  [1min] LONG  1:3  trades=1  hit_rate=100.0%  total_pnl=6.0 points
  [1min] LONG  1:4  trades=1  hit_rate=100.0%  total_pnl=8.0 points
  [1min] LONG  1:2  trades=4  hit_rate=50.0%  total_pnl=11.9 points
  [1min] LONG  1:3  trades=4  hit_rate=50.0%  total_pnl=20.95 points
  [1min] LONG  1:4  trades=4  hit_rate=50.0%  total_pnl=30.0 points
  [1min] LONG  1:2  trades=1  hit_rate=100.0%  total_pnl=4.0 points
  [1min] LONG  1:3  trades=1  hit_rate=100.0%  total_pnl=6.0 points
  [1min] LONG  1:4  trades=1  hit_rate=100.0%  total_pnl=8.0 points
  [1min] LONG  1:2  trades=5  hit_rate=40.0%  total_pnl=9.6 points
  [1min] LONG  1:3  trades=5  hit_rate=40.0%  total_pnl=18.65 points
  [1min] LONG  1:4  trades=5  hit_rate=40.0%  total_pnl=27.7 points
  [1min] LONG  1:2  trades=1  hit_rate=100.0%  total_pnl=4.0 points
  [1min] LONG  1:3  trades=1  hit_rate=100.0%  total_pnl=6.0 points
  [1min] LONG  1:4  trades=1  hit_rate=100.0%  total_pnl=8.0 points
  [1min] LONG  1:2  trades=4  hit_rate=50.0%  total_pnl=11.9 points
  [1min] LONG  1:3  trades=4  hit_rate=50.0%  total_pnl=20.95 points
  [1min] LONG  1:4  trades=4  hit_rate=50.0%  total_pnl=30.0 points
  [1min] LONG  1:2  trades=1  hit_rate=100.0%  total_pnl=4.0 points
  [1min] LONG  1:3  trades=1  hit_rate=100.0%  total_pnl=6.0 points
  [1min] LONG  1:4  trades=1  hit_rate=100.0%  total_pnl=8.0 points
  [1min] LONG  1:2  trades=5  hit_rate=40.0%  total_pnl=9.6 points
  [1min] LONG  1:3  trades=5  hit_rate=40.0%  total_pnl=18.65 points
  [1min] LONG  1:4  trades=5  hit_rate=40.0%  total_pnl=27.7 points
  [1min] LONG  1:2  trades=1  hit_rate=100.0%  total_pnl=4.0 points
  [1min] LONG  1:3  trades=1  hit_rate=100.0%  total_pnl=6.0 points
  [1min] LONG  1:4  trades=1  hit_rate=100.0%  total_pnl=8.0 points
  [1min] LONG  1:2  trades=4  hit_rate=50.0%  total_pnl=11.9 points
  [1min] LONG  1:3  trades=4  hit_rate=50.0%  total_pnl=20.95 points
  [1min] LONG  1:4  trades=4  hit_rate=50.0%  total_pnl=30.0 points
  [1min] LONG  1:2  trades=1  hit_rate=100.0%  total_pnl=4.0 points
  [1min] LONG  1:3  trades=1  hit_rate=100.0%  total_pnl=6.0 points
  [1min] LONG  1:4  trades=1  hit_rate=100.0%  total_pnl=8.0 points
  [1min] LONG  1:2  trades=4  hit_rate=50.0%  total_pnl=11.9 points
  [1min] LONG  1:3  trades=4  hit_rate=50.0%  total_pnl=20.95 points
  [1min] LONG  1:4  trades=4  hit_rate=50.0%  total_pnl=30.0 points
  [1min] LONG  1:2  trades=1  hit_rate=100.0%  total_pnl=4.0 points
  [1min] LONG  1:3  trades=1  hit_rate=100.0%  total_pnl=6.0 points
  [1min] LONG  1:4  trades=1  hit_rate=100.0%  total_pnl=8.0 points
  [1min] LONG  1:2  trades=4  hit_rate=50.0%  total_pnl=11.9 points
  [1min] LONG  1:3  trades=4  hit_rate=50.0%  total_pnl=20.95 points
  [1min] LONG  1:4  trades=4  hit_rate=50.0%  total_pnl=30.0 points
  [1min] LONG  1:2  trades=1  hit_rate=100.0%  total_pnl=4.0 points
  [1min] LONG  1:3  trades=1  hit_rate=100.0%  total_pnl=6.0 points
  [1min] LONG  1:4  trades=1  hit_rate=100.0%  total_pnl=8.0 points
  [1min] LONG  1:2  trades=4  hit_rate=50.0%  total_pnl=11.9 points
  [1min] LONG  1:3  trades=4  hit_rate=50.0%  total_pnl=20.95 points
  [1min] LONG  1:4  trades=4  hit_rate=50.0%  total_pnl=30.0 points
  [1min] LONG  1:2  trades=1  hit_rate=100.0%  total_pnl=4.0 points
  [1min] LONG  1:3  trades=1  hit_rate=100.0%  total_pnl=6.0 points
  [1min] LONG  1:4  trades=1  hit_rate=100.0%  total_pnl=8.0 points
  [1min] LONG  1:2  trades=3  hit_rate=66.67%  total_pnl=12.7 points
  [1min] LONG  1:3  trades=3  hit_rate=66.67%  total_pnl=21.75 points
  [1min] LONG  1:4  trades=3  hit_rate=66.67%  total_pnl=30.8 points
  [1min] LONG  1:2  trades=1  hit_rate=100.0%  total_pnl=4.0 points
  [1min] LONG  1:3  trades=1  hit_rate=100.0%  total_pnl=6.0 points
  [1min] LONG  1:4  trades=1  hit_rate=100.0%  total_pnl=8.0 points
  [1min] LONG  1:2  trades=3  hit_rate=66.67%  total_pnl=12.7 points
  [1min] LONG  1:3  trades=3  hit_rate=66.67%  total_pnl=21.75 points
  [1min] LONG  1:4  trades=3  hit_rate=66.67%  total_pnl=30.8 points
  [1min] LONG  1:2  trades=1  hit_rate=100.0%  total_pnl=4.0 points
  [1min] LONG  1:3  trades=1  hit_rate=100.0%  total_pnl=6.0 points
  [1min] LONG  1:4  trades=1  hit_rate=100.0%  total_pnl=8.0 points
  [1min] LONG  1:2  trades=3  hit_rate=66.67%  total_pnl=12.7 points
  [1min] LONG  1:3  trades=3  hit_rate=66.67%  total_pnl=21.75 points
  [1min] LONG  1:4  trades=3  hit_rate=66.67%  total_pnl=30.8 points
  [1min] LONG  1:2  trades=1  hit_rate=100.0%  total_pnl=4.0 points
  [1min] LONG  1:3  trades=1  hit_rate=100.0%  total_pnl=6.0 points
  [1min] LONG  1:4  trades=1  hit_rate=100.0%  total_pnl=8.0 points
  [1min] LONG  1:2  trades=3  hit_rate=66.67%  total_pnl=12.7 points
  [1min] LONG  1:3  trades=3  hit_rate=66.67%  total_pnl=21.75 points
  [1min] LONG  1:4  trades=3  hit_rate=66.67%  total_pnl=30.8 points
  [1min] LONG  1:2  trades=1  hit_rate=100.0%  total_pnl=4.0 points
  [1min] LONG  1:3  trades=1  hit_rate=100.0%  total_pnl=6.0 points
  [1min] LONG  1:4  trades=1  hit_rate=100.0%  total_pnl=8.0 points
  [1min] LONG  1:2  trades=3  hit_rate=66.67%  total_pnl=12.7 points
  [1min] LONG  1:3  trades=3  hit_rate=66.67%  total_pnl=21.75 points
  [1min] LONG  1:4  trades=3  hit_rate=66.67%  total_pnl=30.8 points
  [1min] LONG  1:2  trades=1  hit_rate=100.0%  total_pnl=4.0 points
  [1min] LONG  1:3  trades=1  hit_rate=100.0%  total_pnl=6.0 points
  [1min] LONG  1:4  trades=1  hit_rate=100.0%  total_pnl=8.0 points
  [1min] LONG  1:2  trades=3  hit_rate=66.67%  total_pnl=12.7 points
  [1min] LONG  1:3  trades=3  hit_rate=66.67%  total_pnl=21.75 points
  [1min] LONG  1:4  trades=3  hit_rate=66.67%  total_pnl=30.8 points
  [1min] LONG  1:2  trades=1  hit_rate=100.0%  total_pnl=4.0 points
  [1min] LONG  1:3  trades=1  hit_rate=100.0%  total_pnl=6.0 points
  [1min] LONG  1:4  trades=1  hit_rate=100.0%  total_pnl=8.0 points
  [1min] LONG  1:2  trades=3  hit_rate=66.67%  total_pnl=12.7 points
  [1min] LONG  1:3  trades=3  hit_rate=66.67%  total_pnl=21.75 points
  [1min] LONG  1:4  trades=3  hit_rate=66.67%  total_pnl=30.8 points
  [1min] LONG  1:2  trades=1  hit_rate=100.0%  total_pnl=4.0 points
  [1min] LONG  1:3  trades=1  hit_rate=100.0%  total_pnl=6.0 points
  [1min] LONG  1:4  trades=1  hit_rate=100.0%  total_pnl=8.0 points
  [1min] LONG  1:2  trades=3  hit_rate=66.67%  total_pnl=12.7 points
  [1min] LONG  1:3  trades=3  hit_rate=66.67%  total_pnl=21.75 points
  [1min] LONG  1:4  trades=3  hit_rate=66.67%  total_pnl=30.8 points
  [1min] LONG  1:2  trades=1  hit_rate=100.0%  total_pnl=4.0 points
  [1min] LONG  1:3  trades=1  hit_rate=100.0%  total_pnl=6.0 points
  [1min] LONG  1:4  trades=1  hit_rate=100.0%  total_pnl=8.0 points
  [1min] LONG  1:2  trades=3  hit_rate=66.67%  total_pnl=12.7 points
  [1min] LONG  1:3  trades=3  hit_rate=66.67%  total_pnl=21.75 points
  [1min] LONG  1:4  trades=3  hit_rate=66.67%  total_pnl=30.8 points
  [1min] LONG  1:2  trades=1  hit_rate=100.0%  total_pnl=4.0 points
  [1min] LONG  1:3  trades=1  hit_rate=100.0%  total_pnl=6.0 points
  [1min] LONG  1:4  trades=1  hit_rate=100.0%  total_pnl=8.0 points
  [1min] LONG  1:2  trades=3  hit_rate=66.67%  total_pnl=12.7 points
  [1min] LONG  1:3  trades=3  hit_rate=66.67%  total_pnl=21.75 points
  [1min] LONG  1:4  trades=3  hit_rate=66.67%  total_pnl=30.8 points
  [1min] LONG  1:2  trades=1  hit_rate=100.0%  total_pnl=4.0 points
  [1min] LONG  1:3  trades=1  hit_rate=100.0%  total_pnl=6.0 points
  [1min] LONG  1:4  trades=1  hit_rate=100.0%  total_pnl=8.0 points
  [1min] LONG  1:2  trades=2  hit_rate=100.0%  total_pnl=18.1 points
  [1min] LONG  1:3  trades=2  hit_rate=100.0%  total_pnl=27.15 points
  [1min] LONG  1:4  trades=2  hit_rate=100.0%  total_pnl=36.2 points
  [1min] LONG  1:2  trades=1  hit_rate=100.0%  total_pnl=4.0 points
  [1min] LONG  1:3  trades=1  hit_rate=100.0%  total_pnl=6.0 points
  [1min] LONG  1:4  trades=1  hit_rate=100.0%  total_pnl=8.0 points
  [1min] LONG  1:2  trades=2  hit_rate=100.0%  total_pnl=18.1 points
  [1min] LONG  1:3  trades=2  hit_rate=100.0%  total_pnl=27.15 points
  [1min] LONG  1:4  trades=2  hit_rate=100.0%  total_pnl=36.2 points
  [1min] LONG  1:2  trades=1  hit_rate=100.0%  total_pnl=4.0 points
  [1min] LONG  1:3  trades=1  hit_rate=100.0%  total_pnl=6.0 points
  [1min] LONG  1:4  trades=1  hit_rate=100.0%  total_pnl=8.0 points
  [1min] LONG  1:2  trades=2  hit_rate=100.0%  total_pnl=18.1 points
  [1min] LONG  1:3  trades=2  hit_rate=100.0%  total_pnl=27.15 points
  [1min] LONG  1:4  trades=2  hit_rate=100.0%  total_pnl=36.2 points
  [1min] LONG  1:2  trades=1  hit_rate=100.0%  total_pnl=4.0 points
  [1min] LONG  1:3  trades=1  hit_rate=100.0%  total_pnl=6.0 points
  [1min] LONG  1:4  trades=1  hit_rate=100.0%  total_pnl=8.0 points
  [1min] LONG  1:2  trades=2  hit_rate=100.0%  total_pnl=18.1 points
  [1min] LONG  1:3  trades=2  hit_rate=100.0%  total_pnl=27.15 points
  [1min] LONG  1:4  trades=2  hit_rate=100.0%  total_pnl=36.2 points
  [1min] LONG  1:2  trades=1  hit_rate=100.0%  total_pnl=4.0 points
  [1min] LONG  1:3  trades=1  hit_rate=100.0%  total_pnl=6.0 points
  [1min] LONG  1:4  trades=1  hit_rate=100.0%  total_pnl=8.0 points
  [1min] LONG  1:2  trades=2  hit_rate=100.0%  total_pnl=18.1 points
  [1min] LONG  1:3  trades=2  hit_rate=100.0%  total_pnl=27.15 points
  [1min] LONG  1:4  trades=2  hit_rate=100.0%  total_pnl=36.2 points
  [1min] LONG  1:2  trades=1  hit_rate=100.0%  total_pnl=4.0 points
  [1min] LONG  1:3  trades=1  hit_rate=100.0%  total_pnl=6.0 points
  [1min] LONG  1:4  trades=1  hit_rate=100.0%  total_pnl=8.0 points
  [1min] LONG  1:2  trades=2  hit_rate=100.0%  total_pnl=18.1 points
  [1min] LONG  1:3  trades=2  hit_rate=100.0%  total_pnl=27.15 points
  [1min] LONG  1:4  trades=2  hit_rate=100.0%  total_pnl=36.2 points
  [1min] LONG  1:2  trades=1  hit_rate=100.0%  total_pnl=4.0 points
  [1min] LONG  1:3  trades=1  hit_rate=100.0%  total_pnl=6.0 points
  [1min] LONG  1:4  trades=1  hit_rate=100.0%  total_pnl=8.0 points
  [1min] LONG  1:2  trades=2  hit_rate=100.0%  total_pnl=18.1 points
  [1min] LONG  1:3  trades=2  hit_rate=100.0%  total_pnl=27.15 points
  [1min] LONG  1:4  trades=2  hit_rate=100.0%  total_pnl=36.2 points
  [1min] LONG  1:2  trades=1  hit_rate=100.0%  total_pnl=4.0 points
  [1min] LONG  1:3  trades=1  hit_rate=100.0%  total_pnl=6.0 points
  [1min] LONG  1:4  trades=1  hit_rate=100.0%  total_pnl=8.0 points
  [1min] LONG  1:2  trades=2  hit_rate=100.0%  total_pnl=18.1 points
  [1min] LONG  1:3  trades=2  hit_rate=100.0%  total_pnl=27.15 points
  [1min] LONG  1:4  trades=2  hit_rate=100.0%  total_pnl=36.2 points
  [1min] LONG  1:2  trades=1  hit_rate=100.0%  total_pnl=4.0 points
  [1min] LONG  1:3  trades=1  hit_rate=100.0%  total_pnl=6.0 points
  [1min] LONG  1:4  trades=1  hit_rate=100.0%  total_pnl=8.0 points
  [1min] LONG  1:2  trades=2  hit_rate=100.0%  total_pnl=18.1 points
  [1min] LONG  1:3  trades=2  hit_rate=100.0%  total_pnl=27.15 points
  [1min] LONG  1:4  trades=2  hit_rate=100.0%  total_pnl=36.2 points
  [1min] LONG  1:2  trades=1  hit_rate=100.0%  total_pnl=4.0 points
  [1min] LONG  1:3  trades=1  hit_rate=100.0%  total_pnl=6.0 points
  [1min] LONG  1:4  trades=1  hit_rate=100.0%  total_pnl=8.0 points
  [1min] LONG  1:2  trades=2  hit_rate=100.0%  total_pnl=18.1 points
  [1min] LONG  1:3  trades=2  hit_rate=100.0%  total_pnl=27.15 points
  [1min] LONG  1:4  trades=2  hit_rate=100.0%  total_pnl=36.2 points
  [1min] LONG  1:2  trades=1  hit_rate=100.0%  total_pnl=4.0 points
  [1min] LONG  1:3  trades=1  hit_rate=100.0%  total_pnl=6.0 points
  [1min] LONG  1:4  trades=1  hit_rate=100.0%  total_pnl=8.0 points
  [1min] LONG  1:2  trades=2  hit_rate=100.0%  total_pnl=18.1 points
  [1min] LONG  1:3  trades=2  hit_rate=100.0%  total_pnl=27.15 points
  [1min] LONG  1:4  trades=2  hit_rate=100.0%  total_pnl=36.2 points
  [1min] LONG  1:2  trades=1  hit_rate=100.0%  total_pnl=4.0 points
  [1min] LONG  1:3  trades=1  hit_rate=100.0%  total_pnl=6.0 points
  [1min] LONG  1:4  trades=1  hit_rate=100.0%  total_pnl=8.0 points
  [1min] LONG  1:2  trades=2  hit_rate=100.0%  total_pnl=18.1 points
  [1min] LONG  1:3  trades=2  hit_rate=100.0%  total_pnl=27.15 points
  [1min] LONG  1:4  trades=2  hit_rate=100.0%  total_pnl=36.2 points
  [1min] LONG  1:2  trades=1  hit_rate=100.0%  total_pnl=4.0 points
  [1min] LONG  1:3  trades=1  hit_rate=100.0%  total_pnl=6.0 points
  [1min] LONG  1:4  trades=1  hit_rate=100.0%  total_pnl=8.0 points
  [1min] LONG  1:2  trades=2  hit_rate=100.0%  total_pnl=18.1 points
  [1min] LONG  1:3  trades=2  hit_rate=100.0%  total_pnl=27.15 points
  [1min] LONG  1:4  trades=2  hit_rate=100.0%  total_pnl=36.2 points
  [1min] LONG  1:2  trades=1  hit_rate=100.0%  total_pnl=4.0 points
  [1min] LONG  1:3  trades=1  hit_rate=100.0%  total_pnl=6.0 points
  [1min] LONG  1:4  trades=1  hit_rate=100.0%  total_pnl=8.0 points
  [1min] LONG  1:2  trades=2  hit_rate=100.0%  total_pnl=18.1 points
  [1min] LONG  1:3  trades=2  hit_rate=100.0%  total_pnl=27.15 points
  [1min] LONG  1:4  trades=2  hit_rate=100.0%  total_pnl=36.2 points
  [1min] LONG  1:2  trades=1  hit_rate=100.0%  total_pnl=4.0 points
  [1min] LONG  1:3  trades=1  hit_rate=100.0%  total_pnl=6.0 points
  [1min] LONG  1:4  trades=1  hit_rate=100.0%  total_pnl=8.0 points
  [1min] LONG  1:2  trades=2  hit_rate=100.0%  total_pnl=18.1 points
  [1min] LONG  1:3  trades=2  hit_rate=100.0%  total_pnl=27.15 points
  [1min] LONG  1:4  trades=2  hit_rate=100.0%  total_pnl=36.2 points
  [1min] LONG  1:2  trades=1  hit_rate=100.0%  total_pnl=4.0 points
  [1min] LONG  1:3  trades=1  hit_rate=100.0%  total_pnl=6.0 points
  [1min] LONG  1:4  trades=1  hit_rate=100.0%  total_pnl=8.0 points
  [1min] LONG  1:2  trades=2  hit_rate=100.0%  total_pnl=18.1 points
  [1min] LONG  1:3  trades=2  hit_rate=100.0%  total_pnl=27.15 points
  [1min] LONG  1:4  trades=2  hit_rate=100.0%  total_pnl=36.2 points
  [1min] LONG  1:2  trades=1  hit_rate=100.0%  total_pnl=4.0 points
  [1min] LONG  1:3  trades=1  hit_rate=100.0%  total_pnl=6.0 points
  [1min] LONG  1:4  trades=1  hit_rate=100.0%  total_pnl=8.0 points
  [1min] LONG  1:2  trades=2  hit_rate=100.0%  total_pnl=18.1 points
  [1min] LONG  1:3  trades=2  hit_rate=100.0%  total_pnl=27.15 points
  [1min] LONG  1:4  trades=2  hit_rate=100.0%  total_pnl=36.2 points
  [1min] LONG  1:2  trades=1  hit_rate=100.0%  total_pnl=4.0 points
  [1min] LONG  1:3  trades=1  hit_rate=100.0%  total_pnl=6.0 points
  [1min] LONG  1:4  trades=1  hit_rate=100.0%  total_pnl=8.0 points
  [1min] LONG  1:2  trades=2  hit_rate=100.0%  total_pnl=18.1 points
  [1min] LONG  1:3  trades=2  hit_rate=100.0%  total_pnl=27.15 points
  [1min] LONG  1:4  trades=2  hit_rate=100.0%  total_pnl=36.2 points
  [1min] LONG  1:2  trades=1  hit_rate=100.0%  total_pnl=4.0 points
  [1min] LONG  1:3  trades=1  hit_rate=100.0%  total_pnl=6.0 points
  [1min] LONG  1:4  trades=1  hit_rate=100.0%  total_pnl=8.0 points
  [1min] LONG  1:2  trades=2  hit_rate=100.0%  total_pnl=18.1 points
  [1min] LONG  1:3  trades=2  hit_rate=100.0%  total_pnl=27.15 points
  [1min] LONG  1:4  trades=2  hit_rate=100.0%  total_pnl=36.2 points
  [1min] LONG  1:2  trades=1  hit_rate=100.0%  total_pnl=4.0 points
  [1min] LONG  1:3  trades=1  hit_rate=100.0%  total_pnl=6.0 points
  [1min] LONG  1:4  trades=1  hit_rate=100.0%  total_pnl=8.0 points
  [1min] LONG  1:2  trades=2  hit_rate=100.0%  total_pnl=18.1 points
  [1min] LONG  1:3  trades=2  hit_rate=100.0%  total_pnl=27.15 points
  [1min] LONG  1:4  trades=2  hit_rate=100.0%  total_pnl=36.2 points
  [1min] LONG  1:2  trades=1  hit_rate=100.0%  total_pnl=4.0 points
  [1min] LONG  1:3  trades=1  hit_rate=100.0%  total_pnl=6.0 points
  [1min] LONG  1:4  trades=1  hit_rate=100.0%  total_pnl=8.0 points
  [3min] LONG  1:2  trades=2  hit_rate=50.0%  total_pnl=33.35 points
  [3min] LONG  1:3  trades=2  hit_rate=50.0%  total_pnl=35.95 points
  [3min] LONG  1:4  trades=2  hit_rate=50.0%  total_pnl=38.55 points
  [3min] LONG  1:2  trades=2  hit_rate=50.0%  total_pnl=33.35 points
  [3min] LONG  1:3  trades=2  hit_rate=50.0%  total_pnl=35.95 points
  [3min] LONG  1:4  trades=2  hit_rate=50.0%  total_pnl=38.55 points
  [3min] LONG  1:2  trades=2  hit_rate=50.0%  total_pnl=33.35 points
  [3min] LONG  1:3  trades=2  hit_rate=50.0%  total_pnl=35.95 points
  [3min] LONG  1:4  trades=2  hit_rate=50.0%  total_pnl=38.55 points
  [3min] LONG  1:2  trades=2  hit_rate=50.0%  total_pnl=33.35 points
  [3min] LONG  1:3  trades=2  hit_rate=50.0%  total_pnl=35.95 points
  [3min] LONG  1:4  trades=2  hit_rate=50.0%  total_pnl=38.55 points
  [3min] LONG  1:2  trades=2  hit_rate=50.0%  total_pnl=33.35 points
  [3min] LONG  1:3  trades=2  hit_rate=50.0%  total_pnl=35.95 points
  [3min] LONG  1:4  trades=2  hit_rate=50.0%  total_pnl=38.55 points
  [3min] LONG  1:2  trades=2  hit_rate=50.0%  total_pnl=33.35 points
  [3min] LONG  1:3  trades=2  hit_rate=50.0%  total_pnl=35.95 points
  [3min] LONG  1:4  trades=2  hit_rate=50.0%  total_pnl=38.55 points
  [3min] LONG  1:2  trades=2  hit_rate=50.0%  total_pnl=33.35 points
  [3min] LONG  1:3  trades=2  hit_rate=50.0%  total_pnl=35.95 points
  [3min] LONG  1:4  trades=2  hit_rate=50.0%  total_pnl=38.55 points
  [3min] LONG  1:2  trades=2  hit_rate=50.0%  total_pnl=33.35 points
  [3min] LONG  1:3  trades=2  hit_rate=50.0%  total_pnl=35.95 points
  [3min] LONG  1:4  trades=2  hit_rate=50.0%  total_pnl=38.55 points
  [3min] LONG  1:2  trades=2  hit_rate=50.0%  total_pnl=33.35 points
  [3min] LONG  1:3  trades=2  hit_rate=50.0%  total_pnl=35.95 points
  [3min] LONG  1:4  trades=2  hit_rate=50.0%  total_pnl=38.55 points
  [3min] LONG  1:2  trades=2  hit_rate=50.0%  total_pnl=33.35 points
  [3min] LONG  1:3  trades=2  hit_rate=50.0%  total_pnl=35.95 points
  [3min] LONG  1:4  trades=2  hit_rate=50.0%  total_pnl=38.55 points
  [3min] LONG  1:2  trades=2  hit_rate=50.0%  total_pnl=33.35 points
  [3min] LONG  1:3  trades=2  hit_rate=50.0%  total_pnl=35.95 points
  [3min] LONG  1:4  trades=2  hit_rate=50.0%  total_pnl=38.55 points
  [3min] LONG  1:2  trades=2  hit_rate=50.0%  total_pnl=33.35 points
  [3min] LONG  1:3  trades=2  hit_rate=50.0%  total_pnl=35.95 points
  [3min] LONG  1:4  trades=2  hit_rate=50.0%  total_pnl=38.55 points
  [3min] LONG  1:2  trades=2  hit_rate=50.0%  total_pnl=33.35 points
  [3min] LONG  1:3  trades=2  hit_rate=50.0%  total_pnl=35.95 points
  [3min] LONG  1:4  trades=2  hit_rate=50.0%  total_pnl=38.55 points
  [3min] LONG  1:2  trades=2  hit_rate=50.0%  total_pnl=33.35 points
  [3min] LONG  1:3  trades=2  hit_rate=50.0%  total_pnl=35.95 points
  [3min] LONG  1:4  trades=2  hit_rate=50.0%  total_pnl=38.55 points
  [3min] LONG  1:2  trades=2  hit_rate=50.0%  total_pnl=33.35 points
  [3min] LONG  1:3  trades=2  hit_rate=50.0%  total_pnl=35.95 points
  [3min] LONG  1:4  trades=2  hit_rate=50.0%  total_pnl=38.55 points
  [3min] LONG  1:2  trades=2  hit_rate=50.0%  total_pnl=33.35 points
  [3min] LONG  1:3  trades=2  hit_rate=50.0%  total_pnl=35.95 points
  [3min] LONG  1:4  trades=2  hit_rate=50.0%  total_pnl=38.55 points
  [3min] LONG  1:2  trades=1  hit_rate=100.0%  total_pnl=5.2 points
  [3min] LONG  1:3  trades=1  hit_rate=100.0%  total_pnl=7.8 points
  [3min] LONG  1:4  trades=1  hit_rate=100.0%  total_pnl=10.4 points
  [3min] LONG  1:2  trades=1  hit_rate=100.0%  total_pnl=5.2 points
  [3min] LONG  1:3  trades=1  hit_rate=100.0%  total_pnl=7.8 points
  [3min] LONG  1:4  trades=1  hit_rate=100.0%  total_pnl=10.4 points
  [3min] LONG  1:2  trades=1  hit_rate=100.0%  total_pnl=5.2 points
  [3min] LONG  1:3  trades=1  hit_rate=100.0%  total_pnl=7.8 points
  [3min] LONG  1:4  trades=1  hit_rate=100.0%  total_pnl=10.4 points
  [3min] LONG  1:2  trades=1  hit_rate=100.0%  total_pnl=5.2 points
  [3min] LONG  1:3  trades=1  hit_rate=100.0%  total_pnl=7.8 points
  [3min] LONG  1:4  trades=1  hit_rate=100.0%  total_pnl=10.4 points
  [3min] LONG  1:2  trades=2  hit_rate=50.0%  total_pnl=33.35 points
  [3min] LONG  1:3  trades=2  hit_rate=50.0%  total_pnl=35.95 points
  [3min] LONG  1:4  trades=2  hit_rate=50.0%  total_pnl=38.55 points
  [3min] LONG  1:2  trades=2  hit_rate=50.0%  total_pnl=33.35 points
  [3min] LONG  1:3  trades=2  hit_rate=50.0%  total_pnl=35.95 points
  [3min] LONG  1:4  trades=2  hit_rate=50.0%  total_pnl=38.55 points
  [3min] LONG  1:2  trades=2  hit_rate=50.0%  total_pnl=33.35 points
  [3min] LONG  1:3  trades=2  hit_rate=50.0%  total_pnl=35.95 points
  [3min] LONG  1:4  trades=2  hit_rate=50.0%  total_pnl=38.55 points
  [3min] LONG  1:2  trades=2  hit_rate=50.0%  total_pnl=33.35 points
  [3min] LONG  1:3  trades=2  hit_rate=50.0%  total_pnl=35.95 points
  [3min] LONG  1:4  trades=2  hit_rate=50.0%  total_pnl=38.55 points
  [3min] LONG  1:2  trades=2  hit_rate=50.0%  total_pnl=33.35 points
  [3min] LONG  1:3  trades=2  hit_rate=50.0%  total_pnl=35.95 points
  [3min] LONG  1:4  trades=2  hit_rate=50.0%  total_pnl=38.55 points
  [3min] LONG  1:2  trades=2  hit_rate=50.0%  total_pnl=33.35 points
  [3min] LONG  1:3  trades=2  hit_rate=50.0%  total_pnl=35.95 points
  [3min] LONG  1:4  trades=2  hit_rate=50.0%  total_pnl=38.55 points
  [3min] LONG  1:2  trades=2  hit_rate=50.0%  total_pnl=33.35 points
  [3min] LONG  1:3  trades=2  hit_rate=50.0%  total_pnl=35.95 points
  [3min] LONG  1:4  trades=2  hit_rate=50.0%  total_pnl=38.55 points
  [3min] LONG  1:2  trades=2  hit_rate=50.0%  total_pnl=33.35 points
  [3min] LONG  1:3  trades=2  hit_rate=50.0%  total_pnl=35.95 points
  [3min] LONG  1:4  trades=2  hit_rate=50.0%  total_pnl=38.55 points
  [3min] LONG  1:2  trades=2  hit_rate=50.0%  total_pnl=33.35 points
  [3min] LONG  1:3  trades=2  hit_rate=50.0%  total_pnl=35.95 points
  [3min] LONG  1:4  trades=2  hit_rate=50.0%  total_pnl=38.55 points
  [3min] LONG  1:2  trades=2  hit_rate=50.0%  total_pnl=33.35 points
  [3min] LONG  1:3  trades=2  hit_rate=50.0%  total_pnl=35.95 points
  [3min] LONG  1:4  trades=2  hit_rate=50.0%  total_pnl=38.55 points
  [3min] LONG  1:2  trades=2  hit_rate=50.0%  total_pnl=33.35 points
  [3min] LONG  1:3  trades=2  hit_rate=50.0%  total_pnl=35.95 points
  [3min] LONG  1:4  trades=2  hit_rate=50.0%  total_pnl=38.55 points
  [3min] LONG  1:2  trades=2  hit_rate=50.0%  total_pnl=33.35 points
  [3min] LONG  1:3  trades=2  hit_rate=50.0%  total_pnl=35.95 points
  [3min] LONG  1:4  trades=2  hit_rate=50.0%  total_pnl=38.55 points
  [3min] LONG  1:2  trades=2  hit_rate=50.0%  total_pnl=33.35 points
  [3min] LONG  1:3  trades=2  hit_rate=50.0%  total_pnl=35.95 points
  [3min] LONG  1:4  trades=2  hit_rate=50.0%  total_pnl=38.55 points
  [3min] LONG  1:2  trades=2  hit_rate=50.0%  total_pnl=33.35 points
  [3min] LONG  1:3  trades=2  hit_rate=50.0%  total_pnl=35.95 points
  [3min] LONG  1:4  trades=2  hit_rate=50.0%  total_pnl=38.55 points
  [3min] LONG  1:2  trades=2  hit_rate=50.0%  total_pnl=33.35 points
  [3min] LONG  1:3  trades=2  hit_rate=50.0%  total_pnl=35.95 points
  [3min] LONG  1:4  trades=2  hit_rate=50.0%  total_pnl=38.55 points
  [3min] LONG  1:2  trades=2  hit_rate=50.0%  total_pnl=33.35 points
  [3min] LONG  1:3  trades=2  hit_rate=50.0%  total_pnl=35.95 points
  [3min] LONG  1:4  trades=2  hit_rate=50.0%  total_pnl=38.55 points
  [3min] LONG  1:2  trades=2  hit_rate=50.0%  total_pnl=33.35 points
  [3min] LONG  1:3  trades=2  hit_rate=50.0%  total_pnl=35.95 points
  [3min] LONG  1:4  trades=2  hit_rate=50.0%  total_pnl=38.55 points
  [3min] LONG  1:2  trades=2  hit_rate=50.0%  total_pnl=33.35 points
  [3min] LONG  1:3  trades=2  hit_rate=50.0%  total_pnl=35.95 points
  [3min] LONG  1:4  trades=2  hit_rate=50.0%  total_pnl=38.55 points
  [3min] LONG  1:2  trades=2  hit_rate=50.0%  total_pnl=33.35 points
  [3min] LONG  1:3  trades=2  hit_rate=50.0%  total_pnl=35.95 points
  [3min] LONG  1:4  trades=2  hit_rate=50.0%  total_pnl=38.55 points
  [3min] LONG  1:2  trades=2  hit_rate=50.0%  total_pnl=33.35 points
  [3min] LONG  1:3  trades=2  hit_rate=50.0%  total_pnl=35.95 points
  [3min] LONG  1:4  trades=2  hit_rate=50.0%  total_pnl=38.55 points
  [3min] LONG  1:2  trades=2  hit_rate=50.0%  total_pnl=33.35 points
  [3min] LONG  1:3  trades=2  hit_rate=50.0%  total_pnl=35.95 points
  [3min] LONG  1:4  trades=2  hit_rate=50.0%  total_pnl=38.55 points
  [3min] LONG  1:2  trades=2  hit_rate=50.0%  total_pnl=33.35 points
  [3min] LONG  1:3  trades=2  hit_rate=50.0%  total_pnl=35.95 points
  [3min] LONG  1:4  trades=2  hit_rate=50.0%  total_pnl=38.55 points
  [3min] LONG  1:2  trades=2  hit_rate=50.0%  total_pnl=33.35 points
  [3min] LONG  1:3  trades=2  hit_rate=50.0%  total_pnl=35.95 points
  [3min] LONG  1:4  trades=2  hit_rate=50.0%  total_pnl=38.55 points
  [3min] LONG  1:2  trades=2  hit_rate=50.0%  total_pnl=33.35 points
  [3min] LONG  1:3  trades=2  hit_rate=50.0%  total_pnl=35.95 points
  [3min] LONG  1:4  trades=2  hit_rate=50.0%  total_pnl=38.55 points
  [3min] LONG  1:2  trades=2  hit_rate=50.0%  total_pnl=33.35 points
  [3min] LONG  1:3  trades=2  hit_rate=50.0%  total_pnl=35.95 points
  [3min] LONG  1:4  trades=2  hit_rate=50.0%  total_pnl=38.55 points
  [3min] LONG  1:2  trades=2  hit_rate=50.0%  total_pnl=33.35 points
  [3min] LONG  1:3  trades=2  hit_rate=50.0%  total_pnl=35.95 points
  [3min] LONG  1:4  trades=2  hit_rate=50.0%  total_pnl=38.55 points
  [3min] LONG  1:2  trades=2  hit_rate=50.0%  total_pnl=33.35 points
  [3min] LONG  1:3  trades=2  hit_rate=50.0%  total_pnl=35.95 points
  [3min] LONG  1:4  trades=2  hit_rate=50.0%  total_pnl=38.55 points
  [3min] LONG  1:2  trades=2  hit_rate=50.0%  total_pnl=33.35 points
  [3min] LONG  1:3  trades=2  hit_rate=50.0%  total_pnl=35.95 points
  [3min] LONG  1:4  trades=2  hit_rate=50.0%  total_pnl=38.55 points
  [3min] LONG  1:2  trades=2  hit_rate=50.0%  total_pnl=33.35 points
  [3min] LONG  1:3  trades=2  hit_rate=50.0%  total_pnl=35.95 points
  [3min] LONG  1:4  trades=2  hit_rate=50.0%  total_pnl=38.55 points
  [3min] LONG  1:2  trades=2  hit_rate=50.0%  total_pnl=33.35 points
  [3min] LONG  1:3  trades=2  hit_rate=50.0%  total_pnl=35.95 points
  [3min] LONG  1:4  trades=2  hit_rate=50.0%  total_pnl=38.55 points
  [3min] LONG  1:2  trades=2  hit_rate=50.0%  total_pnl=33.35 points
  [3min] LONG  1:3  trades=2  hit_rate=50.0%  total_pnl=35.95 points
  [3min] LONG  1:4  trades=2  hit_rate=50.0%  total_pnl=38.55 points
  [3min] LONG  1:2  trades=2  hit_rate=50.0%  total_pnl=33.35 points
  [3min] LONG  1:3  trades=2  hit_rate=50.0%  total_pnl=35.95 points
  [3min] LONG  1:4  trades=2  hit_rate=50.0%  total_pnl=38.55 points
  [3min] LONG  1:2  trades=2  hit_rate=50.0%  total_pnl=33.35 points
  [3min] LONG  1:3  trades=2  hit_rate=50.0%  total_pnl=35.95 points
  [3min] LONG  1:4  trades=2  hit_rate=50.0%  total_pnl=38.55 points
  [3min] LONG  1:2  trades=2  hit_rate=50.0%  total_pnl=33.35 points
  [3min] LONG  1:3  trades=2  hit_rate=50.0%  total_pnl=35.95 points
  [3min] LONG  1:4  trades=2  hit_rate=50.0%  total_pnl=38.55 points
  [3min] LONG  1:2  trades=2  hit_rate=50.0%  total_pnl=33.35 points
  [3min] LONG  1:3  trades=2  hit_rate=50.0%  total_pnl=35.95 points
  [3min] LONG  1:4  trades=2  hit_rate=50.0%  total_pnl=38.55 points
  [3min] LONG  1:2  trades=2  hit_rate=50.0%  total_pnl=33.35 points
  [3min] LONG  1:3  trades=2  hit_rate=50.0%  total_pnl=35.95 points
  [3min] LONG  1:4  trades=2  hit_rate=50.0%  total_pnl=38.55 points
  [3min] LONG  1:2  trades=1  hit_rate=100.0%  total_pnl=5.2 points
  [3min] LONG  1:3  trades=1  hit_rate=100.0%  total_pnl=7.8 points
  [3min] LONG  1:4  trades=1  hit_rate=100.0%  total_pnl=10.4 points
  [3min] LONG  1:2  trades=1  hit_rate=100.0%  total_pnl=5.2 points
  [3min] LONG  1:3  trades=1  hit_rate=100.0%  total_pnl=7.8 points
  [3min] LONG  1:4  trades=1  hit_rate=100.0%  total_pnl=10.4 points
  [3min] LONG  1:2  trades=1  hit_rate=100.0%  total_pnl=5.2 points
  [3min] LONG  1:3  trades=1  hit_rate=100.0%  total_pnl=7.8 points
  [3min] LONG  1:4  trades=1  hit_rate=100.0%  total_pnl=10.4 points
  [3min] LONG  1:2  trades=1  hit_rate=100.0%  total_pnl=5.2 points
  [3min] LONG  1:3  trades=1  hit_rate=100.0%  total_pnl=7.8 points
  [3min] LONG  1:4  trades=1  hit_rate=100.0%  total_pnl=10.4 points
  [3min] LONG  1:2  trades=2  hit_rate=50.0%  total_pnl=33.35 points
  [3min] LONG  1:3  trades=2  hit_rate=50.0%  total_pnl=35.95 points
  [3min] LONG  1:4  trades=2  hit_rate=50.0%  total_pnl=38.55 points
  [3min] LONG  1:2  trades=2  hit_rate=50.0%  total_pnl=33.35 points
  [3min] LONG  1:3  trades=2  hit_rate=50.0%  total_pnl=35.95 points
  [3min] LONG  1:4  trades=2  hit_rate=50.0%  total_pnl=38.55 points
  [3min] LONG  1:2  trades=2  hit_rate=50.0%  total_pnl=33.35 points
  [3min] LONG  1:3  trades=2  hit_rate=50.0%  total_pnl=35.95 points
  [3min] LONG  1:4  trades=2  hit_rate=50.0%  total_pnl=38.55 points
  [3min] LONG  1:2  trades=2  hit_rate=50.0%  total_pnl=33.35 points
  [3min] LONG  1:3  trades=2  hit_rate=50.0%  total_pnl=35.95 points
  [3min] LONG  1:4  trades=2  hit_rate=50.0%  total_pnl=38.55 points
  [3min] LONG  1:2  trades=2  hit_rate=50.0%  total_pnl=33.35 points
  [3min] LONG  1:3  trades=2  hit_rate=50.0%  total_pnl=35.95 points
  [3min] LONG  1:4  trades=2  hit_rate=50.0%  total_pnl=38.55 points
  [3min] LONG  1:2  trades=2  hit_rate=50.0%  total_pnl=33.35 points
  [3min] LONG  1:3  trades=2  hit_rate=50.0%  total_pnl=35.95 points
  [3min] LONG  1:4  trades=2  hit_rate=50.0%  total_pnl=38.55 points
  [3min] LONG  1:2  trades=2  hit_rate=50.0%  total_pnl=33.35 points
  [3min] LONG  1:3  trades=2  hit_rate=50.0%  total_pnl=35.95 points
  [3min] LONG  1:4  trades=2  hit_rate=50.0%  total_pnl=38.55 points
  [3min] LONG  1:2  trades=2  hit_rate=50.0%  total_pnl=33.35 points
  [3min] LONG  1:3  trades=2  hit_rate=50.0%  total_pnl=35.95 points
  [3min] LONG  1:4  trades=2  hit_rate=50.0%  total_pnl=38.55 points
  [3min] LONG  1:2  trades=2  hit_rate=50.0%  total_pnl=33.35 points
  [3min] LONG  1:3  trades=2  hit_rate=50.0%  total_pnl=35.95 points
  [3min] LONG  1:4  trades=2  hit_rate=50.0%  total_pnl=38.55 points
  [3min] LONG  1:2  trades=2  hit_rate=50.0%  total_pnl=33.35 points
  [3min] LONG  1:3  trades=2  hit_rate=50.0%  total_pnl=35.95 points
  [3min] LONG  1:4  trades=2  hit_rate=50.0%  total_pnl=38.55 points
  [3min] LONG  1:2  trades=2  hit_rate=50.0%  total_pnl=33.35 points
  [3min] LONG  1:3  trades=2  hit_rate=50.0%  total_pnl=35.95 points
  [3min] LONG  1:4  trades=2  hit_rate=50.0%  total_pnl=38.55 points
  [3min] LONG  1:2  trades=2  hit_rate=50.0%  total_pnl=33.35 points
  [3min] LONG  1:3  trades=2  hit_rate=50.0%  total_pnl=35.95 points
  [3min] LONG  1:4  trades=2  hit_rate=50.0%  total_pnl=38.55 points
  [3min] LONG  1:2  trades=2  hit_rate=50.0%  total_pnl=33.35 points
  [3min] LONG  1:3  trades=2  hit_rate=50.0%  total_pnl=35.95 points
  [3min] LONG  1:4  trades=2  hit_rate=50.0%  total_pnl=38.55 points
  [3min] LONG  1:2  trades=2  hit_rate=50.0%  total_pnl=33.35 points
  [3min] LONG  1:3  trades=2  hit_rate=50.0%  total_pnl=35.95 points
  [3min] LONG  1:4  trades=2  hit_rate=50.0%  total_pnl=38.55 points
  [3min] LONG  1:2  trades=2  hit_rate=50.0%  total_pnl=33.35 points
  [3min] LONG  1:3  trades=2  hit_rate=50.0%  total_pnl=35.95 points
  [3min] LONG  1:4  trades=2  hit_rate=50.0%  total_pnl=38.55 points
  [3min] LONG  1:2  trades=2  hit_rate=50.0%  total_pnl=33.35 points
  [3min] LONG  1:3  trades=2  hit_rate=50.0%  total_pnl=35.95 points
  [3min] LONG  1:4  trades=2  hit_rate=50.0%  total_pnl=38.55 points
  [3min] LONG  1:2  trades=2  hit_rate=50.0%  total_pnl=33.35 points
  [3min] LONG  1:3  trades=2  hit_rate=50.0%  total_pnl=35.95 points
  [3min] LONG  1:4  trades=2  hit_rate=50.0%  total_pnl=38.55 points
  [3min] LONG  1:2  trades=2  hit_rate=50.0%  total_pnl=33.35 points
  [3min] LONG  1:3  trades=2  hit_rate=50.0%  total_pnl=35.95 points
  [3min] LONG  1:4  trades=2  hit_rate=50.0%  total_pnl=38.55 points
  [3min] LONG  1:2  trades=2  hit_rate=50.0%  total_pnl=33.35 points
  [3min] LONG  1:3  trades=2  hit_rate=50.0%  total_pnl=35.95 points
  [3min] LONG  1:4  trades=2  hit_rate=50.0%  total_pnl=38.55 points
  [3min] LONG  1:2  trades=2  hit_rate=50.0%  total_pnl=33.35 points
  [3min] LONG  1:3  trades=2  hit_rate=50.0%  total_pnl=35.95 points
  [3min] LONG  1:4  trades=2  hit_rate=50.0%  total_pnl=38.55 points
  [3min] LONG  1:2  trades=2  hit_rate=50.0%  total_pnl=33.35 points
  [3min] LONG  1:3  trades=2  hit_rate=50.0%  total_pnl=35.95 points
  [3min] LONG  1:4  trades=2  hit_rate=50.0%  total_pnl=38.55 points
  [3min] LONG  1:2  trades=2  hit_rate=50.0%  total_pnl=33.35 points
  [3min] LONG  1:3  trades=2  hit_rate=50.0%  total_pnl=35.95 points
  [3min] LONG  1:4  trades=2  hit_rate=50.0%  total_pnl=38.55 points
  [3min] LONG  1:2  trades=2  hit_rate=50.0%  total_pnl=33.35 points
  [3min] LONG  1:3  trades=2  hit_rate=50.0%  total_pnl=35.95 points
  [3min] LONG  1:4  trades=2  hit_rate=50.0%  total_pnl=38.55 points
  [3min] LONG  1:2  trades=2  hit_rate=50.0%  total_pnl=33.35 points
  [3min] LONG  1:3  trades=2  hit_rate=50.0%  total_pnl=35.95 points
  [3min] LONG  1:4  trades=2  hit_rate=50.0%  total_pnl=38.55 points
  [3min] LONG  1:2  trades=2  hit_rate=50.0%  total_pnl=33.35 points
  [3min] LONG  1:3  trades=2  hit_rate=50.0%  total_pnl=35.95 points
  [3min] LONG  1:4  trades=2  hit_rate=50.0%  total_pnl=38.55 points
  [3min] LONG  1:2  trades=2  hit_rate=50.0%  total_pnl=33.35 points
  [3min] LONG  1:3  trades=2  hit_rate=50.0%  total_pnl=35.95 points
  [3min] LONG  1:4  trades=2  hit_rate=50.0%  total_pnl=38.55 points
  [3min] LONG  1:2  trades=2  hit_rate=50.0%  total_pnl=33.35 points
  [3min] LONG  1:3  trades=2  hit_rate=50.0%  total_pnl=35.95 points
  [3min] LONG  1:4  trades=2  hit_rate=50.0%  total_pnl=38.55 points
  [3min] LONG  1:2  trades=2  hit_rate=50.0%  total_pnl=33.35 points
  [3min] LONG  1:3  trades=2  hit_rate=50.0%  total_pnl=35.95 points
  [3min] LONG  1:4  trades=2  hit_rate=50.0%  total_pnl=38.55 points
  [3min] LONG  1:2  trades=2  hit_rate=50.0%  total_pnl=33.35 points
  [3min] LONG  1:3  trades=2  hit_rate=50.0%  total_pnl=35.95 points
  [3min] LONG  1:4  trades=2  hit_rate=50.0%  total_pnl=38.55 points
  [3min] LONG  1:2  trades=2  hit_rate=50.0%  total_pnl=33.35 points
  [3min] LONG  1:3  trades=2  hit_rate=50.0%  total_pnl=35.95 points
  [3min] LONG  1:4  trades=2  hit_rate=50.0%  total_pnl=38.55 points
  [3min] LONG  1:2  trades=2  hit_rate=50.0%  total_pnl=33.35 points
  [3min] LONG  1:3  trades=2  hit_rate=50.0%  total_pnl=35.95 points
  [3min] LONG  1:4  trades=2  hit_rate=50.0%  total_pnl=38.55 points
  [3min] LONG  1:2  trades=2  hit_rate=50.0%  total_pnl=33.35 points
  [3min] LONG  1:3  trades=2  hit_rate=50.0%  total_pnl=35.95 points
  [3min] LONG  1:4  trades=2  hit_rate=50.0%  total_pnl=38.55 points
  [3min] LONG  1:2  trades=2  hit_rate=50.0%  total_pnl=33.35 points
  [3min] LONG  1:3  trades=2  hit_rate=50.0%  total_pnl=35.95 points
  [3min] LONG  1:4  trades=2  hit_rate=50.0%  total_pnl=38.55 points
  [3min] LONG  1:2  trades=2  hit_rate=50.0%  total_pnl=33.35 points
  [3min] LONG  1:3  trades=2  hit_rate=50.0%  total_pnl=35.95 points
  [3min] LONG  1:4  trades=2  hit_rate=50.0%  total_pnl=38.55 points
  [3min] LONG  1:2  trades=2  hit_rate=50.0%  total_pnl=33.35 points
  [3min] LONG  1:3  trades=2  hit_rate=50.0%  total_pnl=35.95 points
  [3min] LONG  1:4  trades=2  hit_rate=50.0%  total_pnl=38.55 points
  [3min] LONG  1:2  trades=2  hit_rate=50.0%  total_pnl=33.35 points
  [3min] LONG  1:3  trades=2  hit_rate=50.0%  total_pnl=35.95 points
  [3min] LONG  1:4  trades=2  hit_rate=50.0%  total_pnl=38.55 points
  [3min] LONG  1:2  trades=2  hit_rate=50.0%  total_pnl=33.35 points
  [3min] LONG  1:3  trades=2  hit_rate=50.0%  total_pnl=35.95 points
  [3min] LONG  1:4  trades=2  hit_rate=50.0%  total_pnl=38.55 points
  [3min] LONG  1:2  trades=2  hit_rate=50.0%  total_pnl=33.35 points
  [3min] LONG  1:3  trades=2  hit_rate=50.0%  total_pnl=35.95 points
  [3min] LONG  1:4  trades=2  hit_rate=50.0%  total_pnl=38.55 points
  [3min] LONG  1:2  trades=2  hit_rate=50.0%  total_pnl=33.35 points
  [3min] LONG  1:3  trades=2  hit_rate=50.0%  total_pnl=35.95 points
  [3min] LONG  1:4  trades=2  hit_rate=50.0%  total_pnl=38.55 points
  [3min] LONG  1:2  trades=2  hit_rate=50.0%  total_pnl=33.35 points
  [3min] LONG  1:3  trades=2  hit_rate=50.0%  total_pnl=35.95 points
  [3min] LONG  1:4  trades=2  hit_rate=50.0%  total_pnl=38.55 points
  [3min] LONG  1:2  trades=2  hit_rate=50.0%  total_pnl=33.35 points
  [3min] LONG  1:3  trades=2  hit_rate=50.0%  total_pnl=35.95 points
  [3min] LONG  1:4  trades=2  hit_rate=50.0%  total_pnl=38.55 points
  [3min] LONG  1:2  trades=2  hit_rate=50.0%  total_pnl=33.35 points
  [3min] LONG  1:3  trades=2  hit_rate=50.0%  total_pnl=35.95 points
  [3min] LONG  1:4  trades=2  hit_rate=50.0%  total_pnl=38.55 points
  [3min] LONG  1:2  trades=2  hit_rate=50.0%  total_pnl=33.35 points
  [3min] LONG  1:3  trades=2  hit_rate=50.0%  total_pnl=35.95 points
  [3min] LONG  1:4  trades=2  hit_rate=50.0%  total_pnl=38.55 points
  [3min] LONG  1:2  trades=2  hit_rate=50.0%  total_pnl=33.35 points
  [3min] LONG  1:3  trades=2  hit_rate=50.0%  total_pnl=35.95 points
  [3min] LONG  1:4  trades=2  hit_rate=50.0%  total_pnl=38.55 points
  [3min] LONG  1:2  trades=2  hit_rate=50.0%  total_pnl=33.35 points
  [3min] LONG  1:3  trades=2  hit_rate=50.0%  total_pnl=35.95 points
  [3min] LONG  1:4  trades=2  hit_rate=50.0%  total_pnl=38.55 points
  [3min] LONG  1:2  trades=2  hit_rate=50.0%  total_pnl=33.35 points
  [3min] LONG  1:3  trades=2  hit_rate=50.0%  total_pnl=35.95 points
  [3min] LONG  1:4  trades=2  hit_rate=50.0%  total_pnl=38.55 points
  [3min] LONG  1:2  trades=2  hit_rate=50.0%  total_pnl=33.35 points
  [3min] LONG  1:3  trades=2  hit_rate=50.0%  total_pnl=35.95 points
  [3min] LONG  1:4  trades=2  hit_rate=50.0%  total_pnl=38.55 points
  [3min] LONG  1:2  trades=2  hit_rate=50.0%  total_pnl=33.35 points
  [3min] LONG  1:3  trades=2  hit_rate=50.0%  total_pnl=35.95 points
  [3min] LONG  1:4  trades=2  hit_rate=50.0%  total_pnl=38.55 points
  [3min] LONG  1:2  trades=2  hit_rate=50.0%  total_pnl=33.35 points
  [3min] LONG  1:3  trades=2  hit_rate=50.0%  total_pnl=35.95 points
  [3min] LONG  1:4  trades=2  hit_rate=50.0%  total_pnl=38.55 points
  [3min] LONG  1:2  trades=2  hit_rate=50.0%  total_pnl=33.35 points
  [3min] LONG  1:3  trades=2  hit_rate=50.0%  total_pnl=35.95 points
  [3min] LONG  1:4  trades=2  hit_rate=50.0%  total_pnl=38.55 points
  [3min] LONG  1:2  trades=2  hit_rate=50.0%  total_pnl=33.35 points
  [3min] LONG  1:3  trades=2  hit_rate=50.0%  total_pnl=35.95 points
  [3min] LONG  1:4  trades=2  hit_rate=50.0%  total_pnl=38.55 points
  [3min] LONG  1:2  trades=2  hit_rate=50.0%  total_pnl=33.35 points
  [3min] LONG  1:3  trades=2  hit_rate=50.0%  total_pnl=35.95 points
  [3min] LONG  1:4  trades=2  hit_rate=50.0%  total_pnl=38.55 points
  [3min] LONG  1:2  trades=2  hit_rate=50.0%  total_pnl=33.35 points
  [3min] LONG  1:3  trades=2  hit_rate=50.0%  total_pnl=35.95 points
  [3min] LONG  1:4  trades=2  hit_rate=50.0%  total_pnl=38.55 points
  [3min] LONG  1:2  trades=2  hit_rate=50.0%  total_pnl=33.35 points
  [3min] LONG  1:3  trades=2  hit_rate=50.0%  total_pnl=35.95 points
  [3min] LONG  1:4  trades=2  hit_rate=50.0%  total_pnl=38.55 points
  [3min] LONG  1:2  trades=2  hit_rate=50.0%  total_pnl=33.35 points
  [3min] LONG  1:3  trades=2  hit_rate=50.0%  total_pnl=35.95 points
  [3min] LONG  1:4  trades=2  hit_rate=50.0%  total_pnl=38.55 points
  [3min] LONG  1:2  trades=2  hit_rate=50.0%  total_pnl=33.35 points
  [3min] LONG  1:3  trades=2  hit_rate=50.0%  total_pnl=35.95 points
  [3min] LONG  1:4  trades=2  hit_rate=50.0%  total_pnl=38.55 points
  [3min] LONG  1:2  trades=1  hit_rate=100.0%  total_pnl=5.2 points
  [3min] LONG  1:3  trades=1  hit_rate=100.0%  total_pnl=7.8 points
  [3min] LONG  1:4  trades=1  hit_rate=100.0%  total_pnl=10.4 points
  [3min] LONG  1:2  trades=1  hit_rate=100.0%  total_pnl=5.2 points
  [3min] LONG  1:3  trades=1  hit_rate=100.0%  total_pnl=7.8 points
  [3min] LONG  1:4  trades=1  hit_rate=100.0%  total_pnl=10.4 points
  [3min] LONG  1:2  trades=1  hit_rate=100.0%  total_pnl=5.2 points
  [3min] LONG  1:3  trades=1  hit_rate=100.0%  total_pnl=7.8 points
  [3min] LONG  1:4  trades=1  hit_rate=100.0%  total_pnl=10.4 points
  [3min] LONG  1:2  trades=1  hit_rate=100.0%  total_pnl=5.2 points
  [3min] LONG  1:3  trades=1  hit_rate=100.0%  total_pnl=7.8 points
  [3min] LONG  1:4  trades=1  hit_rate=100.0%  total_pnl=10.4 points
  [3min] LONG  1:2  trades=2  hit_rate=50.0%  total_pnl=33.35 points
  [3min] LONG  1:3  trades=2  hit_rate=50.0%  total_pnl=35.95 points
  [3min] LONG  1:4  trades=2  hit_rate=50.0%  total_pnl=38.55 points
  [3min] LONG  1:2  trades=2  hit_rate=50.0%  total_pnl=33.35 points
  [3min] LONG  1:3  trades=2  hit_rate=50.0%  total_pnl=35.95 points
  [3min] LONG  1:4  trades=2  hit_rate=50.0%  total_pnl=38.55 points
  [3min] LONG  1:2  trades=2  hit_rate=50.0%  total_pnl=33.35 points
  [3min] LONG  1:3  trades=2  hit_rate=50.0%  total_pnl=35.95 points
  [3min] LONG  1:4  trades=2  hit_rate=50.0%  total_pnl=38.55 points
  [3min] LONG  1:2  trades=2  hit_rate=50.0%  total_pnl=33.35 points
  [3min] LONG  1:3  trades=2  hit_rate=50.0%  total_pnl=35.95 points
  [3min] LONG  1:4  trades=2  hit_rate=50.0%  total_pnl=38.55 points
  [3min] LONG  1:2  trades=2  hit_rate=50.0%  total_pnl=33.35 points
  [3min] LONG  1:3  trades=2  hit_rate=50.0%  total_pnl=35.95 points
  [3min] LONG  1:4  trades=2  hit_rate=50.0%  total_pnl=38.55 points
  [3min] LONG  1:2  trades=2  hit_rate=50.0%  total_pnl=33.35 points
  [3min] LONG  1:3  trades=2  hit_rate=50.0%  total_pnl=35.95 points
  [3min] LONG  1:4  trades=2  hit_rate=50.0%  total_pnl=38.55 points
  [3min] LONG  1:2  trades=2  hit_rate=50.0%  total_pnl=33.35 points
  [3min] LONG  1:3  trades=2  hit_rate=50.0%  total_pnl=35.95 points
  [3min] LONG  1:4  trades=2  hit_rate=50.0%  total_pnl=38.55 points
  [3min] LONG  1:2  trades=2  hit_rate=50.0%  total_pnl=33.35 points
  [3min] LONG  1:3  trades=2  hit_rate=50.0%  total_pnl=35.95 points
  [3min] LONG  1:4  trades=2  hit_rate=50.0%  total_pnl=38.55 points
  [3min] LONG  1:2  trades=2  hit_rate=50.0%  total_pnl=33.35 points
  [3min] LONG  1:3  trades=2  hit_rate=50.0%  total_pnl=35.95 points
  [3min] LONG  1:4  trades=2  hit_rate=50.0%  total_pnl=38.55 points
  [3min] LONG  1:2  trades=2  hit_rate=50.0%  total_pnl=33.35 points
  [3min] LONG  1:3  trades=2  hit_rate=50.0%  total_pnl=35.95 points
  [3min] LONG  1:4  trades=2  hit_rate=50.0%  total_pnl=38.55 points
  [3min] LONG  1:2  trades=2  hit_rate=50.0%  total_pnl=33.35 points
  [3min] LONG  1:3  trades=2  hit_rate=50.0%  total_pnl=35.95 points
  [3min] LONG  1:4  trades=2  hit_rate=50.0%  total_pnl=38.55 points
  [3min] LONG  1:2  trades=2  hit_rate=50.0%  total_pnl=33.35 points
  [3min] LONG  1:3  trades=2  hit_rate=50.0%  total_pnl=35.95 points
  [3min] LONG  1:4  trades=2  hit_rate=50.0%  total_pnl=38.55 points
  [3min] LONG  1:2  trades=2  hit_rate=50.0%  total_pnl=33.35 points
  [3min] LONG  1:3  trades=2  hit_rate=50.0%  total_pnl=35.95 points
  [3min] LONG  1:4  trades=2  hit_rate=50.0%  total_pnl=38.55 points
  [3min] LONG  1:2  trades=2  hit_rate=50.0%  total_pnl=33.35 points
  [3min] LONG  1:3  trades=2  hit_rate=50.0%  total_pnl=35.95 points
  [3min] LONG  1:4  trades=2  hit_rate=50.0%  total_pnl=38.55 points
  [3min] LONG  1:2  trades=2  hit_rate=50.0%  total_pnl=33.35 points
  [3min] LONG  1:3  trades=2  hit_rate=50.0%  total_pnl=35.95 points
  [3min] LONG  1:4  trades=2  hit_rate=50.0%  total_pnl=38.55 points
  [3min] LONG  1:2  trades=2  hit_rate=50.0%  total_pnl=33.35 points
  [3min] LONG  1:3  trades=2  hit_rate=50.0%  total_pnl=35.95 points
  [3min] LONG  1:4  trades=2  hit_rate=50.0%  total_pnl=38.55 points
  [3min] LONG  1:2  trades=2  hit_rate=50.0%  total_pnl=33.35 points
  [3min] LONG  1:3  trades=2  hit_rate=50.0%  total_pnl=35.95 points
  [3min] LONG  1:4  trades=2  hit_rate=50.0%  total_pnl=38.55 points
  [3min] LONG  1:2  trades=2  hit_rate=50.0%  total_pnl=33.35 points
  [3min] LONG  1:3  trades=2  hit_rate=50.0%  total_pnl=35.95 points
  [3min] LONG  1:4  trades=2  hit_rate=50.0%  total_pnl=38.55 points
  [3min] LONG  1:2  trades=2  hit_rate=50.0%  total_pnl=33.35 points
  [3min] LONG  1:3  trades=2  hit_rate=50.0%  total_pnl=35.95 points
  [3min] LONG  1:4  trades=2  hit_rate=50.0%  total_pnl=38.55 points
  [3min] LONG  1:2  trades=2  hit_rate=50.0%  total_pnl=33.35 points
  [3min] LONG  1:3  trades=2  hit_rate=50.0%  total_pnl=35.95 points
  [3min] LONG  1:4  trades=2  hit_rate=50.0%  total_pnl=38.55 points
  [3min] LONG  1:2  trades=2  hit_rate=50.0%  total_pnl=33.35 points
  [3min] LONG  1:3  trades=2  hit_rate=50.0%  total_pnl=35.95 points
  [3min] LONG  1:4  trades=2  hit_rate=50.0%  total_pnl=38.55 points
  [3min] LONG  1:2  trades=2  hit_rate=50.0%  total_pnl=33.35 points
  [3min] LONG  1:3  trades=2  hit_rate=50.0%  total_pnl=35.95 points
  [3min] LONG  1:4  trades=2  hit_rate=50.0%  total_pnl=38.55 points
  [3min] LONG  1:2  trades=2  hit_rate=50.0%  total_pnl=33.35 points
  [3min] LONG  1:3  trades=2  hit_rate=50.0%  total_pnl=35.95 points
  [3min] LONG  1:4  trades=2  hit_rate=50.0%  total_pnl=38.55 points
  [3min] LONG  1:2  trades=2  hit_rate=50.0%  total_pnl=33.35 points
  [3min] LONG  1:3  trades=2  hit_rate=50.0%  total_pnl=35.95 points
  [3min] LONG  1:4  trades=2  hit_rate=50.0%  total_pnl=38.55 points
  [3min] LONG  1:2  trades=2  hit_rate=50.0%  total_pnl=33.35 points
  [3min] LONG  1:3  trades=2  hit_rate=50.0%  total_pnl=35.95 points
  [3min] LONG  1:4  trades=2  hit_rate=50.0%  total_pnl=38.55 points
  [3min] LONG  1:2  trades=2  hit_rate=50.0%  total_pnl=33.35 points
  [3min] LONG  1:3  trades=2  hit_rate=50.0%  total_pnl=35.95 points
  [3min] LONG  1:4  trades=2  hit_rate=50.0%  total_pnl=38.55 points
  [3min] LONG  1:2  trades=2  hit_rate=50.0%  total_pnl=33.35 points
  [3min] LONG  1:3  trades=2  hit_rate=50.0%  total_pnl=35.95 points
  [3min] LONG  1:4  trades=2  hit_rate=50.0%  total_pnl=38.55 points
  [3min] LONG  1:2  trades=2  hit_rate=50.0%  total_pnl=33.35 points
  [3min] LONG  1:3  trades=2  hit_rate=50.0%  total_pnl=35.95 points
  [3min] LONG  1:4  trades=2  hit_rate=50.0%  total_pnl=38.55 points
  [3min] LONG  1:2  trades=2  hit_rate=50.0%  total_pnl=33.35 points
  [3min] LONG  1:3  trades=2  hit_rate=50.0%  total_pnl=35.95 points
  [3min] LONG  1:4  trades=2  hit_rate=50.0%  total_pnl=38.55 points
  [3min] LONG  1:2  trades=2  hit_rate=50.0%  total_pnl=33.35 points
  [3min] LONG  1:3  trades=2  hit_rate=50.0%  total_pnl=35.95 points
  [3min] LONG  1:4  trades=2  hit_rate=50.0%  total_pnl=38.55 points
  [3min] LONG  1:2  trades=2  hit_rate=50.0%  total_pnl=33.35 points
  [3min] LONG  1:3  trades=2  hit_rate=50.0%  total_pnl=35.95 points
  [3min] LONG  1:4  trades=2  hit_rate=50.0%  total_pnl=38.55 points
  [3min] LONG  1:2  trades=2  hit_rate=50.0%  total_pnl=33.35 points
  [3min] LONG  1:3  trades=2  hit_rate=50.0%  total_pnl=35.95 points
  [3min] LONG  1:4  trades=2  hit_rate=50.0%  total_pnl=38.55 points
  [3min] LONG  1:2  trades=2  hit_rate=50.0%  total_pnl=33.35 points
  [3min] LONG  1:3  trades=2  hit_rate=50.0%  total_pnl=35.95 points
  [3min] LONG  1:4  trades=2  hit_rate=50.0%  total_pnl=38.55 points
  [3min] LONG  1:2  trades=2  hit_rate=50.0%  total_pnl=33.35 points
  [3min] LONG  1:3  trades=2  hit_rate=50.0%  total_pnl=35.95 points
  [3min] LONG  1:4  trades=2  hit_rate=50.0%  total_pnl=38.55 points
  [3min] LONG  1:2  trades=2  hit_rate=50.0%  total_pnl=33.35 points
  [3min] LONG  1:3  trades=2  hit_rate=50.0%  total_pnl=35.95 points
  [3min] LONG  1:4  trades=2  hit_rate=50.0%  total_pnl=38.55 points
  [3min] LONG  1:2  trades=2  hit_rate=50.0%  total_pnl=33.35 points
  [3min] LONG  1:3  trades=2  hit_rate=50.0%  total_pnl=35.95 points
  [3min] LONG  1:4  trades=2  hit_rate=50.0%  total_pnl=38.55 points
  [3min] LONG  1:2  trades=2  hit_rate=50.0%  total_pnl=33.35 points
  [3min] LONG  1:3  trades=2  hit_rate=50.0%  total_pnl=35.95 points
  [3min] LONG  1:4  trades=2  hit_rate=50.0%  total_pnl=38.55 points
  [3min] LONG  1:2  trades=2  hit_rate=50.0%  total_pnl=33.35 points
  [3min] LONG  1:3  trades=2  hit_rate=50.0%  total_pnl=35.95 points
  [3min] LONG  1:4  trades=2  hit_rate=50.0%  total_pnl=38.55 points
  [3min] LONG  1:2  trades=2  hit_rate=50.0%  total_pnl=33.35 points
  [3min] LONG  1:3  trades=2  hit_rate=50.0%  total_pnl=35.95 points
  [3min] LONG  1:4  trades=2  hit_rate=50.0%  total_pnl=38.55 points
  [3min] LONG  1:2  trades=2  hit_rate=50.0%  total_pnl=33.35 points
  [3min] LONG  1:3  trades=2  hit_rate=50.0%  total_pnl=35.95 points
  [3min] LONG  1:4  trades=2  hit_rate=50.0%  total_pnl=38.55 points
  [3min] LONG  1:2  trades=2  hit_rate=50.0%  total_pnl=33.35 points
  [3min] LONG  1:3  trades=2  hit_rate=50.0%  total_pnl=35.95 points
  [3min] LONG  1:4  trades=2  hit_rate=50.0%  total_pnl=38.55 points
  [3min] LONG  1:2  trades=2  hit_rate=50.0%  total_pnl=33.35 points
  [3min] LONG  1:3  trades=2  hit_rate=50.0%  total_pnl=35.95 points
  [3min] LONG  1:4  trades=2  hit_rate=50.0%  total_pnl=38.55 points
  [3min] LONG  1:2  trades=2  hit_rate=50.0%  total_pnl=33.35 points
  [3min] LONG  1:3  trades=2  hit_rate=50.0%  total_pnl=35.95 points
  [3min] LONG  1:4  trades=2  hit_rate=50.0%  total_pnl=38.55 points
  [3min] LONG  1:2  trades=2  hit_rate=50.0%  total_pnl=33.35 points
  [3min] LONG  1:3  trades=2  hit_rate=50.0%  total_pnl=35.95 points
  [3min] LONG  1:4  trades=2  hit_rate=50.0%  total_pnl=38.55 points
  [3min] LONG  1:2  trades=2  hit_rate=50.0%  total_pnl=33.35 points
  [3min] LONG  1:3  trades=2  hit_rate=50.0%  total_pnl=35.95 points
  [3min] LONG  1:4  trades=2  hit_rate=50.0%  total_pnl=38.55 points
  [3min] LONG  1:2  trades=2  hit_rate=50.0%  total_pnl=33.35 points
  [3min] LONG  1:3  trades=2  hit_rate=50.0%  total_pnl=35.95 points
  [3min] LONG  1:4  trades=2  hit_rate=50.0%  total_pnl=38.55 points
  [3min] LONG  1:2  trades=2  hit_rate=50.0%  total_pnl=33.35 points
  [3min] LONG  1:3  trades=2  hit_rate=50.0%  total_pnl=35.95 points
  [3min] LONG  1:4  trades=2  hit_rate=50.0%  total_pnl=38.55 points
  [3min] LONG  1:2  trades=2  hit_rate=50.0%  total_pnl=33.35 points
  [3min] LONG  1:3  trades=2  hit_rate=50.0%  total_pnl=35.95 points
  [3min] LONG  1:4  trades=2  hit_rate=50.0%  total_pnl=38.55 points
  [3min] LONG  1:2  trades=2  hit_rate=50.0%  total_pnl=33.35 points
  [3min] LONG  1:3  trades=2  hit_rate=50.0%  total_pnl=35.95 points
  [3min] LONG  1:4  trades=2  hit_rate=50.0%  total_pnl=38.55 points
  [3min] LONG  1:2  trades=2  hit_rate=50.0%  total_pnl=33.35 points
  [3min] LONG  1:3  trades=2  hit_rate=50.0%  total_pnl=35.95 points
  [3min] LONG  1:4  trades=2  hit_rate=50.0%  total_pnl=38.55 points
  [3min] LONG  1:2  trades=2  hit_rate=50.0%  total_pnl=33.35 points
  [3min] LONG  1:3  trades=2  hit_rate=50.0%  total_pnl=35.95 points
  [3min] LONG  1:4  trades=2  hit_rate=50.0%  total_pnl=38.55 points
  [3min] LONG  1:2  trades=2  hit_rate=50.0%  total_pnl=33.35 points
  [3min] LONG  1:3  trades=2  hit_rate=50.0%  total_pnl=35.95 points
  [3min] LONG  1:4  trades=2  hit_rate=50.0%  total_pnl=38.55 points
  [3min] LONG  1:2  trades=2  hit_rate=50.0%  total_pnl=33.35 points
  [3min] LONG  1:3  trades=2  hit_rate=50.0%  total_pnl=35.95 points
  [3min] LONG  1:4  trades=2  hit_rate=50.0%  total_pnl=38.55 points
  [3min] LONG  1:2  trades=2  hit_rate=50.0%  total_pnl=33.35 points
  [3min] LONG  1:3  trades=2  hit_rate=50.0%  total_pnl=35.95 points
  [3min] LONG  1:4  trades=2  hit_rate=50.0%  total_pnl=38.55 points
  [3min] LONG  1:2  trades=2  hit_rate=50.0%  total_pnl=33.35 points
  [3min] LONG  1:3  trades=2  hit_rate=50.0%  total_pnl=35.95 points
  [3min] LONG  1:4  trades=2  hit_rate=50.0%  total_pnl=38.55 points
  [3min] LONG  1:2  trades=2  hit_rate=50.0%  total_pnl=33.35 points
  [3min] LONG  1:3  trades=2  hit_rate=50.0%  total_pnl=35.95 points
  [3min] LONG  1:4  trades=2  hit_rate=50.0%  total_pnl=38.55 points
  [3min] LONG  1:2  trades=2  hit_rate=50.0%  total_pnl=33.35 points
  [3min] LONG  1:3  trades=2  hit_rate=50.0%  total_pnl=35.95 points
  [3min] LONG  1:4  trades=2  hit_rate=50.0%  total_pnl=38.55 points
  [3min] LONG  1:2  trades=2  hit_rate=50.0%  total_pnl=33.35 points
  [3min] LONG  1:3  trades=2  hit_rate=50.0%  total_pnl=35.95 points
  [3min] LONG  1:4  trades=2  hit_rate=50.0%  total_pnl=38.55 points
  [3min] LONG  1:2  trades=2  hit_rate=50.0%  total_pnl=33.35 points
  [3min] LONG  1:3  trades=2  hit_rate=50.0%  total_pnl=35.95 points
  [3min] LONG  1:4  trades=2  hit_rate=50.0%  total_pnl=38.55 points
  [3min] LONG  1:2  trades=2  hit_rate=50.0%  total_pnl=33.35 points
  [3min] LONG  1:3  trades=2  hit_rate=50.0%  total_pnl=35.95 points
  [3min] LONG  1:4  trades=2  hit_rate=50.0%  total_pnl=38.55 points
  [3min] LONG  1:2  trades=2  hit_rate=50.0%  total_pnl=33.35 points
  [3min] LONG  1:3  trades=2  hit_rate=50.0%  total_pnl=35.95 points
  [3min] LONG  1:4  trades=2  hit_rate=50.0%  total_pnl=38.55 points
  [3min] LONG  1:2  trades=2  hit_rate=50.0%  total_pnl=33.35 points
  [3min] LONG  1:3  trades=2  hit_rate=50.0%  total_pnl=35.95 points
  [3min] LONG  1:4  trades=2  hit_rate=50.0%  total_pnl=38.55 points
  [3min] LONG  1:2  trades=2  hit_rate=50.0%  total_pnl=33.35 points
  [3min] LONG  1:3  trades=2  hit_rate=50.0%  total_pnl=35.95 points
  [3min] LONG  1:4  trades=2  hit_rate=50.0%  total_pnl=38.55 points
  [3min] LONG  1:2  trades=2  hit_rate=50.0%  total_pnl=33.35 points
  [3min] LONG  1:3  trades=2  hit_rate=50.0%  total_pnl=35.95 points
  [3min] LONG  1:4  trades=2  hit_rate=50.0%  total_pnl=38.55 points
  [3min] LONG  1:2  trades=2  hit_rate=50.0%  total_pnl=33.35 points
  [3min] LONG  1:3  trades=2  hit_rate=50.0%  total_pnl=35.95 points
  [3min] LONG  1:4  trades=2  hit_rate=50.0%  total_pnl=38.55 points
  [3min] LONG  1:2  trades=2  hit_rate=50.0%  total_pnl=33.35 points
  [3min] LONG  1:3  trades=2  hit_rate=50.0%  total_pnl=35.95 points
  [3min] LONG  1:4  trades=2  hit_rate=50.0%  total_pnl=38.55 points
  [3min] LONG  1:2  trades=2  hit_rate=50.0%  total_pnl=33.35 points
  [3min] LONG  1:3  trades=2  hit_rate=50.0%  total_pnl=35.95 points
  [3min] LONG  1:4  trades=2  hit_rate=50.0%  total_pnl=38.55 points
  [3min] LONG  1:2  trades=2  hit_rate=50.0%  total_pnl=33.35 points
  [3min] LONG  1:3  trades=2  hit_rate=50.0%  total_pnl=35.95 points
  [3min] LONG  1:4  trades=2  hit_rate=50.0%  total_pnl=38.55 points
  [3min] LONG  1:2  trades=2  hit_rate=50.0%  total_pnl=33.35 points
  [3min] LONG  1:3  trades=2  hit_rate=50.0%  total_pnl=35.95 points
  [3min] LONG  1:4  trades=2  hit_rate=50.0%  total_pnl=38.55 points
  [3min] LONG  1:2  trades=2  hit_rate=50.0%  total_pnl=33.35 points
  [3min] LONG  1:3  trades=2  hit_rate=50.0%  total_pnl=35.95 points
  [3min] LONG  1:4  trades=2  hit_rate=50.0%  total_pnl=38.55 points
  [3min] LONG  1:2  trades=2  hit_rate=50.0%  total_pnl=33.35 points
  [3min] LONG  1:3  trades=2  hit_rate=50.0%  total_pnl=35.95 points
  [3min] LONG  1:4  trades=2  hit_rate=50.0%  total_pnl=38.55 points
  [3min] LONG  1:2  trades=2  hit_rate=50.0%  total_pnl=33.35 points
  [3min] LONG  1:3  trades=2  hit_rate=50.0%  total_pnl=35.95 points
  [3min] LONG  1:4  trades=2  hit_rate=50.0%  total_pnl=38.55 points
  [3min] LONG  1:2  trades=2  hit_rate=50.0%  total_pnl=33.35 points
  [3min] LONG  1:3  trades=2  hit_rate=50.0%  total_pnl=35.95 points
  [3min] LONG  1:4  trades=2  hit_rate=50.0%  total_pnl=38.55 points
  [3min] LONG  1:2  trades=2  hit_rate=50.0%  total_pnl=33.35 points
  [3min] LONG  1:3  trades=2  hit_rate=50.0%  total_pnl=35.95 points
  [3min] LONG  1:4  trades=2  hit_rate=50.0%  total_pnl=38.55 points
  [3min] LONG  1:2  trades=2  hit_rate=50.0%  total_pnl=33.35 points
  [3min] LONG  1:3  trades=2  hit_rate=50.0%  total_pnl=35.95 points
  [3min] LONG  1:4  trades=2  hit_rate=50.0%  total_pnl=38.55 points
  [3min] LONG  1:2  trades=2  hit_rate=50.0%  total_pnl=33.35 points
  [3min] LONG  1:3  trades=2  hit_rate=50.0%  total_pnl=35.95 points
  [3min] LONG  1:4  trades=2  hit_rate=50.0%  total_pnl=38.55 points
  [3min] LONG  1:2  trades=1  hit_rate=100.0%  total_pnl=5.2 points
  [3min] LONG  1:3  trades=1  hit_rate=100.0%  total_pnl=7.8 points
  [3min] LONG  1:4  trades=1  hit_rate=100.0%  total_pnl=10.4 points
  [3min] LONG  1:2  trades=1  hit_rate=100.0%  total_pnl=5.2 points
  [3min] LONG  1:3  trades=1  hit_rate=100.0%  total_pnl=7.8 points
  [3min] LONG  1:4  trades=1  hit_rate=100.0%  total_pnl=10.4 points
  [3min] LONG  1:2  trades=1  hit_rate=100.0%  total_pnl=5.2 points
  [3min] LONG  1:3  trades=1  hit_rate=100.0%  total_pnl=7.8 points
  [3min] LONG  1:4  trades=1  hit_rate=100.0%  total_pnl=10.4 points
  [3min] LONG  1:2  trades=1  hit_rate=100.0%  total_pnl=5.2 points
  [3min] LONG  1:3  trades=1  hit_rate=100.0%  total_pnl=7.8 points
  [3min] LONG  1:4  trades=1  hit_rate=100.0%  total_pnl=10.4 points

----------------------------------------------------------------------------------------------------
[4/14] NIFTY_2026-09-14_DASHBOARD.json
----------------------------------------------------------------------------------------------------
WARNING: NIFTY_2026-09-14_DASHBOARD.json -> 0 real candles inside market hours (09:15:00-15:30:00) at 12sec; every candle is zero-filled. Check the source file's timestamps.
WARNING: NIFTY_2026-09-14_DASHBOARD.json -> 0 real candles inside market hours (09:15:00-15:30:00) at 1min; every candle is zero-filled. Check the source file's timestamps.
WARNING: NIFTY_2026-09-14_DASHBOARD.json -> 0 real candles inside market hours (09:15:00-15:30:00) at 3min; every candle is zero-filled. Check the source file's timestamps.
Process started for the file : D:/Git/fresh_dashboard/app/data
Timeframes tested : ['12sec', '1min', '3min']
Entry candle rule : disabled — the trigger candle itself is the entry candle (entry at its close, SL at its low/high)
R:R multiples     : [2.0, 3.0, 4.0]
Total no of variation : 3 timeframes x 2 directions x 4 candles x 20 atr_multiplier x 2 bb_period x 2 bb_num_std x 3 R:R = 1920
Workers : 12 (of 14 CPU cores available)
Completed 1920 variations in 11.4s using 12 worker(s)
  Triggers: 0   Trades entered: 0   No Entry: 0

----------------------------------------------------------------------------------------------------
[5/14] NIFTY_2026-09-15_DASHBOARD.json
----------------------------------------------------------------------------------------------------
Process started for the file : D:/Git/fresh_dashboard/app/data
Timeframes tested : ['12sec', '1min', '3min']
Entry candle rule : disabled — the trigger candle itself is the entry candle (entry at its close, SL at its low/high)
R:R multiples     : [2.0, 3.0, 4.0]
Total no of variation : 3 timeframes x 2 directions x 4 candles x 20 atr_multiplier x 2 bb_period x 2 bb_num_std x 3 R:R = 1920
Workers : 12 (of 14 CPU cores available)
Completed 1920 variations in 12.5s using 12 worker(s)
  Triggers: 63   Trades entered: 63   No Entry: 0
  [12sec] SHORT 1:2  trades=44  hit_rate=13.64%  total_pnl=-46.75 points
  [12sec] SHORT 1:3  trades=44  hit_rate=9.09%  total_pnl=-47.7 points
  [12sec] SHORT 1:4  trades=44  hit_rate=9.09%  total_pnl=-40.85 points
  [12sec] SHORT 1:2  trades=20  hit_rate=25.0%  total_pnl=-12.15 points
  [12sec] SHORT 1:3  trades=20  hit_rate=15.0%  total_pnl=-13.2 points
  [12sec] SHORT 1:4  trades=20  hit_rate=15.0%  total_pnl=-6.45 points
  [12sec] SHORT 1:2  trades=33  hit_rate=15.15%  total_pnl=-40.65 points
  [12sec] SHORT 1:3  trades=33  hit_rate=12.12%  total_pnl=-37.55 points
  [12sec] SHORT 1:4  trades=33  hit_rate=12.12%  total_pnl=-30.7 points
  [12sec] SHORT 1:2  trades=14  hit_rate=7.14%  total_pnl=-14.75 points
  [12sec] SHORT 1:3  trades=14  hit_rate=7.14%  total_pnl=-10.25 points
  [12sec] SHORT 1:4  trades=14  hit_rate=7.14%  total_pnl=-5.75 points
  [12sec] SHORT 1:2  trades=40  hit_rate=12.5%  total_pnl=-45.7 points
  [12sec] SHORT 1:3  trades=40  hit_rate=7.5%  total_pnl=-48.0 points
  [12sec] SHORT 1:4  trades=40  hit_rate=7.5%  total_pnl=-42.5 points
  [12sec] SHORT 1:2  trades=19  hit_rate=21.05%  total_pnl=-14.85 points
  [12sec] SHORT 1:3  trades=19  hit_rate=10.53%  total_pnl=-17.25 points
  [12sec] SHORT 1:4  trades=19  hit_rate=10.53%  total_pnl=-11.85 points
  [12sec] SHORT 1:2  trades=31  hit_rate=12.9%  total_pnl=-41.95 points
  [12sec] SHORT 1:3  trades=31  hit_rate=9.68%  total_pnl=-40.2 points
  [12sec] SHORT 1:4  trades=31  hit_rate=9.68%  total_pnl=-34.7 points
  [12sec] SHORT 1:2  trades=14  hit_rate=7.14%  total_pnl=-14.75 points
  [12sec] SHORT 1:3  trades=14  hit_rate=7.14%  total_pnl=-10.25 points
  [12sec] SHORT 1:4  trades=14  hit_rate=7.14%  total_pnl=-5.75 points
  [12sec] SHORT 1:2  trades=32  hit_rate=9.38%  total_pnl=-41.6 points
  [12sec] SHORT 1:3  trades=32  hit_rate=9.38%  total_pnl=-36.1 points
  [12sec] SHORT 1:4  trades=32  hit_rate=9.38%  total_pnl=-30.6 points
  [12sec] SHORT 1:2  trades=14  hit_rate=14.29%  total_pnl=-15.15 points
  [12sec] SHORT 1:3  trades=14  hit_rate=14.29%  total_pnl=-9.75 points
  [12sec] SHORT 1:4  trades=14  hit_rate=14.29%  total_pnl=-4.35 points
  [12sec] SHORT 1:2  trades=26  hit_rate=11.54%  total_pnl=-36.9 points
  [12sec] SHORT 1:3  trades=26  hit_rate=11.54%  total_pnl=-31.4 points
  [12sec] SHORT 1:4  trades=26  hit_rate=11.54%  total_pnl=-25.9 points
  [12sec] SHORT 1:2  trades=11  hit_rate=9.09%  total_pnl=-9.85 points
  [12sec] SHORT 1:3  trades=11  hit_rate=9.09%  total_pnl=-5.35 points
  [12sec] SHORT 1:4  trades=11  hit_rate=9.09%  total_pnl=-0.85 points
  [12sec] SHORT 1:2  trades=30  hit_rate=10.0%  total_pnl=-38.95 points
  [12sec] SHORT 1:3  trades=30  hit_rate=10.0%  total_pnl=-33.45 points
  [12sec] SHORT 1:4  trades=30  hit_rate=10.0%  total_pnl=-27.95 points
  [12sec] SHORT 1:2  trades=14  hit_rate=14.29%  total_pnl=-15.15 points
  [12sec] SHORT 1:3  trades=14  hit_rate=14.29%  total_pnl=-9.75 points
  [12sec] SHORT 1:4  trades=14  hit_rate=14.29%  total_pnl=-4.35 points
  [12sec] SHORT 1:2  trades=25  hit_rate=12.0%  total_pnl=-35.2 points
  [12sec] SHORT 1:3  trades=25  hit_rate=12.0%  total_pnl=-29.7 points
  [12sec] SHORT 1:4  trades=25  hit_rate=12.0%  total_pnl=-24.2 points
  [12sec] SHORT 1:2  trades=11  hit_rate=9.09%  total_pnl=-9.85 points
  [12sec] SHORT 1:3  trades=11  hit_rate=9.09%  total_pnl=-5.35 points
  [12sec] SHORT 1:4  trades=11  hit_rate=9.09%  total_pnl=-0.85 points
  [12sec] SHORT 1:2  trades=23  hit_rate=8.7%  total_pnl=-22.25 points
  [12sec] SHORT 1:3  trades=23  hit_rate=8.7%  total_pnl=-16.85 points
  [12sec] SHORT 1:4  trades=23  hit_rate=8.7%  total_pnl=-11.45 points
  [12sec] SHORT 1:2  trades=10  hit_rate=20.0%  total_pnl=-4.6 points
  [12sec] SHORT 1:3  trades=10  hit_rate=20.0%  total_pnl=0.8 points
  [12sec] SHORT 1:4  trades=10  hit_rate=20.0%  total_pnl=6.2 points
  [12sec] SHORT 1:2  trades=19  hit_rate=10.53%  total_pnl=-18.6 points
  [12sec] SHORT 1:3  trades=19  hit_rate=10.53%  total_pnl=-13.2 points
  [12sec] SHORT 1:4  trades=19  hit_rate=10.53%  total_pnl=-7.8 points
  [12sec] SHORT 1:2  trades=8  hit_rate=12.5%  total_pnl=-1.1 points
  [12sec] SHORT 1:3  trades=8  hit_rate=12.5%  total_pnl=3.4 points
  [12sec] SHORT 1:4  trades=8  hit_rate=12.5%  total_pnl=7.9 points
  [12sec] SHORT 1:2  trades=18  hit_rate=11.11%  total_pnl=-16.45 points
  [12sec] SHORT 1:3  trades=18  hit_rate=11.11%  total_pnl=-11.05 points
  [12sec] SHORT 1:4  trades=18  hit_rate=11.11%  total_pnl=-5.65 points
  [12sec] SHORT 1:2  trades=8  hit_rate=25.0%  total_pnl=-0.65 points
  [12sec] SHORT 1:3  trades=8  hit_rate=25.0%  total_pnl=4.75 points
  [12sec] SHORT 1:4  trades=8  hit_rate=25.0%  total_pnl=10.15 points
  [12sec] SHORT 1:2  trades=14  hit_rate=14.29%  total_pnl=-12.8 points
  [12sec] SHORT 1:3  trades=14  hit_rate=14.29%  total_pnl=-7.4 points
  [12sec] SHORT 1:4  trades=14  hit_rate=14.29%  total_pnl=-2.0 points
  [12sec] SHORT 1:2  trades=6  hit_rate=16.67%  total_pnl=2.85 points
  [12sec] SHORT 1:3  trades=6  hit_rate=16.67%  total_pnl=7.35 points
  [12sec] SHORT 1:4  trades=6  hit_rate=16.67%  total_pnl=11.85 points
  [12sec] SHORT 1:2  trades=11  hit_rate=18.18%  total_pnl=-7.35 points
  [12sec] SHORT 1:3  trades=11  hit_rate=18.18%  total_pnl=-1.95 points
  [12sec] SHORT 1:4  trades=11  hit_rate=18.18%  total_pnl=3.45 points
  [12sec] SHORT 1:2  trades=4  hit_rate=50.0%  total_pnl=5.35 points
  [12sec] SHORT 1:3  trades=4  hit_rate=50.0%  total_pnl=10.75 points
  [12sec] SHORT 1:4  trades=4  hit_rate=50.0%  total_pnl=16.15 points
  [12sec] SHORT 1:2  trades=8  hit_rate=25.0%  total_pnl=-4.05 points
  [12sec] SHORT 1:3  trades=8  hit_rate=25.0%  total_pnl=1.35 points
  [12sec] SHORT 1:4  trades=8  hit_rate=25.0%  total_pnl=6.75 points
  [12sec] SHORT 1:2  trades=2  hit_rate=50.0%  total_pnl=8.85 points
  [12sec] SHORT 1:3  trades=2  hit_rate=50.0%  total_pnl=13.35 points
  [12sec] SHORT 1:4  trades=2  hit_rate=50.0%  total_pnl=17.85 points
  [12sec] SHORT 1:2  trades=9  hit_rate=22.22%  total_pnl=-3.3 points
  [12sec] SHORT 1:3  trades=9  hit_rate=22.22%  total_pnl=2.1 points
  [12sec] SHORT 1:4  trades=9  hit_rate=22.22%  total_pnl=7.5 points
  [12sec] SHORT 1:2  trades=4  hit_rate=50.0%  total_pnl=5.35 points
  [12sec] SHORT 1:3  trades=4  hit_rate=50.0%  total_pnl=10.75 points
  [12sec] SHORT 1:4  trades=4  hit_rate=50.0%  total_pnl=16.15 points
  [12sec] SHORT 1:2  trades=7  hit_rate=28.57%  total_pnl=-0.05 points
  [12sec] SHORT 1:3  trades=7  hit_rate=28.57%  total_pnl=5.35 points
  [12sec] SHORT 1:4  trades=7  hit_rate=28.57%  total_pnl=10.75 points
  [12sec] SHORT 1:2  trades=2  hit_rate=50.0%  total_pnl=8.85 points
  [12sec] SHORT 1:3  trades=2  hit_rate=50.0%  total_pnl=13.35 points
  [12sec] SHORT 1:4  trades=2  hit_rate=50.0%  total_pnl=17.85 points
  [12sec] SHORT 1:2  trades=5  hit_rate=0.0%  total_pnl=-10.2 points
  [12sec] SHORT 1:3  trades=5  hit_rate=0.0%  total_pnl=-10.2 points
  [12sec] SHORT 1:4  trades=5  hit_rate=0.0%  total_pnl=-10.2 points
  [12sec] SHORT 1:2  trades=2  hit_rate=0.0%  total_pnl=-5.45 points
  [12sec] SHORT 1:3  trades=2  hit_rate=0.0%  total_pnl=-5.45 points
  [12sec] SHORT 1:4  trades=2  hit_rate=0.0%  total_pnl=-5.45 points
  [12sec] SHORT 1:2  trades=4  hit_rate=0.0%  total_pnl=-8.6 points
  [12sec] SHORT 1:3  trades=4  hit_rate=0.0%  total_pnl=-8.6 points
  [12sec] SHORT 1:4  trades=4  hit_rate=0.0%  total_pnl=-8.6 points
  [12sec] SHORT 1:2  trades=1  hit_rate=0.0%  total_pnl=-0.15 points
  [12sec] SHORT 1:3  trades=1  hit_rate=0.0%  total_pnl=-0.15 points
  [12sec] SHORT 1:4  trades=1  hit_rate=0.0%  total_pnl=-0.15 points
  [12sec] SHORT 1:2  trades=1  hit_rate=0.0%  total_pnl=-5.3 points
  [12sec] SHORT 1:3  trades=1  hit_rate=0.0%  total_pnl=-5.3 points
  [12sec] SHORT 1:4  trades=1  hit_rate=0.0%  total_pnl=-5.3 points
  [12sec] SHORT 1:2  trades=1  hit_rate=0.0%  total_pnl=-5.3 points
  [12sec] SHORT 1:3  trades=1  hit_rate=0.0%  total_pnl=-5.3 points
  [12sec] SHORT 1:4  trades=1  hit_rate=0.0%  total_pnl=-5.3 points
  [12sec] SHORT 1:2  trades=1  hit_rate=0.0%  total_pnl=-5.3 points
  [12sec] SHORT 1:3  trades=1  hit_rate=0.0%  total_pnl=-5.3 points
  [12sec] SHORT 1:4  trades=1  hit_rate=0.0%  total_pnl=-5.3 points
  [12sec] SHORT 1:2  trades=45  hit_rate=13.33%  total_pnl=-48.05 points
  [12sec] SHORT 1:3  trades=45  hit_rate=8.89%  total_pnl=-49.0 points
  [12sec] SHORT 1:4  trades=45  hit_rate=8.89%  total_pnl=-42.15 points
  [12sec] SHORT 1:2  trades=20  hit_rate=25.0%  total_pnl=-12.15 points
  [12sec] SHORT 1:3  trades=20  hit_rate=15.0%  total_pnl=-13.2 points
  [12sec] SHORT 1:4  trades=20  hit_rate=15.0%  total_pnl=-6.45 points
  [12sec] SHORT 1:2  trades=34  hit_rate=14.71%  total_pnl=-41.95 points
  [12sec] SHORT 1:3  trades=34  hit_rate=11.76%  total_pnl=-38.85 points
  [12sec] SHORT 1:4  trades=34  hit_rate=11.76%  total_pnl=-32.0 points
  [12sec] SHORT 1:2  trades=14  hit_rate=7.14%  total_pnl=-14.75 points
  [12sec] SHORT 1:3  trades=14  hit_rate=7.14%  total_pnl=-10.25 points
  [12sec] SHORT 1:4  trades=14  hit_rate=7.14%  total_pnl=-5.75 points
  [12sec] SHORT 1:2  trades=44  hit_rate=13.64%  total_pnl=-46.75 points
  [12sec] SHORT 1:3  trades=44  hit_rate=9.09%  total_pnl=-47.7 points
  [12sec] SHORT 1:4  trades=44  hit_rate=9.09%  total_pnl=-40.85 points
  [12sec] SHORT 1:2  trades=20  hit_rate=25.0%  total_pnl=-12.15 points
  [12sec] SHORT 1:3  trades=20  hit_rate=15.0%  total_pnl=-13.2 points
  [12sec] SHORT 1:4  trades=20  hit_rate=15.0%  total_pnl=-6.45 points
  [12sec] SHORT 1:2  trades=33  hit_rate=15.15%  total_pnl=-40.65 points
  [12sec] SHORT 1:3  trades=33  hit_rate=12.12%  total_pnl=-37.55 points
  [12sec] SHORT 1:4  trades=33  hit_rate=12.12%  total_pnl=-30.7 points
  [12sec] SHORT 1:2  trades=14  hit_rate=7.14%  total_pnl=-14.75 points
  [12sec] SHORT 1:3  trades=14  hit_rate=7.14%  total_pnl=-10.25 points
  [12sec] SHORT 1:4  trades=14  hit_rate=7.14%  total_pnl=-5.75 points
  [12sec] SHORT 1:2  trades=43  hit_rate=13.95%  total_pnl=-45.35 points
  [12sec] SHORT 1:3  trades=43  hit_rate=9.3%  total_pnl=-46.3 points
  [12sec] SHORT 1:4  trades=43  hit_rate=9.3%  total_pnl=-39.45 points
  [12sec] SHORT 1:2  trades=20  hit_rate=25.0%  total_pnl=-12.15 points
  [12sec] SHORT 1:3  trades=20  hit_rate=15.0%  total_pnl=-13.2 points
  [12sec] SHORT 1:4  trades=20  hit_rate=15.0%  total_pnl=-6.45 points
  [12sec] SHORT 1:2  trades=32  hit_rate=15.62%  total_pnl=-39.25 points
  [12sec] SHORT 1:3  trades=32  hit_rate=12.5%  total_pnl=-36.15 points
  [12sec] SHORT 1:4  trades=32  hit_rate=12.5%  total_pnl=-29.3 points
  [12sec] SHORT 1:2  trades=14  hit_rate=7.14%  total_pnl=-14.75 points
  [12sec] SHORT 1:3  trades=14  hit_rate=7.14%  total_pnl=-10.25 points
  [12sec] SHORT 1:4  trades=14  hit_rate=7.14%  total_pnl=-5.75 points
  [12sec] SHORT 1:2  trades=41  hit_rate=12.2%  total_pnl=-46.6 points
  [12sec] SHORT 1:3  trades=41  hit_rate=9.76%  total_pnl=-43.8 points
  [12sec] SHORT 1:4  trades=41  hit_rate=9.76%  total_pnl=-36.95 points
  [12sec] SHORT 1:2  trades=19  hit_rate=21.05%  total_pnl=-14.65 points
  [12sec] SHORT 1:3  trades=19  hit_rate=15.79%  total_pnl=-11.95 points
  [12sec] SHORT 1:4  trades=19  hit_rate=15.79%  total_pnl=-5.2 points
  [12sec] SHORT 1:2  trades=31  hit_rate=12.9%  total_pnl=-41.75 points
  [12sec] SHORT 1:3  trades=31  hit_rate=12.9%  total_pnl=-34.9 points
  [12sec] SHORT 1:4  trades=31  hit_rate=12.9%  total_pnl=-28.05 points
  [12sec] SHORT 1:2  trades=14  hit_rate=7.14%  total_pnl=-14.75 points
  [12sec] SHORT 1:3  trades=14  hit_rate=7.14%  total_pnl=-10.25 points
  [12sec] SHORT 1:4  trades=14  hit_rate=7.14%  total_pnl=-5.75 points
  [12sec] SHORT 1:2  trades=35  hit_rate=11.43%  total_pnl=-42.4 points
  [12sec] SHORT 1:3  trades=35  hit_rate=8.57%  total_pnl=-40.95 points
  [12sec] SHORT 1:4  trades=35  hit_rate=8.57%  total_pnl=-35.45 points
  [12sec] SHORT 1:2  trades=17  hit_rate=17.65%  total_pnl=-15.95 points
  [12sec] SHORT 1:3  trades=17  hit_rate=11.76%  total_pnl=-14.6 points
  [12sec] SHORT 1:4  trades=17  hit_rate=11.76%  total_pnl=-9.2 points
  [12sec] SHORT 1:2  trades=28  hit_rate=10.71%  total_pnl=-40.4 points
  [12sec] SHORT 1:3  trades=28  hit_rate=10.71%  total_pnl=-34.9 points
  [12sec] SHORT 1:4  trades=28  hit_rate=10.71%  total_pnl=-29.4 points
  [12sec] SHORT 1:2  trades=13  hit_rate=7.69%  total_pnl=-13.35 points
  [12sec] SHORT 1:3  trades=13  hit_rate=7.69%  total_pnl=-8.85 points
  [12sec] SHORT 1:4  trades=13  hit_rate=7.69%  total_pnl=-4.35 points
  [12sec] SHORT 1:2  trades=32  hit_rate=12.5%  total_pnl=-35.85 points
  [12sec] SHORT 1:3  trades=32  hit_rate=9.38%  total_pnl=-34.4 points
  [12sec] SHORT 1:4  trades=32  hit_rate=9.38%  total_pnl=-28.9 points
  [12sec] SHORT 1:2  trades=14  hit_rate=21.43%  total_pnl=-9.4 points
  [12sec] SHORT 1:3  trades=14  hit_rate=14.29%  total_pnl=-8.05 points
  [12sec] SHORT 1:4  trades=14  hit_rate=14.29%  total_pnl=-2.65 points
  [12sec] SHORT 1:2  trades=25  hit_rate=12.0%  total_pnl=-33.85 points
  [12sec] SHORT 1:3  trades=25  hit_rate=12.0%  total_pnl=-28.35 points
  [12sec] SHORT 1:4  trades=25  hit_rate=12.0%  total_pnl=-22.85 points
  [12sec] SHORT 1:2  trades=10  hit_rate=10.0%  total_pnl=-6.8 points
  [12sec] SHORT 1:3  trades=10  hit_rate=10.0%  total_pnl=-2.3 points
  [12sec] SHORT 1:4  trades=10  hit_rate=10.0%  total_pnl=2.2 points
  [12sec] SHORT 1:2  trades=31  hit_rate=12.9%  total_pnl=-34.15 points
  [12sec] SHORT 1:3  trades=31  hit_rate=9.68%  total_pnl=-32.7 points
  [12sec] SHORT 1:4  trades=31  hit_rate=9.68%  total_pnl=-27.2 points
  [12sec] SHORT 1:2  trades=14  hit_rate=21.43%  total_pnl=-9.4 points
  [12sec] SHORT 1:3  trades=14  hit_rate=14.29%  total_pnl=-8.05 points
  [12sec] SHORT 1:4  trades=14  hit_rate=14.29%  total_pnl=-2.65 points
  [12sec] SHORT 1:2  trades=24  hit_rate=12.5%  total_pnl=-32.15 points
  [12sec] SHORT 1:3  trades=24  hit_rate=12.5%  total_pnl=-26.65 points
  [12sec] SHORT 1:4  trades=24  hit_rate=12.5%  total_pnl=-21.15 points
  [12sec] SHORT 1:2  trades=10  hit_rate=10.0%  total_pnl=-6.8 points
  [12sec] SHORT 1:3  trades=10  hit_rate=10.0%  total_pnl=-2.3 points
  [12sec] SHORT 1:4  trades=10  hit_rate=10.0%  total_pnl=2.2 points
  [12sec] SHORT 1:2  trades=27  hit_rate=7.41%  total_pnl=-33.6 points
  [12sec] SHORT 1:3  trades=27  hit_rate=7.41%  total_pnl=-28.2 points
  [12sec] SHORT 1:4  trades=27  hit_rate=7.41%  total_pnl=-22.8 points
  [12sec] SHORT 1:2  trades=12  hit_rate=16.67%  total_pnl=-9.6 points
  [12sec] SHORT 1:3  trades=12  hit_rate=16.67%  total_pnl=-4.2 points
  [12sec] SHORT 1:4  trades=12  hit_rate=16.67%  total_pnl=1.2 points
  [12sec] SHORT 1:2  trades=22  hit_rate=9.09%  total_pnl=-29.85 points
  [12sec] SHORT 1:3  trades=22  hit_rate=9.09%  total_pnl=-24.45 points
  [12sec] SHORT 1:4  trades=22  hit_rate=9.09%  total_pnl=-19.05 points
  [12sec] SHORT 1:2  trades=9  hit_rate=11.11%  total_pnl=-4.3 points
  [12sec] SHORT 1:3  trades=9  hit_rate=11.11%  total_pnl=0.2 points
  [12sec] SHORT 1:4  trades=9  hit_rate=11.11%  total_pnl=4.7 points
  [12sec] SHORT 1:2  trades=21  hit_rate=9.52%  total_pnl=-19.6 points
  [12sec] SHORT 1:3  trades=21  hit_rate=9.52%  total_pnl=-14.2 points
  [12sec] SHORT 1:4  trades=21  hit_rate=9.52%  total_pnl=-8.8 points
  [12sec] SHORT 1:2  trades=9  hit_rate=22.22%  total_pnl=-2.4 points
  [12sec] SHORT 1:3  trades=9  hit_rate=22.22%  total_pnl=3.0 points
  [12sec] SHORT 1:4  trades=9  hit_rate=22.22%  total_pnl=8.4 points
  [12sec] SHORT 1:2  trades=17  hit_rate=11.76%  total_pnl=-15.95 points
  [12sec] SHORT 1:3  trades=17  hit_rate=11.76%  total_pnl=-10.55 points
  [12sec] SHORT 1:4  trades=17  hit_rate=11.76%  total_pnl=-5.15 points
  [12sec] SHORT 1:2  trades=7  hit_rate=14.29%  total_pnl=1.1 points
  [12sec] SHORT 1:3  trades=7  hit_rate=14.29%  total_pnl=5.6 points
  [12sec] SHORT 1:4  trades=7  hit_rate=14.29%  total_pnl=10.1 points
  [12sec] SHORT 1:2  trades=18  hit_rate=11.11%  total_pnl=-16.15 points
  [12sec] SHORT 1:3  trades=18  hit_rate=11.11%  total_pnl=-10.75 points
  [12sec] SHORT 1:4  trades=18  hit_rate=11.11%  total_pnl=-5.35 points
  [12sec] SHORT 1:2  trades=8  hit_rate=25.0%  total_pnl=-0.25 points
  [12sec] SHORT 1:3  trades=8  hit_rate=25.0%  total_pnl=5.15 points
  [12sec] SHORT 1:4  trades=8  hit_rate=25.0%  total_pnl=10.55 points
  [12sec] SHORT 1:2  trades=14  hit_rate=14.29%  total_pnl=-12.5 points
  [12sec] SHORT 1:3  trades=14  hit_rate=14.29%  total_pnl=-7.1 points
  [12sec] SHORT 1:4  trades=14  hit_rate=14.29%  total_pnl=-1.7 points
  [12sec] SHORT 1:2  trades=6  hit_rate=16.67%  total_pnl=3.25 points
  [12sec] SHORT 1:3  trades=6  hit_rate=16.67%  total_pnl=7.75 points
  [12sec] SHORT 1:4  trades=6  hit_rate=16.67%  total_pnl=12.25 points
  [12sec] SHORT 1:2  trades=14  hit_rate=14.29%  total_pnl=-13.0 points
  [12sec] SHORT 1:3  trades=14  hit_rate=14.29%  total_pnl=-7.6 points
  [12sec] SHORT 1:4  trades=14  hit_rate=14.29%  total_pnl=-2.2 points
  [12sec] SHORT 1:2  trades=6  hit_rate=33.33%  total_pnl=2.15 points
  [12sec] SHORT 1:3  trades=6  hit_rate=33.33%  total_pnl=7.55 points
  [12sec] SHORT 1:4  trades=6  hit_rate=33.33%  total_pnl=12.95 points
  [12sec] SHORT 1:2  trades=11  hit_rate=18.18%  total_pnl=-9.7 points
  [12sec] SHORT 1:3  trades=11  hit_rate=18.18%  total_pnl=-4.3 points
  [12sec] SHORT 1:4  trades=11  hit_rate=18.18%  total_pnl=1.1 points
  [12sec] SHORT 1:2  trades=4  hit_rate=25.0%  total_pnl=5.65 points
  [12sec] SHORT 1:3  trades=4  hit_rate=25.0%  total_pnl=10.15 points
  [12sec] SHORT 1:4  trades=4  hit_rate=25.0%  total_pnl=14.65 points
  [12sec] SHORT 1:2  trades=12  hit_rate=16.67%  total_pnl=-8.95 points
  [12sec] SHORT 1:3  trades=12  hit_rate=16.67%  total_pnl=-3.55 points
  [12sec] SHORT 1:4  trades=12  hit_rate=16.67%  total_pnl=1.85 points
  [12sec] SHORT 1:2  trades=5  hit_rate=40.0%  total_pnl=3.75 points
  [12sec] SHORT 1:3  trades=5  hit_rate=40.0%  total_pnl=9.15 points
  [12sec] SHORT 1:4  trades=5  hit_rate=40.0%  total_pnl=14.55 points
  [12sec] SHORT 1:2  trades=9  hit_rate=22.22%  total_pnl=-5.65 points
  [12sec] SHORT 1:3  trades=9  hit_rate=22.22%  total_pnl=-0.25 points
  [12sec] SHORT 1:4  trades=9  hit_rate=22.22%  total_pnl=5.15 points
  [12sec] SHORT 1:2  trades=3  hit_rate=33.33%  total_pnl=7.25 points
  [12sec] SHORT 1:3  trades=3  hit_rate=33.33%  total_pnl=11.75 points
  [12sec] SHORT 1:4  trades=3  hit_rate=33.33%  total_pnl=16.25 points
  [12sec] SHORT 1:2  trades=11  hit_rate=18.18%  total_pnl=-7.35 points
  [12sec] SHORT 1:3  trades=11  hit_rate=18.18%  total_pnl=-1.95 points
  [12sec] SHORT 1:4  trades=11  hit_rate=18.18%  total_pnl=3.45 points
  [12sec] SHORT 1:2  trades=4  hit_rate=50.0%  total_pnl=5.35 points
  [12sec] SHORT 1:3  trades=4  hit_rate=50.0%  total_pnl=10.75 points
  [12sec] SHORT 1:4  trades=4  hit_rate=50.0%  total_pnl=16.15 points
  [12sec] SHORT 1:2  trades=8  hit_rate=25.0%  total_pnl=-4.05 points
  [12sec] SHORT 1:3  trades=8  hit_rate=25.0%  total_pnl=1.35 points
  [12sec] SHORT 1:4  trades=8  hit_rate=25.0%  total_pnl=6.75 points
  [12sec] SHORT 1:2  trades=2  hit_rate=50.0%  total_pnl=8.85 points
  [12sec] SHORT 1:3  trades=2  hit_rate=50.0%  total_pnl=13.35 points
  [12sec] SHORT 1:4  trades=2  hit_rate=50.0%  total_pnl=17.85 points
  [12sec] SHORT 1:2  trades=10  hit_rate=20.0%  total_pnl=-5.1 points
  [12sec] SHORT 1:3  trades=10  hit_rate=20.0%  total_pnl=0.3 points
  [12sec] SHORT 1:4  trades=10  hit_rate=20.0%  total_pnl=5.7 points
  [12sec] SHORT 1:2  trades=4  hit_rate=50.0%  total_pnl=5.35 points
  [12sec] SHORT 1:3  trades=4  hit_rate=50.0%  total_pnl=10.75 points
  [12sec] SHORT 1:4  trades=4  hit_rate=50.0%  total_pnl=16.15 points
  [12sec] SHORT 1:2  trades=7  hit_rate=28.57%  total_pnl=-1.8 points
  [12sec] SHORT 1:3  trades=7  hit_rate=28.57%  total_pnl=3.6 points
  [12sec] SHORT 1:4  trades=7  hit_rate=28.57%  total_pnl=9.0 points
  [12sec] SHORT 1:2  trades=2  hit_rate=50.0%  total_pnl=8.85 points
  [12sec] SHORT 1:3  trades=2  hit_rate=50.0%  total_pnl=13.35 points
  [12sec] SHORT 1:4  trades=2  hit_rate=50.0%  total_pnl=17.85 points
  [12sec] SHORT 1:2  trades=8  hit_rate=25.0%  total_pnl=-1.05 points
  [12sec] SHORT 1:3  trades=8  hit_rate=25.0%  total_pnl=4.35 points
  [12sec] SHORT 1:4  trades=8  hit_rate=25.0%  total_pnl=9.75 points
  [12sec] SHORT 1:2  trades=4  hit_rate=50.0%  total_pnl=5.35 points
  [12sec] SHORT 1:3  trades=4  hit_rate=50.0%  total_pnl=10.75 points
  [12sec] SHORT 1:4  trades=4  hit_rate=50.0%  total_pnl=16.15 points
  [12sec] SHORT 1:2  trades=6  hit_rate=33.33%  total_pnl=2.2 points
  [12sec] SHORT 1:3  trades=6  hit_rate=33.33%  total_pnl=7.6 points
  [12sec] SHORT 1:4  trades=6  hit_rate=33.33%  total_pnl=13.0 points
  [12sec] SHORT 1:2  trades=2  hit_rate=50.0%  total_pnl=8.85 points
  [12sec] SHORT 1:3  trades=2  hit_rate=50.0%  total_pnl=13.35 points
  [12sec] SHORT 1:4  trades=2  hit_rate=50.0%  total_pnl=17.85 points
  [12sec] SHORT 1:2  trades=5  hit_rate=0.0%  total_pnl=-10.2 points
  [12sec] SHORT 1:3  trades=5  hit_rate=0.0%  total_pnl=-10.2 points
  [12sec] SHORT 1:4  trades=5  hit_rate=0.0%  total_pnl=-10.2 points
  [12sec] SHORT 1:2  trades=2  hit_rate=0.0%  total_pnl=-5.45 points
  [12sec] SHORT 1:3  trades=2  hit_rate=0.0%  total_pnl=-5.45 points
  [12sec] SHORT 1:4  trades=2  hit_rate=0.0%  total_pnl=-5.45 points
  [12sec] SHORT 1:2  trades=4  hit_rate=0.0%  total_pnl=-8.6 points
  [12sec] SHORT 1:3  trades=4  hit_rate=0.0%  total_pnl=-8.6 points
  [12sec] SHORT 1:4  trades=4  hit_rate=0.0%  total_pnl=-8.6 points
  [12sec] SHORT 1:2  trades=1  hit_rate=0.0%  total_pnl=-0.15 points
  [12sec] SHORT 1:3  trades=1  hit_rate=0.0%  total_pnl=-0.15 points
  [12sec] SHORT 1:4  trades=1  hit_rate=0.0%  total_pnl=-0.15 points
  [12sec] SHORT 1:2  trades=2  hit_rate=0.0%  total_pnl=-6.9 points
  [12sec] SHORT 1:3  trades=2  hit_rate=0.0%  total_pnl=-6.9 points
  [12sec] SHORT 1:4  trades=2  hit_rate=0.0%  total_pnl=-6.9 points
  [12sec] SHORT 1:2  trades=1  hit_rate=0.0%  total_pnl=-5.3 points
  [12sec] SHORT 1:3  trades=1  hit_rate=0.0%  total_pnl=-5.3 points
  [12sec] SHORT 1:4  trades=1  hit_rate=0.0%  total_pnl=-5.3 points
  [12sec] SHORT 1:2  trades=1  hit_rate=0.0%  total_pnl=-5.3 points
  [12sec] SHORT 1:3  trades=1  hit_rate=0.0%  total_pnl=-5.3 points
  [12sec] SHORT 1:4  trades=1  hit_rate=0.0%  total_pnl=-5.3 points
  [12sec] SHORT 1:2  trades=1  hit_rate=0.0%  total_pnl=-5.3 points
  [12sec] SHORT 1:3  trades=1  hit_rate=0.0%  total_pnl=-5.3 points
  [12sec] SHORT 1:4  trades=1  hit_rate=0.0%  total_pnl=-5.3 points
  [12sec] SHORT 1:2  trades=1  hit_rate=0.0%  total_pnl=-5.3 points
  [12sec] SHORT 1:3  trades=1  hit_rate=0.0%  total_pnl=-5.3 points
  [12sec] SHORT 1:4  trades=1  hit_rate=0.0%  total_pnl=-5.3 points
  [12sec] SHORT 1:2  trades=1  hit_rate=0.0%  total_pnl=-5.3 points
  [12sec] SHORT 1:3  trades=1  hit_rate=0.0%  total_pnl=-5.3 points
  [12sec] SHORT 1:4  trades=1  hit_rate=0.0%  total_pnl=-5.3 points
  [12sec] SHORT 1:2  trades=47  hit_rate=12.77%  total_pnl=-48.25 points
  [12sec] SHORT 1:3  trades=47  hit_rate=8.51%  total_pnl=-49.2 points
  [12sec] SHORT 1:4  trades=47  hit_rate=8.51%  total_pnl=-42.35 points
  [12sec] SHORT 1:2  trades=21  hit_rate=23.81%  total_pnl=-12.2 points
  [12sec] SHORT 1:3  trades=21  hit_rate=14.29%  total_pnl=-13.25 points
  [12sec] SHORT 1:4  trades=21  hit_rate=14.29%  total_pnl=-6.5 points
  [12sec] SHORT 1:2  trades=36  hit_rate=13.89%  total_pnl=-42.15 points
  [12sec] SHORT 1:3  trades=36  hit_rate=11.11%  total_pnl=-39.05 points
  [12sec] SHORT 1:4  trades=36  hit_rate=11.11%  total_pnl=-32.2 points
  [12sec] SHORT 1:2  trades=15  hit_rate=6.67%  total_pnl=-14.8 points
  [12sec] SHORT 1:3  trades=15  hit_rate=6.67%  total_pnl=-10.3 points
  [12sec] SHORT 1:4  trades=15  hit_rate=6.67%  total_pnl=-5.8 points
  [12sec] SHORT 1:2  trades=45  hit_rate=13.33%  total_pnl=-48.05 points
  [12sec] SHORT 1:3  trades=45  hit_rate=8.89%  total_pnl=-49.0 points
  [12sec] SHORT 1:4  trades=45  hit_rate=8.89%  total_pnl=-42.15 points
  [12sec] SHORT 1:2  trades=20  hit_rate=25.0%  total_pnl=-12.15 points
  [12sec] SHORT 1:3  trades=20  hit_rate=15.0%  total_pnl=-13.2 points
  [12sec] SHORT 1:4  trades=20  hit_rate=15.0%  total_pnl=-6.45 points
  [12sec] SHORT 1:2  trades=34  hit_rate=14.71%  total_pnl=-41.95 points
  [12sec] SHORT 1:3  trades=34  hit_rate=11.76%  total_pnl=-38.85 points
  [12sec] SHORT 1:4  trades=34  hit_rate=11.76%  total_pnl=-32.0 points
  [12sec] SHORT 1:2  trades=14  hit_rate=7.14%  total_pnl=-14.75 points
  [12sec] SHORT 1:3  trades=14  hit_rate=7.14%  total_pnl=-10.25 points
  [12sec] SHORT 1:4  trades=14  hit_rate=7.14%  total_pnl=-5.75 points
  [12sec] SHORT 1:2  trades=44  hit_rate=13.64%  total_pnl=-46.75 points
  [12sec] SHORT 1:3  trades=44  hit_rate=9.09%  total_pnl=-47.7 points
  [12sec] SHORT 1:4  trades=44  hit_rate=9.09%  total_pnl=-40.85 points
  [12sec] SHORT 1:2  trades=20  hit_rate=25.0%  total_pnl=-12.15 points
  [12sec] SHORT 1:3  trades=20  hit_rate=15.0%  total_pnl=-13.2 points
  [12sec] SHORT 1:4  trades=20  hit_rate=15.0%  total_pnl=-6.45 points
  [12sec] SHORT 1:2  trades=33  hit_rate=15.15%  total_pnl=-40.65 points
  [12sec] SHORT 1:3  trades=33  hit_rate=12.12%  total_pnl=-37.55 points
  [12sec] SHORT 1:4  trades=33  hit_rate=12.12%  total_pnl=-30.7 points
  [12sec] SHORT 1:2  trades=14  hit_rate=7.14%  total_pnl=-14.75 points
  [12sec] SHORT 1:3  trades=14  hit_rate=7.14%  total_pnl=-10.25 points
  [12sec] SHORT 1:4  trades=14  hit_rate=7.14%  total_pnl=-5.75 points
  [12sec] SHORT 1:2  trades=44  hit_rate=13.64%  total_pnl=-46.75 points
  [12sec] SHORT 1:3  trades=44  hit_rate=9.09%  total_pnl=-47.7 points
  [12sec] SHORT 1:4  trades=44  hit_rate=9.09%  total_pnl=-40.85 points
  [12sec] SHORT 1:2  trades=20  hit_rate=25.0%  total_pnl=-12.15 points
  [12sec] SHORT 1:3  trades=20  hit_rate=15.0%  total_pnl=-13.2 points
  [12sec] SHORT 1:4  trades=20  hit_rate=15.0%  total_pnl=-6.45 points
  [12sec] SHORT 1:2  trades=33  hit_rate=15.15%  total_pnl=-40.65 points
  [12sec] SHORT 1:3  trades=33  hit_rate=12.12%  total_pnl=-37.55 points
  [12sec] SHORT 1:4  trades=33  hit_rate=12.12%  total_pnl=-30.7 points
  [12sec] SHORT 1:2  trades=14  hit_rate=7.14%  total_pnl=-14.75 points
  [12sec] SHORT 1:3  trades=14  hit_rate=7.14%  total_pnl=-10.25 points
  [12sec] SHORT 1:4  trades=14  hit_rate=7.14%  total_pnl=-5.75 points
  [12sec] SHORT 1:2  trades=42  hit_rate=14.29%  total_pnl=-44.1 points
  [12sec] SHORT 1:3  trades=42  hit_rate=9.52%  total_pnl=-45.05 points
  [12sec] SHORT 1:4  trades=42  hit_rate=9.52%  total_pnl=-38.2 points
  [12sec] SHORT 1:2  trades=20  hit_rate=25.0%  total_pnl=-12.15 points
  [12sec] SHORT 1:3  trades=20  hit_rate=15.0%  total_pnl=-13.2 points
  [12sec] SHORT 1:4  trades=20  hit_rate=15.0%  total_pnl=-6.45 points
  [12sec] SHORT 1:2  trades=32  hit_rate=15.62%  total_pnl=-39.25 points
  [12sec] SHORT 1:3  trades=32  hit_rate=12.5%  total_pnl=-36.15 points
  [12sec] SHORT 1:4  trades=32  hit_rate=12.5%  total_pnl=-29.3 points
  [12sec] SHORT 1:2  trades=14  hit_rate=7.14%  total_pnl=-14.75 points
  [12sec] SHORT 1:3  trades=14  hit_rate=7.14%  total_pnl=-10.25 points
  [12sec] SHORT 1:4  trades=14  hit_rate=7.14%  total_pnl=-5.75 points
  [12sec] SHORT 1:2  trades=41  hit_rate=12.2%  total_pnl=-46.6 points
  [12sec] SHORT 1:3  trades=41  hit_rate=9.76%  total_pnl=-43.8 points
  [12sec] SHORT 1:4  trades=41  hit_rate=9.76%  total_pnl=-36.95 points
  [12sec] SHORT 1:2  trades=19  hit_rate=21.05%  total_pnl=-14.65 points
  [12sec] SHORT 1:3  trades=19  hit_rate=15.79%  total_pnl=-11.95 points
  [12sec] SHORT 1:4  trades=19  hit_rate=15.79%  total_pnl=-5.2 points
  [12sec] SHORT 1:2  trades=31  hit_rate=12.9%  total_pnl=-41.75 points
  [12sec] SHORT 1:3  trades=31  hit_rate=12.9%  total_pnl=-34.9 points
  [12sec] SHORT 1:4  trades=31  hit_rate=12.9%  total_pnl=-28.05 points
  [12sec] SHORT 1:2  trades=14  hit_rate=7.14%  total_pnl=-14.75 points
  [12sec] SHORT 1:3  trades=14  hit_rate=7.14%  total_pnl=-10.25 points
  [12sec] SHORT 1:4  trades=14  hit_rate=7.14%  total_pnl=-5.75 points
  [12sec] SHORT 1:2  trades=38  hit_rate=10.53%  total_pnl=-46.15 points
  [12sec] SHORT 1:3  trades=38  hit_rate=7.89%  total_pnl=-44.7 points
  [12sec] SHORT 1:4  trades=38  hit_rate=7.89%  total_pnl=-39.2 points
  [12sec] SHORT 1:2  trades=18  hit_rate=16.67%  total_pnl=-17.35 points
  [12sec] SHORT 1:3  trades=18  hit_rate=11.11%  total_pnl=-16.0 points
  [12sec] SHORT 1:4  trades=18  hit_rate=11.11%  total_pnl=-10.6 points
  [12sec] SHORT 1:2  trades=29  hit_rate=10.34%  total_pnl=-41.8 points
  [12sec] SHORT 1:3  trades=29  hit_rate=10.34%  total_pnl=-36.3 points
  [12sec] SHORT 1:4  trades=29  hit_rate=10.34%  total_pnl=-30.8 points
  [12sec] SHORT 1:2  trades=14  hit_rate=7.14%  total_pnl=-14.75 points
  [12sec] SHORT 1:3  trades=14  hit_rate=7.14%  total_pnl=-10.25 points
  [12sec] SHORT 1:4  trades=14  hit_rate=7.14%  total_pnl=-5.75 points
  [12sec] SHORT 1:2  trades=34  hit_rate=11.76%  total_pnl=-40.35 points
  [12sec] SHORT 1:3  trades=34  hit_rate=8.82%  total_pnl=-38.9 points
  [12sec] SHORT 1:4  trades=34  hit_rate=8.82%  total_pnl=-33.4 points
  [12sec] SHORT 1:2  trades=15  hit_rate=20.0%  total_pnl=-11.8 points
  [12sec] SHORT 1:3  trades=15  hit_rate=13.33%  total_pnl=-10.45 points
  [12sec] SHORT 1:4  trades=15  hit_rate=13.33%  total_pnl=-5.05 points
  [12sec] SHORT 1:2  trades=26  hit_rate=11.54%  total_pnl=-36.25 points
  [12sec] SHORT 1:3  trades=26  hit_rate=11.54%  total_pnl=-30.75 points
  [12sec] SHORT 1:4  trades=26  hit_rate=11.54%  total_pnl=-25.25 points
  [12sec] SHORT 1:2  trades=11  hit_rate=9.09%  total_pnl=-9.2 points
  [12sec] SHORT 1:3  trades=11  hit_rate=9.09%  total_pnl=-4.7 points
  [12sec] SHORT 1:4  trades=11  hit_rate=9.09%  total_pnl=-0.2 points
  [12sec] SHORT 1:2  trades=33  hit_rate=12.12%  total_pnl=-38.25 points
  [12sec] SHORT 1:3  trades=33  hit_rate=9.09%  total_pnl=-36.8 points
  [12sec] SHORT 1:4  trades=33  hit_rate=9.09%  total_pnl=-31.3 points
  [12sec] SHORT 1:2  trades=15  hit_rate=20.0%  total_pnl=-11.8 points
  [12sec] SHORT 1:3  trades=15  hit_rate=13.33%  total_pnl=-10.45 points
  [12sec] SHORT 1:4  trades=15  hit_rate=13.33%  total_pnl=-5.05 points
  [12sec] SHORT 1:2  trades=26  hit_rate=11.54%  total_pnl=-36.25 points
  [12sec] SHORT 1:3  trades=26  hit_rate=11.54%  total_pnl=-30.75 points
  [12sec] SHORT 1:4  trades=26  hit_rate=11.54%  total_pnl=-25.25 points
  [12sec] SHORT 1:2  trades=11  hit_rate=9.09%  total_pnl=-9.2 points
  [12sec] SHORT 1:3  trades=11  hit_rate=9.09%  total_pnl=-4.7 points
  [12sec] SHORT 1:4  trades=11  hit_rate=9.09%  total_pnl=-0.2 points
  [12sec] SHORT 1:2  trades=32  hit_rate=12.5%  total_pnl=-35.75 points
  [12sec] SHORT 1:3  trades=32  hit_rate=9.38%  total_pnl=-34.3 points
  [12sec] SHORT 1:4  trades=32  hit_rate=9.38%  total_pnl=-28.8 points
  [12sec] SHORT 1:2  trades=14  hit_rate=21.43%  total_pnl=-9.3 points
  [12sec] SHORT 1:3  trades=14  hit_rate=14.29%  total_pnl=-7.95 points
  [12sec] SHORT 1:4  trades=14  hit_rate=14.29%  total_pnl=-2.55 points
  [12sec] SHORT 1:2  trades=25  hit_rate=12.0%  total_pnl=-33.75 points
  [12sec] SHORT 1:3  trades=25  hit_rate=12.0%  total_pnl=-28.25 points
  [12sec] SHORT 1:4  trades=25  hit_rate=12.0%  total_pnl=-22.75 points
  [12sec] SHORT 1:2  trades=10  hit_rate=10.0%  total_pnl=-6.7 points
  [12sec] SHORT 1:3  trades=10  hit_rate=10.0%  total_pnl=-2.2 points
  [12sec] SHORT 1:4  trades=10  hit_rate=10.0%  total_pnl=2.3 points
  [12sec] SHORT 1:2  trades=26  hit_rate=11.54%  total_pnl=-29.0 points
  [12sec] SHORT 1:3  trades=26  hit_rate=7.69%  total_pnl=-27.65 points
  [12sec] SHORT 1:4  trades=26  hit_rate=7.69%  total_pnl=-22.25 points
  [12sec] SHORT 1:2  trades=12  hit_rate=25.0%  total_pnl=-5.45 points
  [12sec] SHORT 1:3  trades=12  hit_rate=16.67%  total_pnl=-4.1 points
  [12sec] SHORT 1:4  trades=12  hit_rate=16.67%  total_pnl=1.3 points
  [12sec] SHORT 1:2  trades=20  hit_rate=10.0%  total_pnl=-27.95 points
  [12sec] SHORT 1:3  trades=20  hit_rate=10.0%  total_pnl=-22.55 points
  [12sec] SHORT 1:4  trades=20  hit_rate=10.0%  total_pnl=-17.15 points
  [12sec] SHORT 1:2  trades=8  hit_rate=12.5%  total_pnl=-2.85 points
  [12sec] SHORT 1:3  trades=8  hit_rate=12.5%  total_pnl=1.65 points
  [12sec] SHORT 1:4  trades=8  hit_rate=12.5%  total_pnl=6.15 points
  [12sec] SHORT 1:2  trades=24  hit_rate=12.5%  total_pnl=-21.75 points
  [12sec] SHORT 1:3  trades=24  hit_rate=8.33%  total_pnl=-20.4 points
  [12sec] SHORT 1:4  trades=24  hit_rate=8.33%  total_pnl=-15.0 points
  [12sec] SHORT 1:2  trades=12  hit_rate=25.0%  total_pnl=-5.45 points
  [12sec] SHORT 1:3  trades=12  hit_rate=16.67%  total_pnl=-4.1 points
  [12sec] SHORT 1:4  trades=12  hit_rate=16.67%  total_pnl=1.3 points
  [12sec] SHORT 1:2  trades=18  hit_rate=11.11%  total_pnl=-20.7 points
  [12sec] SHORT 1:3  trades=18  hit_rate=11.11%  total_pnl=-15.3 points
  [12sec] SHORT 1:4  trades=18  hit_rate=11.11%  total_pnl=-9.9 points
  [12sec] SHORT 1:2  trades=8  hit_rate=12.5%  total_pnl=-2.85 points
  [12sec] SHORT 1:3  trades=8  hit_rate=12.5%  total_pnl=1.65 points
  [12sec] SHORT 1:4  trades=8  hit_rate=12.5%  total_pnl=6.15 points
  [12sec] SHORT 1:2  trades=23  hit_rate=8.7%  total_pnl=-24.45 points
  [12sec] SHORT 1:3  trades=23  hit_rate=8.7%  total_pnl=-19.05 points
  [12sec] SHORT 1:4  trades=23  hit_rate=8.7%  total_pnl=-13.65 points
  [12sec] SHORT 1:2  trades=11  hit_rate=18.18%  total_pnl=-8.15 points
  [12sec] SHORT 1:3  trades=11  hit_rate=18.18%  total_pnl=-2.75 points
  [12sec] SHORT 1:4  trades=11  hit_rate=18.18%  total_pnl=2.65 points
  [12sec] SHORT 1:2  trades=18  hit_rate=11.11%  total_pnl=-20.7 points
  [12sec] SHORT 1:3  trades=18  hit_rate=11.11%  total_pnl=-15.3 points
  [12sec] SHORT 1:4  trades=18  hit_rate=11.11%  total_pnl=-9.9 points
  [12sec] SHORT 1:2  trades=8  hit_rate=12.5%  total_pnl=-2.85 points
  [12sec] SHORT 1:3  trades=8  hit_rate=12.5%  total_pnl=1.65 points
  [12sec] SHORT 1:4  trades=8  hit_rate=12.5%  total_pnl=6.15 points
  [12sec] SHORT 1:2  trades=19  hit_rate=10.53%  total_pnl=-19.45 points
  [12sec] SHORT 1:3  trades=19  hit_rate=10.53%  total_pnl=-14.05 points
  [12sec] SHORT 1:4  trades=19  hit_rate=10.53%  total_pnl=-8.65 points
  [12sec] SHORT 1:2  trades=10  hit_rate=20.0%  total_pnl=-6.0 points
  [12sec] SHORT 1:3  trades=10  hit_rate=20.0%  total_pnl=-0.6 points
  [12sec] SHORT 1:4  trades=10  hit_rate=20.0%  total_pnl=4.8 points
  [12sec] SHORT 1:2  trades=15  hit_rate=13.33%  total_pnl=-15.8 points
  [12sec] SHORT 1:3  trades=15  hit_rate=13.33%  total_pnl=-10.4 points
  [12sec] SHORT 1:4  trades=15  hit_rate=13.33%  total_pnl=-5.0 points
  [12sec] SHORT 1:2  trades=7  hit_rate=14.29%  total_pnl=-0.7 points
  [12sec] SHORT 1:3  trades=7  hit_rate=14.29%  total_pnl=3.8 points
  [12sec] SHORT 1:4  trades=7  hit_rate=14.29%  total_pnl=8.3 points
  [12sec] SHORT 1:2  trades=18  hit_rate=11.11%  total_pnl=-17.65 points
  [12sec] SHORT 1:3  trades=18  hit_rate=11.11%  total_pnl=-12.25 points
  [12sec] SHORT 1:4  trades=18  hit_rate=11.11%  total_pnl=-6.85 points
  [12sec] SHORT 1:2  trades=9  hit_rate=22.22%  total_pnl=-4.2 points
  [12sec] SHORT 1:3  trades=9  hit_rate=22.22%  total_pnl=1.2 points
  [12sec] SHORT 1:4  trades=9  hit_rate=22.22%  total_pnl=6.6 points
  [12sec] SHORT 1:2  trades=14  hit_rate=14.29%  total_pnl=-14.0 points
  [12sec] SHORT 1:3  trades=14  hit_rate=14.29%  total_pnl=-8.6 points
  [12sec] SHORT 1:4  trades=14  hit_rate=14.29%  total_pnl=-3.2 points
  [12sec] SHORT 1:2  trades=7  hit_rate=14.29%  total_pnl=-0.7 points
  [12sec] SHORT 1:3  trades=7  hit_rate=14.29%  total_pnl=3.8 points
  [12sec] SHORT 1:4  trades=7  hit_rate=14.29%  total_pnl=8.3 points
  [12sec] SHORT 1:2  trades=14  hit_rate=14.29%  total_pnl=-12.3 points
  [12sec] SHORT 1:3  trades=14  hit_rate=14.29%  total_pnl=-6.9 points
  [12sec] SHORT 1:4  trades=14  hit_rate=14.29%  total_pnl=-1.5 points
  [12sec] SHORT 1:2  trades=7  hit_rate=28.57%  total_pnl=0.4 points
  [12sec] SHORT 1:3  trades=7  hit_rate=28.57%  total_pnl=5.8 points
  [12sec] SHORT 1:4  trades=7  hit_rate=28.57%  total_pnl=11.2 points
  [12sec] SHORT 1:2  trades=11  hit_rate=18.18%  total_pnl=-9.0 points
  [12sec] SHORT 1:3  trades=11  hit_rate=18.18%  total_pnl=-3.6 points
  [12sec] SHORT 1:4  trades=11  hit_rate=18.18%  total_pnl=1.8 points
  [12sec] SHORT 1:2  trades=5  hit_rate=20.0%  total_pnl=3.9 points
  [12sec] SHORT 1:3  trades=5  hit_rate=20.0%  total_pnl=8.4 points
  [12sec] SHORT 1:4  trades=5  hit_rate=20.0%  total_pnl=12.9 points
  [12sec] SHORT 1:2  trades=12  hit_rate=16.67%  total_pnl=-9.1 points
  [12sec] SHORT 1:3  trades=12  hit_rate=16.67%  total_pnl=-3.7 points
  [12sec] SHORT 1:4  trades=12  hit_rate=16.67%  total_pnl=1.7 points
  [12sec] SHORT 1:2  trades=5  hit_rate=40.0%  total_pnl=3.6 points
  [12sec] SHORT 1:3  trades=5  hit_rate=40.0%  total_pnl=9.0 points
  [12sec] SHORT 1:4  trades=5  hit_rate=40.0%  total_pnl=14.4 points
  [12sec] SHORT 1:2  trades=9  hit_rate=22.22%  total_pnl=-5.8 points
  [12sec] SHORT 1:3  trades=9  hit_rate=22.22%  total_pnl=-0.4 points
  [12sec] SHORT 1:4  trades=9  hit_rate=22.22%  total_pnl=5.0 points
  [12sec] SHORT 1:2  trades=3  hit_rate=33.33%  total_pnl=7.1 points
  [12sec] SHORT 1:3  trades=3  hit_rate=33.33%  total_pnl=11.6 points
  [12sec] SHORT 1:4  trades=3  hit_rate=33.33%  total_pnl=16.1 points
  [12sec] SHORT 1:2  trades=11  hit_rate=18.18%  total_pnl=-7.35 points
  [12sec] SHORT 1:3  trades=11  hit_rate=18.18%  total_pnl=-1.95 points
  [12sec] SHORT 1:4  trades=11  hit_rate=18.18%  total_pnl=3.45 points
  [12sec] SHORT 1:2  trades=4  hit_rate=50.0%  total_pnl=5.35 points
  [12sec] SHORT 1:3  trades=4  hit_rate=50.0%  total_pnl=10.75 points
  [12sec] SHORT 1:4  trades=4  hit_rate=50.0%  total_pnl=16.15 points
  [12sec] SHORT 1:2  trades=8  hit_rate=25.0%  total_pnl=-4.05 points
  [12sec] SHORT 1:3  trades=8  hit_rate=25.0%  total_pnl=1.35 points
  [12sec] SHORT 1:4  trades=8  hit_rate=25.0%  total_pnl=6.75 points
  [12sec] SHORT 1:2  trades=2  hit_rate=50.0%  total_pnl=8.85 points
  [12sec] SHORT 1:3  trades=2  hit_rate=50.0%  total_pnl=13.35 points
  [12sec] SHORT 1:4  trades=2  hit_rate=50.0%  total_pnl=17.85 points
  [12sec] SHORT 1:2  trades=11  hit_rate=18.18%  total_pnl=-7.35 points
  [12sec] SHORT 1:3  trades=11  hit_rate=18.18%  total_pnl=-1.95 points
  [12sec] SHORT 1:4  trades=11  hit_rate=18.18%  total_pnl=3.45 points
  [12sec] SHORT 1:2  trades=4  hit_rate=50.0%  total_pnl=5.35 points
  [12sec] SHORT 1:3  trades=4  hit_rate=50.0%  total_pnl=10.75 points
  [12sec] SHORT 1:4  trades=4  hit_rate=50.0%  total_pnl=16.15 points
  [12sec] SHORT 1:2  trades=8  hit_rate=25.0%  total_pnl=-4.05 points
  [12sec] SHORT 1:3  trades=8  hit_rate=25.0%  total_pnl=1.35 points
  [12sec] SHORT 1:4  trades=8  hit_rate=25.0%  total_pnl=6.75 points
  [12sec] SHORT 1:2  trades=2  hit_rate=50.0%  total_pnl=8.85 points
  [12sec] SHORT 1:3  trades=2  hit_rate=50.0%  total_pnl=13.35 points
  [12sec] SHORT 1:4  trades=2  hit_rate=50.0%  total_pnl=17.85 points
  [12sec] SHORT 1:2  trades=10  hit_rate=20.0%  total_pnl=-5.1 points
  [12sec] SHORT 1:3  trades=10  hit_rate=20.0%  total_pnl=0.3 points
  [12sec] SHORT 1:4  trades=10  hit_rate=20.0%  total_pnl=5.7 points
  [12sec] SHORT 1:2  trades=4  hit_rate=50.0%  total_pnl=5.35 points
  [12sec] SHORT 1:3  trades=4  hit_rate=50.0%  total_pnl=10.75 points
  [12sec] SHORT 1:4  trades=4  hit_rate=50.0%  total_pnl=16.15 points
  [12sec] SHORT 1:2  trades=7  hit_rate=28.57%  total_pnl=-1.8 points
  [12sec] SHORT 1:3  trades=7  hit_rate=28.57%  total_pnl=3.6 points
  [12sec] SHORT 1:4  trades=7  hit_rate=28.57%  total_pnl=9.0 points
  [12sec] SHORT 1:2  trades=2  hit_rate=50.0%  total_pnl=8.85 points
  [12sec] SHORT 1:3  trades=2  hit_rate=50.0%  total_pnl=13.35 points
  [12sec] SHORT 1:4  trades=2  hit_rate=50.0%  total_pnl=17.85 points
  [12sec] SHORT 1:2  trades=47  hit_rate=12.77%  total_pnl=-48.25 points
  [12sec] SHORT 1:3  trades=47  hit_rate=8.51%  total_pnl=-49.2 points
  [12sec] SHORT 1:4  trades=47  hit_rate=8.51%  total_pnl=-42.35 points
  [12sec] SHORT 1:2  trades=21  hit_rate=23.81%  total_pnl=-12.2 points
  [12sec] SHORT 1:3  trades=21  hit_rate=14.29%  total_pnl=-13.25 points
  [12sec] SHORT 1:4  trades=21  hit_rate=14.29%  total_pnl=-6.5 points
  [12sec] SHORT 1:2  trades=36  hit_rate=13.89%  total_pnl=-42.15 points
  [12sec] SHORT 1:3  trades=36  hit_rate=11.11%  total_pnl=-39.05 points
  [12sec] SHORT 1:4  trades=36  hit_rate=11.11%  total_pnl=-32.2 points
  [12sec] SHORT 1:2  trades=15  hit_rate=6.67%  total_pnl=-14.8 points
  [12sec] SHORT 1:3  trades=15  hit_rate=6.67%  total_pnl=-10.3 points
  [12sec] SHORT 1:4  trades=15  hit_rate=6.67%  total_pnl=-5.8 points
  [12sec] SHORT 1:2  trades=47  hit_rate=12.77%  total_pnl=-48.25 points
  [12sec] SHORT 1:3  trades=47  hit_rate=8.51%  total_pnl=-49.2 points
  [12sec] SHORT 1:4  trades=47  hit_rate=8.51%  total_pnl=-42.35 points
  [12sec] SHORT 1:2  trades=21  hit_rate=23.81%  total_pnl=-12.2 points
  [12sec] SHORT 1:3  trades=21  hit_rate=14.29%  total_pnl=-13.25 points
  [12sec] SHORT 1:4  trades=21  hit_rate=14.29%  total_pnl=-6.5 points
  [12sec] SHORT 1:2  trades=36  hit_rate=13.89%  total_pnl=-42.15 points
  [12sec] SHORT 1:3  trades=36  hit_rate=11.11%  total_pnl=-39.05 points
  [12sec] SHORT 1:4  trades=36  hit_rate=11.11%  total_pnl=-32.2 points
  [12sec] SHORT 1:2  trades=15  hit_rate=6.67%  total_pnl=-14.8 points
  [12sec] SHORT 1:3  trades=15  hit_rate=6.67%  total_pnl=-10.3 points
  [12sec] SHORT 1:4  trades=15  hit_rate=6.67%  total_pnl=-5.8 points
  [12sec] SHORT 1:2  trades=46  hit_rate=13.04%  total_pnl=-48.2 points
  [12sec] SHORT 1:3  trades=46  hit_rate=8.7%  total_pnl=-49.15 points
  [12sec] SHORT 1:4  trades=46  hit_rate=8.7%  total_pnl=-42.3 points
  [12sec] SHORT 1:2  trades=20  hit_rate=25.0%  total_pnl=-12.15 points
  [12sec] SHORT 1:3  trades=20  hit_rate=15.0%  total_pnl=-13.2 points
  [12sec] SHORT 1:4  trades=20  hit_rate=15.0%  total_pnl=-6.45 points
  [12sec] SHORT 1:2  trades=35  hit_rate=14.29%  total_pnl=-42.1 points
  [12sec] SHORT 1:3  trades=35  hit_rate=11.43%  total_pnl=-39.0 points
  [12sec] SHORT 1:4  trades=35  hit_rate=11.43%  total_pnl=-32.15 points
  [12sec] SHORT 1:2  trades=14  hit_rate=7.14%  total_pnl=-14.75 points
  [12sec] SHORT 1:3  trades=14  hit_rate=7.14%  total_pnl=-10.25 points
  [12sec] SHORT 1:4  trades=14  hit_rate=7.14%  total_pnl=-5.75 points
  [12sec] SHORT 1:2  trades=45  hit_rate=13.33%  total_pnl=-48.05 points
  [12sec] SHORT 1:3  trades=45  hit_rate=8.89%  total_pnl=-49.0 points
  [12sec] SHORT 1:4  trades=45  hit_rate=8.89%  total_pnl=-42.15 points
  [12sec] SHORT 1:2  trades=20  hit_rate=25.0%  total_pnl=-12.15 points
  [12sec] SHORT 1:3  trades=20  hit_rate=15.0%  total_pnl=-13.2 points
  [12sec] SHORT 1:4  trades=20  hit_rate=15.0%  total_pnl=-6.45 points
  [12sec] SHORT 1:2  trades=34  hit_rate=14.71%  total_pnl=-41.95 points
  [12sec] SHORT 1:3  trades=34  hit_rate=11.76%  total_pnl=-38.85 points
  [12sec] SHORT 1:4  trades=34  hit_rate=11.76%  total_pnl=-32.0 points
  [12sec] SHORT 1:2  trades=14  hit_rate=7.14%  total_pnl=-14.75 points
  [12sec] SHORT 1:3  trades=14  hit_rate=7.14%  total_pnl=-10.25 points
  [12sec] SHORT 1:4  trades=14  hit_rate=7.14%  total_pnl=-5.75 points
  [12sec] SHORT 1:2  trades=44  hit_rate=13.64%  total_pnl=-46.75 points
  [12sec] SHORT 1:3  trades=44  hit_rate=9.09%  total_pnl=-47.7 points
  [12sec] SHORT 1:4  trades=44  hit_rate=9.09%  total_pnl=-40.85 points
  [12sec] SHORT 1:2  trades=20  hit_rate=25.0%  total_pnl=-12.15 points
  [12sec] SHORT 1:3  trades=20  hit_rate=15.0%  total_pnl=-13.2 points
  [12sec] SHORT 1:4  trades=20  hit_rate=15.0%  total_pnl=-6.45 points
  [12sec] SHORT 1:2  trades=33  hit_rate=15.15%  total_pnl=-40.65 points
  [12sec] SHORT 1:3  trades=33  hit_rate=12.12%  total_pnl=-37.55 points
  [12sec] SHORT 1:4  trades=33  hit_rate=12.12%  total_pnl=-30.7 points
  [12sec] SHORT 1:2  trades=14  hit_rate=7.14%  total_pnl=-14.75 points
  [12sec] SHORT 1:3  trades=14  hit_rate=7.14%  total_pnl=-10.25 points
  [12sec] SHORT 1:4  trades=14  hit_rate=7.14%  total_pnl=-5.75 points
  [12sec] SHORT 1:2  trades=43  hit_rate=13.95%  total_pnl=-45.35 points
  [12sec] SHORT 1:3  trades=43  hit_rate=9.3%  total_pnl=-46.3 points
  [12sec] SHORT 1:4  trades=43  hit_rate=9.3%  total_pnl=-39.45 points
  [12sec] SHORT 1:2  trades=20  hit_rate=25.0%  total_pnl=-12.15 points
  [12sec] SHORT 1:3  trades=20  hit_rate=15.0%  total_pnl=-13.2 points
  [12sec] SHORT 1:4  trades=20  hit_rate=15.0%  total_pnl=-6.45 points
  [12sec] SHORT 1:2  trades=32  hit_rate=15.62%  total_pnl=-39.25 points
  [12sec] SHORT 1:3  trades=32  hit_rate=12.5%  total_pnl=-36.15 points
  [12sec] SHORT 1:4  trades=32  hit_rate=12.5%  total_pnl=-29.3 points
  [12sec] SHORT 1:2  trades=14  hit_rate=7.14%  total_pnl=-14.75 points
  [12sec] SHORT 1:3  trades=14  hit_rate=7.14%  total_pnl=-10.25 points
  [12sec] SHORT 1:4  trades=14  hit_rate=7.14%  total_pnl=-5.75 points
  [12sec] SHORT 1:2  trades=43  hit_rate=13.95%  total_pnl=-45.35 points
  [12sec] SHORT 1:3  trades=43  hit_rate=9.3%  total_pnl=-46.3 points
  [12sec] SHORT 1:4  trades=43  hit_rate=9.3%  total_pnl=-39.45 points
  [12sec] SHORT 1:2  trades=20  hit_rate=25.0%  total_pnl=-12.15 points
  [12sec] SHORT 1:3  trades=20  hit_rate=15.0%  total_pnl=-13.2 points
  [12sec] SHORT 1:4  trades=20  hit_rate=15.0%  total_pnl=-6.45 points
  [12sec] SHORT 1:2  trades=32  hit_rate=15.62%  total_pnl=-39.25 points
  [12sec] SHORT 1:3  trades=32  hit_rate=12.5%  total_pnl=-36.15 points
  [12sec] SHORT 1:4  trades=32  hit_rate=12.5%  total_pnl=-29.3 points
  [12sec] SHORT 1:2  trades=14  hit_rate=7.14%  total_pnl=-14.75 points
  [12sec] SHORT 1:3  trades=14  hit_rate=7.14%  total_pnl=-10.25 points
  [12sec] SHORT 1:4  trades=14  hit_rate=7.14%  total_pnl=-5.75 points
  [12sec] SHORT 1:2  trades=42  hit_rate=14.29%  total_pnl=-44.1 points
  [12sec] SHORT 1:3  trades=42  hit_rate=9.52%  total_pnl=-45.05 points
  [12sec] SHORT 1:4  trades=42  hit_rate=9.52%  total_pnl=-38.2 points
  [12sec] SHORT 1:2  trades=20  hit_rate=25.0%  total_pnl=-12.15 points
  [12sec] SHORT 1:3  trades=20  hit_rate=15.0%  total_pnl=-13.2 points
  [12sec] SHORT 1:4  trades=20  hit_rate=15.0%  total_pnl=-6.45 points
  [12sec] SHORT 1:2  trades=32  hit_rate=15.62%  total_pnl=-39.25 points
  [12sec] SHORT 1:3  trades=32  hit_rate=12.5%  total_pnl=-36.15 points
  [12sec] SHORT 1:4  trades=32  hit_rate=12.5%  total_pnl=-29.3 points
  [12sec] SHORT 1:2  trades=14  hit_rate=7.14%  total_pnl=-14.75 points
  [12sec] SHORT 1:3  trades=14  hit_rate=7.14%  total_pnl=-10.25 points
  [12sec] SHORT 1:4  trades=14  hit_rate=7.14%  total_pnl=-5.75 points
  [12sec] SHORT 1:2  trades=38  hit_rate=10.53%  total_pnl=-45.55 points
  [12sec] SHORT 1:3  trades=38  hit_rate=7.89%  total_pnl=-44.1 points
  [12sec] SHORT 1:4  trades=38  hit_rate=7.89%  total_pnl=-38.6 points
  [12sec] SHORT 1:2  trades=17  hit_rate=17.65%  total_pnl=-16.25 points
  [12sec] SHORT 1:3  trades=17  hit_rate=11.76%  total_pnl=-14.9 points
  [12sec] SHORT 1:4  trades=17  hit_rate=11.76%  total_pnl=-9.5 points
  [12sec] SHORT 1:2  trades=28  hit_rate=10.71%  total_pnl=-40.7 points
  [12sec] SHORT 1:3  trades=28  hit_rate=10.71%  total_pnl=-35.2 points
  [12sec] SHORT 1:4  trades=28  hit_rate=10.71%  total_pnl=-29.7 points
  [12sec] SHORT 1:2  trades=13  hit_rate=7.69%  total_pnl=-13.65 points
  [12sec] SHORT 1:3  trades=13  hit_rate=7.69%  total_pnl=-9.15 points
  [12sec] SHORT 1:4  trades=13  hit_rate=7.69%  total_pnl=-4.65 points
  [12sec] SHORT 1:2  trades=36  hit_rate=11.11%  total_pnl=-42.0 points
  [12sec] SHORT 1:3  trades=36  hit_rate=8.33%  total_pnl=-40.55 points
  [12sec] SHORT 1:4  trades=36  hit_rate=8.33%  total_pnl=-35.05 points
  [12sec] SHORT 1:2  trades=16  hit_rate=18.75%  total_pnl=-13.2 points
  [12sec] SHORT 1:3  trades=16  hit_rate=12.5%  total_pnl=-11.85 points
  [12sec] SHORT 1:4  trades=16  hit_rate=12.5%  total_pnl=-6.45 points
  [12sec] SHORT 1:2  trades=27  hit_rate=11.11%  total_pnl=-37.65 points
  [12sec] SHORT 1:3  trades=27  hit_rate=11.11%  total_pnl=-32.15 points
  [12sec] SHORT 1:4  trades=27  hit_rate=11.11%  total_pnl=-26.65 points
  [12sec] SHORT 1:2  trades=12  hit_rate=8.33%  total_pnl=-10.6 points
  [12sec] SHORT 1:3  trades=12  hit_rate=8.33%  total_pnl=-6.1 points
  [12sec] SHORT 1:4  trades=12  hit_rate=8.33%  total_pnl=-1.6 points
  [12sec] SHORT 1:2  trades=35  hit_rate=11.43%  total_pnl=-41.75 points
  [12sec] SHORT 1:3  trades=35  hit_rate=8.57%  total_pnl=-40.3 points
  [12sec] SHORT 1:4  trades=35  hit_rate=8.57%  total_pnl=-34.8 points
  [12sec] SHORT 1:2  trades=16  hit_rate=18.75%  total_pnl=-13.2 points
  [12sec] SHORT 1:3  trades=16  hit_rate=12.5%  total_pnl=-11.85 points
  [12sec] SHORT 1:4  trades=16  hit_rate=12.5%  total_pnl=-6.45 points
  [12sec] SHORT 1:2  trades=27  hit_rate=11.11%  total_pnl=-37.65 points
  [12sec] SHORT 1:3  trades=27  hit_rate=11.11%  total_pnl=-32.15 points
  [12sec] SHORT 1:4  trades=27  hit_rate=11.11%  total_pnl=-26.65 points
  [12sec] SHORT 1:2  trades=12  hit_rate=8.33%  total_pnl=-10.6 points
  [12sec] SHORT 1:3  trades=12  hit_rate=8.33%  total_pnl=-6.1 points
  [12sec] SHORT 1:4  trades=12  hit_rate=8.33%  total_pnl=-1.6 points
  [12sec] SHORT 1:2  trades=35  hit_rate=11.43%  total_pnl=-41.75 points
  [12sec] SHORT 1:3  trades=35  hit_rate=8.57%  total_pnl=-40.3 points
  [12sec] SHORT 1:4  trades=35  hit_rate=8.57%  total_pnl=-34.8 points
  [12sec] SHORT 1:2  trades=16  hit_rate=18.75%  total_pnl=-13.2 points
  [12sec] SHORT 1:3  trades=16  hit_rate=12.5%  total_pnl=-11.85 points
  [12sec] SHORT 1:4  trades=16  hit_rate=12.5%  total_pnl=-6.45 points
  [12sec] SHORT 1:2  trades=27  hit_rate=11.11%  total_pnl=-37.65 points
  [12sec] SHORT 1:3  trades=27  hit_rate=11.11%  total_pnl=-32.15 points
  [12sec] SHORT 1:4  trades=27  hit_rate=11.11%  total_pnl=-26.65 points
  [12sec] SHORT 1:2  trades=12  hit_rate=8.33%  total_pnl=-10.6 points
  [12sec] SHORT 1:3  trades=12  hit_rate=8.33%  total_pnl=-6.1 points
  [12sec] SHORT 1:4  trades=12  hit_rate=8.33%  total_pnl=-1.6 points
  [12sec] SHORT 1:2  trades=28  hit_rate=10.71%  total_pnl=-28.7 points
  [12sec] SHORT 1:3  trades=28  hit_rate=7.14%  total_pnl=-27.35 points
  [12sec] SHORT 1:4  trades=28  hit_rate=7.14%  total_pnl=-21.95 points
  [12sec] SHORT 1:2  trades=14  hit_rate=21.43%  total_pnl=-9.3 points
  [12sec] SHORT 1:3  trades=14  hit_rate=14.29%  total_pnl=-7.95 points
  [12sec] SHORT 1:4  trades=14  hit_rate=14.29%  total_pnl=-2.55 points
  [12sec] SHORT 1:2  trades=21  hit_rate=9.52%  total_pnl=-25.55 points
  [12sec] SHORT 1:3  trades=21  hit_rate=9.52%  total_pnl=-20.15 points
  [12sec] SHORT 1:4  trades=21  hit_rate=9.52%  total_pnl=-14.75 points
  [12sec] SHORT 1:2  trades=10  hit_rate=10.0%  total_pnl=-6.7 points
  [12sec] SHORT 1:3  trades=10  hit_rate=10.0%  total_pnl=-2.2 points
  [12sec] SHORT 1:4  trades=10  hit_rate=10.0%  total_pnl=2.3 points
  [12sec] SHORT 1:2  trades=25  hit_rate=12.0%  total_pnl=-24.15 points
  [12sec] SHORT 1:3  trades=25  hit_rate=8.0%  total_pnl=-22.8 points
  [12sec] SHORT 1:4  trades=25  hit_rate=8.0%  total_pnl=-17.4 points
  [12sec] SHORT 1:2  trades=13  hit_rate=23.08%  total_pnl=-7.85 points
  [12sec] SHORT 1:3  trades=13  hit_rate=15.38%  total_pnl=-6.5 points
  [12sec] SHORT 1:4  trades=13  hit_rate=15.38%  total_pnl=-1.1 points
  [12sec] SHORT 1:2  trades=19  hit_rate=10.53%  total_pnl=-23.1 points
  [12sec] SHORT 1:3  trades=19  hit_rate=10.53%  total_pnl=-17.7 points
  [12sec] SHORT 1:4  trades=19  hit_rate=10.53%  total_pnl=-12.3 points
  [12sec] SHORT 1:2  trades=9  hit_rate=11.11%  total_pnl=-5.25 points
  [12sec] SHORT 1:3  trades=9  hit_rate=11.11%  total_pnl=-0.75 points
  [12sec] SHORT 1:4  trades=9  hit_rate=11.11%  total_pnl=3.75 points
  [12sec] SHORT 1:2  trades=25  hit_rate=12.0%  total_pnl=-24.15 points
  [12sec] SHORT 1:3  trades=25  hit_rate=8.0%  total_pnl=-22.8 points
  [12sec] SHORT 1:4  trades=25  hit_rate=8.0%  total_pnl=-17.4 points
  [12sec] SHORT 1:2  trades=13  hit_rate=23.08%  total_pnl=-7.85 points
  [12sec] SHORT 1:3  trades=13  hit_rate=15.38%  total_pnl=-6.5 points
  [12sec] SHORT 1:4  trades=13  hit_rate=15.38%  total_pnl=-1.1 points
  [12sec] SHORT 1:2  trades=19  hit_rate=10.53%  total_pnl=-23.1 points
  [12sec] SHORT 1:3  trades=19  hit_rate=10.53%  total_pnl=-17.7 points
  [12sec] SHORT 1:4  trades=19  hit_rate=10.53%  total_pnl=-12.3 points
  [12sec] SHORT 1:2  trades=9  hit_rate=11.11%  total_pnl=-5.25 points
  [12sec] SHORT 1:3  trades=9  hit_rate=11.11%  total_pnl=-0.75 points
  [12sec] SHORT 1:4  trades=9  hit_rate=11.11%  total_pnl=3.75 points
  [12sec] SHORT 1:2  trades=24  hit_rate=12.5%  total_pnl=-21.75 points
  [12sec] SHORT 1:3  trades=24  hit_rate=8.33%  total_pnl=-20.4 points
  [12sec] SHORT 1:4  trades=24  hit_rate=8.33%  total_pnl=-15.0 points
  [12sec] SHORT 1:2  trades=12  hit_rate=25.0%  total_pnl=-5.45 points
  [12sec] SHORT 1:3  trades=12  hit_rate=16.67%  total_pnl=-4.1 points
  [12sec] SHORT 1:4  trades=12  hit_rate=16.67%  total_pnl=1.3 points
  [12sec] SHORT 1:2  trades=18  hit_rate=11.11%  total_pnl=-20.7 points
  [12sec] SHORT 1:3  trades=18  hit_rate=11.11%  total_pnl=-15.3 points
  [12sec] SHORT 1:4  trades=18  hit_rate=11.11%  total_pnl=-9.9 points
  [12sec] SHORT 1:2  trades=8  hit_rate=12.5%  total_pnl=-2.85 points
  [12sec] SHORT 1:3  trades=8  hit_rate=12.5%  total_pnl=1.65 points
  [12sec] SHORT 1:4  trades=8  hit_rate=12.5%  total_pnl=6.15 points
  [12sec] SHORT 1:2  trades=24  hit_rate=12.5%  total_pnl=-21.75 points
  [12sec] SHORT 1:3  trades=24  hit_rate=8.33%  total_pnl=-20.4 points
  [12sec] SHORT 1:4  trades=24  hit_rate=8.33%  total_pnl=-15.0 points
  [12sec] SHORT 1:2  trades=12  hit_rate=25.0%  total_pnl=-5.45 points
  [12sec] SHORT 1:3  trades=12  hit_rate=16.67%  total_pnl=-4.1 points
  [12sec] SHORT 1:4  trades=12  hit_rate=16.67%  total_pnl=1.3 points
  [12sec] SHORT 1:2  trades=18  hit_rate=11.11%  total_pnl=-20.7 points
  [12sec] SHORT 1:3  trades=18  hit_rate=11.11%  total_pnl=-15.3 points
  [12sec] SHORT 1:4  trades=18  hit_rate=11.11%  total_pnl=-9.9 points
  [12sec] SHORT 1:2  trades=8  hit_rate=12.5%  total_pnl=-2.85 points
  [12sec] SHORT 1:3  trades=8  hit_rate=12.5%  total_pnl=1.65 points
  [12sec] SHORT 1:4  trades=8  hit_rate=12.5%  total_pnl=6.15 points
  [12sec] SHORT 1:2  trades=23  hit_rate=8.7%  total_pnl=-24.45 points
  [12sec] SHORT 1:3  trades=23  hit_rate=8.7%  total_pnl=-19.05 points
  [12sec] SHORT 1:4  trades=23  hit_rate=8.7%  total_pnl=-13.65 points
  [12sec] SHORT 1:2  trades=11  hit_rate=18.18%  total_pnl=-8.15 points
  [12sec] SHORT 1:3  trades=11  hit_rate=18.18%  total_pnl=-2.75 points
  [12sec] SHORT 1:4  trades=11  hit_rate=18.18%  total_pnl=2.65 points
  [12sec] SHORT 1:2  trades=18  hit_rate=11.11%  total_pnl=-20.7 points
  [12sec] SHORT 1:3  trades=18  hit_rate=11.11%  total_pnl=-15.3 points
  [12sec] SHORT 1:4  trades=18  hit_rate=11.11%  total_pnl=-9.9 points
  [12sec] SHORT 1:2  trades=8  hit_rate=12.5%  total_pnl=-2.85 points
  [12sec] SHORT 1:3  trades=8  hit_rate=12.5%  total_pnl=1.65 points
  [12sec] SHORT 1:4  trades=8  hit_rate=12.5%  total_pnl=6.15 points
  [12sec] SHORT 1:2  trades=21  hit_rate=9.52%  total_pnl=-21.9 points
  [12sec] SHORT 1:3  trades=21  hit_rate=9.52%  total_pnl=-16.5 points
  [12sec] SHORT 1:4  trades=21  hit_rate=9.52%  total_pnl=-11.1 points
  [12sec] SHORT 1:2  trades=11  hit_rate=18.18%  total_pnl=-8.15 points
  [12sec] SHORT 1:3  trades=11  hit_rate=18.18%  total_pnl=-2.75 points
  [12sec] SHORT 1:4  trades=11  hit_rate=18.18%  total_pnl=2.65 points
  [12sec] SHORT 1:2  trades=17  hit_rate=11.76%  total_pnl=-18.25 points
  [12sec] SHORT 1:3  trades=17  hit_rate=11.76%  total_pnl=-12.85 points
  [12sec] SHORT 1:4  trades=17  hit_rate=11.76%  total_pnl=-7.45 points
  [12sec] SHORT 1:2  trades=8  hit_rate=12.5%  total_pnl=-2.85 points
  [12sec] SHORT 1:3  trades=8  hit_rate=12.5%  total_pnl=1.65 points
  [12sec] SHORT 1:4  trades=8  hit_rate=12.5%  total_pnl=6.15 points
  [12sec] SHORT 1:2  trades=20  hit_rate=10.0%  total_pnl=-21.6 points
  [12sec] SHORT 1:3  trades=20  hit_rate=10.0%  total_pnl=-16.2 points
  [12sec] SHORT 1:4  trades=20  hit_rate=10.0%  total_pnl=-10.8 points
  [12sec] SHORT 1:2  trades=11  hit_rate=18.18%  total_pnl=-8.15 points
  [12sec] SHORT 1:3  trades=11  hit_rate=18.18%  total_pnl=-2.75 points
  [12sec] SHORT 1:4  trades=11  hit_rate=18.18%  total_pnl=2.65 points
  [12sec] SHORT 1:2  trades=16  hit_rate=12.5%  total_pnl=-17.95 points
  [12sec] SHORT 1:3  trades=16  hit_rate=12.5%  total_pnl=-12.55 points
  [12sec] SHORT 1:4  trades=16  hit_rate=12.5%  total_pnl=-7.15 points
  [12sec] SHORT 1:2  trades=8  hit_rate=12.5%  total_pnl=-2.85 points
  [12sec] SHORT 1:3  trades=8  hit_rate=12.5%  total_pnl=1.65 points
  [12sec] SHORT 1:4  trades=8  hit_rate=12.5%  total_pnl=6.15 points
  [1min] SHORT 1:2  trades=14  hit_rate=50.0%  total_pnl=68.0 points
  [1min] SHORT 1:3  trades=14  hit_rate=42.86%  total_pnl=104.05 points
  [1min] SHORT 1:4  trades=14  hit_rate=35.71%  total_pnl=137.5 points
  [1min] SHORT 1:2  trades=8  hit_rate=75.0%  total_pnl=62.95 points
  [1min] SHORT 1:3  trades=8  hit_rate=62.5%  total_pnl=91.35 points
  [1min] SHORT 1:4  trades=8  hit_rate=50.0%  total_pnl=117.15 points
  [1min] SHORT 1:2  trades=13  hit_rate=53.85%  total_pnl=71.3 points
  [1min] SHORT 1:3  trades=13  hit_rate=46.15%  total_pnl=107.35 points
  [1min] SHORT 1:4  trades=13  hit_rate=38.46%  total_pnl=140.8 points
  [1min] SHORT 1:2  trades=3  hit_rate=100.0%  total_pnl=38.3 points
  [1min] SHORT 1:3  trades=3  hit_rate=100.0%  total_pnl=57.45 points
  [1min] SHORT 1:4  trades=3  hit_rate=66.67%  total_pnl=73.3 points
  [1min] SHORT 1:2  trades=14  hit_rate=50.0%  total_pnl=68.0 points
  [1min] SHORT 1:3  trades=14  hit_rate=42.86%  total_pnl=104.05 points
  [1min] SHORT 1:4  trades=14  hit_rate=35.71%  total_pnl=137.5 points
  [1min] SHORT 1:2  trades=8  hit_rate=75.0%  total_pnl=62.95 points
  [1min] SHORT 1:3  trades=8  hit_rate=62.5%  total_pnl=91.35 points
  [1min] SHORT 1:4  trades=8  hit_rate=50.0%  total_pnl=117.15 points
  [1min] SHORT 1:2  trades=13  hit_rate=53.85%  total_pnl=71.3 points
  [1min] SHORT 1:3  trades=13  hit_rate=46.15%  total_pnl=107.35 points
  [1min] SHORT 1:4  trades=13  hit_rate=38.46%  total_pnl=140.8 points
  [1min] SHORT 1:2  trades=3  hit_rate=100.0%  total_pnl=38.3 points
  [1min] SHORT 1:3  trades=3  hit_rate=100.0%  total_pnl=57.45 points
  [1min] SHORT 1:4  trades=3  hit_rate=66.67%  total_pnl=73.3 points
  [1min] SHORT 1:2  trades=14  hit_rate=50.0%  total_pnl=68.0 points
  [1min] SHORT 1:3  trades=14  hit_rate=42.86%  total_pnl=104.05 points
  [1min] SHORT 1:4  trades=14  hit_rate=35.71%  total_pnl=137.5 points
  [1min] SHORT 1:2  trades=8  hit_rate=75.0%  total_pnl=62.95 points
  [1min] SHORT 1:3  trades=8  hit_rate=62.5%  total_pnl=91.35 points
  [1min] SHORT 1:4  trades=8  hit_rate=50.0%  total_pnl=117.15 points
  [1min] SHORT 1:2  trades=13  hit_rate=53.85%  total_pnl=71.3 points
  [1min] SHORT 1:3  trades=13  hit_rate=46.15%  total_pnl=107.35 points
  [1min] SHORT 1:4  trades=13  hit_rate=38.46%  total_pnl=140.8 points
  [1min] SHORT 1:2  trades=3  hit_rate=100.0%  total_pnl=38.3 points
  [1min] SHORT 1:3  trades=3  hit_rate=100.0%  total_pnl=57.45 points
  [1min] SHORT 1:4  trades=3  hit_rate=66.67%  total_pnl=73.3 points
  [1min] SHORT 1:2  trades=9  hit_rate=55.56%  total_pnl=44.75 points
  [1min] SHORT 1:3  trades=9  hit_rate=55.56%  total_pnl=73.85 points
  [1min] SHORT 1:4  trades=9  hit_rate=44.44%  total_pnl=99.65 points
  [1min] SHORT 1:2  trades=6  hit_rate=83.33%  total_pnl=50.55 points
  [1min] SHORT 1:3  trades=6  hit_rate=83.33%  total_pnl=79.65 points
  [1min] SHORT 1:4  trades=6  hit_rate=66.67%  total_pnl=105.45 points
  [1min] SHORT 1:2  trades=8  hit_rate=62.5%  total_pnl=48.05 points
  [1min] SHORT 1:3  trades=8  hit_rate=62.5%  total_pnl=77.15 points
  [1min] SHORT 1:4  trades=8  hit_rate=50.0%  total_pnl=102.95 points
  [1min] SHORT 1:2  trades=3  hit_rate=100.0%  total_pnl=38.3 points
  [1min] SHORT 1:3  trades=3  hit_rate=100.0%  total_pnl=57.45 points
  [1min] SHORT 1:4  trades=3  hit_rate=66.67%  total_pnl=73.3 points
  [1min] SHORT 1:2  trades=6  hit_rate=50.0%  total_pnl=20.3 points
  [1min] SHORT 1:3  trades=6  hit_rate=50.0%  total_pnl=36.0 points
  [1min] SHORT 1:4  trades=6  hit_rate=50.0%  total_pnl=51.7 points
  [1min] SHORT 1:2  trades=4  hit_rate=75.0%  total_pnl=23.75 points
  [1min] SHORT 1:3  trades=4  hit_rate=75.0%  total_pnl=39.45 points
  [1min] SHORT 1:4  trades=4  hit_rate=75.0%  total_pnl=55.15 points
  [1min] SHORT 1:2  trades=5  hit_rate=60.0%  total_pnl=23.6 points
  [1min] SHORT 1:3  trades=5  hit_rate=60.0%  total_pnl=39.3 points
  [1min] SHORT 1:4  trades=5  hit_rate=60.0%  total_pnl=55.0 points
  [1min] SHORT 1:2  trades=2  hit_rate=100.0%  total_pnl=29.6 points
  [1min] SHORT 1:3  trades=2  hit_rate=100.0%  total_pnl=44.4 points
  [1min] SHORT 1:4  trades=2  hit_rate=100.0%  total_pnl=59.2 points
  [1min] SHORT 1:2  trades=4  hit_rate=75.0%  total_pnl=23.75 points
  [1min] SHORT 1:3  trades=4  hit_rate=75.0%  total_pnl=39.45 points
  [1min] SHORT 1:4  trades=4  hit_rate=75.0%  total_pnl=55.15 points
  [1min] SHORT 1:2  trades=4  hit_rate=75.0%  total_pnl=23.75 points
  [1min] SHORT 1:3  trades=4  hit_rate=75.0%  total_pnl=39.45 points
  [1min] SHORT 1:4  trades=4  hit_rate=75.0%  total_pnl=55.15 points
  [1min] SHORT 1:2  trades=4  hit_rate=75.0%  total_pnl=23.75 points
  [1min] SHORT 1:3  trades=4  hit_rate=75.0%  total_pnl=39.45 points
  [1min] SHORT 1:4  trades=4  hit_rate=75.0%  total_pnl=55.15 points
  [1min] SHORT 1:2  trades=2  hit_rate=100.0%  total_pnl=29.6 points
  [1min] SHORT 1:3  trades=2  hit_rate=100.0%  total_pnl=44.4 points
  [1min] SHORT 1:4  trades=2  hit_rate=100.0%  total_pnl=59.2 points
  [1min] SHORT 1:2  trades=2  hit_rate=100.0%  total_pnl=29.6 points
  [1min] SHORT 1:3  trades=2  hit_rate=100.0%  total_pnl=44.4 points
  [1min] SHORT 1:4  trades=2  hit_rate=100.0%  total_pnl=59.2 points
  [1min] SHORT 1:2  trades=2  hit_rate=100.0%  total_pnl=29.6 points
  [1min] SHORT 1:3  trades=2  hit_rate=100.0%  total_pnl=44.4 points
  [1min] SHORT 1:4  trades=2  hit_rate=100.0%  total_pnl=59.2 points
  [1min] SHORT 1:2  trades=2  hit_rate=100.0%  total_pnl=29.6 points
  [1min] SHORT 1:3  trades=2  hit_rate=100.0%  total_pnl=44.4 points
  [1min] SHORT 1:4  trades=2  hit_rate=100.0%  total_pnl=59.2 points
  [1min] SHORT 1:2  trades=2  hit_rate=100.0%  total_pnl=29.6 points
  [1min] SHORT 1:3  trades=2  hit_rate=100.0%  total_pnl=44.4 points
  [1min] SHORT 1:4  trades=2  hit_rate=100.0%  total_pnl=59.2 points
  [1min] SHORT 1:2  trades=2  hit_rate=100.0%  total_pnl=29.6 points
  [1min] SHORT 1:3  trades=2  hit_rate=100.0%  total_pnl=44.4 points
  [1min] SHORT 1:4  trades=2  hit_rate=100.0%  total_pnl=59.2 points
  [1min] SHORT 1:2  trades=2  hit_rate=100.0%  total_pnl=29.6 points
  [1min] SHORT 1:3  trades=2  hit_rate=100.0%  total_pnl=44.4 points
  [1min] SHORT 1:4  trades=2  hit_rate=100.0%  total_pnl=59.2 points
  [1min] SHORT 1:2  trades=2  hit_rate=100.0%  total_pnl=29.6 points
  [1min] SHORT 1:3  trades=2  hit_rate=100.0%  total_pnl=44.4 points
  [1min] SHORT 1:4  trades=2  hit_rate=100.0%  total_pnl=59.2 points
  [1min] SHORT 1:2  trades=2  hit_rate=100.0%  total_pnl=29.6 points
  [1min] SHORT 1:3  trades=2  hit_rate=100.0%  total_pnl=44.4 points
  [1min] SHORT 1:4  trades=2  hit_rate=100.0%  total_pnl=59.2 points
  [1min] SHORT 1:2  trades=2  hit_rate=100.0%  total_pnl=29.6 points
  [1min] SHORT 1:3  trades=2  hit_rate=100.0%  total_pnl=44.4 points
  [1min] SHORT 1:4  trades=2  hit_rate=100.0%  total_pnl=59.2 points
  [1min] SHORT 1:2  trades=2  hit_rate=100.0%  total_pnl=29.6 points
  [1min] SHORT 1:3  trades=2  hit_rate=100.0%  total_pnl=44.4 points
  [1min] SHORT 1:4  trades=2  hit_rate=100.0%  total_pnl=59.2 points
  [1min] SHORT 1:2  trades=2  hit_rate=100.0%  total_pnl=29.6 points
  [1min] SHORT 1:3  trades=2  hit_rate=100.0%  total_pnl=44.4 points
  [1min] SHORT 1:4  trades=2  hit_rate=100.0%  total_pnl=59.2 points
  [1min] SHORT 1:2  trades=2  hit_rate=100.0%  total_pnl=29.6 points
  [1min] SHORT 1:3  trades=2  hit_rate=100.0%  total_pnl=44.4 points
  [1min] SHORT 1:4  trades=2  hit_rate=100.0%  total_pnl=59.2 points
  [1min] SHORT 1:2  trades=1  hit_rate=100.0%  total_pnl=14.9 points
  [1min] SHORT 1:3  trades=1  hit_rate=100.0%  total_pnl=22.35 points
  [1min] SHORT 1:4  trades=1  hit_rate=100.0%  total_pnl=29.8 points
  [1min] SHORT 1:2  trades=1  hit_rate=100.0%  total_pnl=14.9 points
  [1min] SHORT 1:3  trades=1  hit_rate=100.0%  total_pnl=22.35 points
  [1min] SHORT 1:4  trades=1  hit_rate=100.0%  total_pnl=29.8 points
  [1min] SHORT 1:2  trades=1  hit_rate=100.0%  total_pnl=14.9 points
  [1min] SHORT 1:3  trades=1  hit_rate=100.0%  total_pnl=22.35 points
  [1min] SHORT 1:4  trades=1  hit_rate=100.0%  total_pnl=29.8 points
  [1min] SHORT 1:2  trades=1  hit_rate=100.0%  total_pnl=14.9 points
  [1min] SHORT 1:3  trades=1  hit_rate=100.0%  total_pnl=22.35 points
  [1min] SHORT 1:4  trades=1  hit_rate=100.0%  total_pnl=29.8 points
  [1min] SHORT 1:2  trades=14  hit_rate=50.0%  total_pnl=68.0 points
  [1min] SHORT 1:3  trades=14  hit_rate=42.86%  total_pnl=104.05 points
  [1min] SHORT 1:4  trades=14  hit_rate=35.71%  total_pnl=137.5 points
  [1min] SHORT 1:2  trades=8  hit_rate=75.0%  total_pnl=62.95 points
  [1min] SHORT 1:3  trades=8  hit_rate=62.5%  total_pnl=91.35 points
  [1min] SHORT 1:4  trades=8  hit_rate=50.0%  total_pnl=117.15 points
  [1min] SHORT 1:2  trades=13  hit_rate=53.85%  total_pnl=71.3 points
  [1min] SHORT 1:3  trades=13  hit_rate=46.15%  total_pnl=107.35 points
  [1min] SHORT 1:4  trades=13  hit_rate=38.46%  total_pnl=140.8 points
  [1min] SHORT 1:2  trades=3  hit_rate=100.0%  total_pnl=38.3 points
  [1min] SHORT 1:3  trades=3  hit_rate=100.0%  total_pnl=57.45 points
  [1min] SHORT 1:4  trades=3  hit_rate=66.67%  total_pnl=73.3 points
  [1min] SHORT 1:2  trades=14  hit_rate=50.0%  total_pnl=68.0 points
  [1min] SHORT 1:3  trades=14  hit_rate=42.86%  total_pnl=104.05 points
  [1min] SHORT 1:4  trades=14  hit_rate=35.71%  total_pnl=137.5 points
  [1min] SHORT 1:2  trades=8  hit_rate=75.0%  total_pnl=62.95 points
  [1min] SHORT 1:3  trades=8  hit_rate=62.5%  total_pnl=91.35 points
  [1min] SHORT 1:4  trades=8  hit_rate=50.0%  total_pnl=117.15 points
  [1min] SHORT 1:2  trades=13  hit_rate=53.85%  total_pnl=71.3 points
  [1min] SHORT 1:3  trades=13  hit_rate=46.15%  total_pnl=107.35 points
  [1min] SHORT 1:4  trades=13  hit_rate=38.46%  total_pnl=140.8 points
  [1min] SHORT 1:2  trades=3  hit_rate=100.0%  total_pnl=38.3 points
  [1min] SHORT 1:3  trades=3  hit_rate=100.0%  total_pnl=57.45 points
  [1min] SHORT 1:4  trades=3  hit_rate=66.67%  total_pnl=73.3 points
  [1min] SHORT 1:2  trades=14  hit_rate=50.0%  total_pnl=68.0 points
  [1min] SHORT 1:3  trades=14  hit_rate=42.86%  total_pnl=104.05 points
  [1min] SHORT 1:4  trades=14  hit_rate=35.71%  total_pnl=137.5 points
  [1min] SHORT 1:2  trades=8  hit_rate=75.0%  total_pnl=62.95 points
  [1min] SHORT 1:3  trades=8  hit_rate=62.5%  total_pnl=91.35 points
  [1min] SHORT 1:4  trades=8  hit_rate=50.0%  total_pnl=117.15 points
  [1min] SHORT 1:2  trades=13  hit_rate=53.85%  total_pnl=71.3 points
  [1min] SHORT 1:3  trades=13  hit_rate=46.15%  total_pnl=107.35 points
  [1min] SHORT 1:4  trades=13  hit_rate=38.46%  total_pnl=140.8 points
  [1min] SHORT 1:2  trades=3  hit_rate=100.0%  total_pnl=38.3 points
  [1min] SHORT 1:3  trades=3  hit_rate=100.0%  total_pnl=57.45 points
  [1min] SHORT 1:4  trades=3  hit_rate=66.67%  total_pnl=73.3 points
  [1min] SHORT 1:2  trades=14  hit_rate=50.0%  total_pnl=68.0 points
  [1min] SHORT 1:3  trades=14  hit_rate=42.86%  total_pnl=104.05 points
  [1min] SHORT 1:4  trades=14  hit_rate=35.71%  total_pnl=137.5 points
  [1min] SHORT 1:2  trades=8  hit_rate=75.0%  total_pnl=62.95 points
  [1min] SHORT 1:3  trades=8  hit_rate=62.5%  total_pnl=91.35 points
  [1min] SHORT 1:4  trades=8  hit_rate=50.0%  total_pnl=117.15 points
  [1min] SHORT 1:2  trades=13  hit_rate=53.85%  total_pnl=71.3 points
  [1min] SHORT 1:3  trades=13  hit_rate=46.15%  total_pnl=107.35 points
  [1min] SHORT 1:4  trades=13  hit_rate=38.46%  total_pnl=140.8 points
  [1min] SHORT 1:2  trades=3  hit_rate=100.0%  total_pnl=38.3 points
  [1min] SHORT 1:3  trades=3  hit_rate=100.0%  total_pnl=57.45 points
  [1min] SHORT 1:4  trades=3  hit_rate=66.67%  total_pnl=73.3 points
  [1min] SHORT 1:2  trades=14  hit_rate=50.0%  total_pnl=68.0 points
  [1min] SHORT 1:3  trades=14  hit_rate=42.86%  total_pnl=104.05 points
  [1min] SHORT 1:4  trades=14  hit_rate=35.71%  total_pnl=137.5 points
  [1min] SHORT 1:2  trades=8  hit_rate=75.0%  total_pnl=62.95 points
  [1min] SHORT 1:3  trades=8  hit_rate=62.5%  total_pnl=91.35 points
  [1min] SHORT 1:4  trades=8  hit_rate=50.0%  total_pnl=117.15 points
  [1min] SHORT 1:2  trades=13  hit_rate=53.85%  total_pnl=71.3 points
  [1min] SHORT 1:3  trades=13  hit_rate=46.15%  total_pnl=107.35 points
  [1min] SHORT 1:4  trades=13  hit_rate=38.46%  total_pnl=140.8 points
  [1min] SHORT 1:2  trades=3  hit_rate=100.0%  total_pnl=38.3 points
  [1min] SHORT 1:3  trades=3  hit_rate=100.0%  total_pnl=57.45 points
  [1min] SHORT 1:4  trades=3  hit_rate=66.67%  total_pnl=73.3 points
  [1min] SHORT 1:2  trades=13  hit_rate=53.85%  total_pnl=70.85 points
  [1min] SHORT 1:3  trades=13  hit_rate=46.15%  total_pnl=106.9 points
  [1min] SHORT 1:4  trades=13  hit_rate=38.46%  total_pnl=140.35 points
  [1min] SHORT 1:2  trades=8  hit_rate=75.0%  total_pnl=62.95 points
  [1min] SHORT 1:3  trades=8  hit_rate=62.5%  total_pnl=91.35 points
  [1min] SHORT 1:4  trades=8  hit_rate=50.0%  total_pnl=117.15 points
  [1min] SHORT 1:2  trades=12  hit_rate=58.33%  total_pnl=74.15 points
  [1min] SHORT 1:3  trades=12  hit_rate=50.0%  total_pnl=110.2 points
  [1min] SHORT 1:4  trades=12  hit_rate=41.67%  total_pnl=143.65 points
  [1min] SHORT 1:2  trades=3  hit_rate=100.0%  total_pnl=38.3 points
  [1min] SHORT 1:3  trades=3  hit_rate=100.0%  total_pnl=57.45 points
  [1min] SHORT 1:4  trades=3  hit_rate=66.67%  total_pnl=73.3 points
  [1min] SHORT 1:2  trades=9  hit_rate=55.56%  total_pnl=45.5 points
  [1min] SHORT 1:3  trades=9  hit_rate=55.56%  total_pnl=74.6 points
  [1min] SHORT 1:4  trades=9  hit_rate=44.44%  total_pnl=100.4 points
  [1min] SHORT 1:2  trades=6  hit_rate=83.33%  total_pnl=50.55 points
  [1min] SHORT 1:3  trades=6  hit_rate=83.33%  total_pnl=79.65 points
  [1min] SHORT 1:4  trades=6  hit_rate=66.67%  total_pnl=105.45 points
  [1min] SHORT 1:2  trades=8  hit_rate=62.5%  total_pnl=48.8 points
  [1min] SHORT 1:3  trades=8  hit_rate=62.5%  total_pnl=77.9 points
  [1min] SHORT 1:4  trades=8  hit_rate=50.0%  total_pnl=103.7 points
  [1min] SHORT 1:2  trades=3  hit_rate=100.0%  total_pnl=38.3 points
  [1min] SHORT 1:3  trades=3  hit_rate=100.0%  total_pnl=57.45 points
  [1min] SHORT 1:4  trades=3  hit_rate=66.67%  total_pnl=73.3 points
  [1min] SHORT 1:2  trades=7  hit_rate=57.14%  total_pnl=38.4 points
  [1min] SHORT 1:3  trades=7  hit_rate=57.14%  total_pnl=63.15 points
  [1min] SHORT 1:4  trades=7  hit_rate=57.14%  total_pnl=87.9 points
  [1min] SHORT 1:2  trades=5  hit_rate=80.0%  total_pnl=41.85 points
  [1min] SHORT 1:3  trades=5  hit_rate=80.0%  total_pnl=66.6 points
  [1min] SHORT 1:4  trades=5  hit_rate=80.0%  total_pnl=91.35 points
  [1min] SHORT 1:2  trades=6  hit_rate=66.67%  total_pnl=41.7 points
  [1min] SHORT 1:3  trades=6  hit_rate=66.67%  total_pnl=66.45 points
  [1min] SHORT 1:4  trades=6  hit_rate=66.67%  total_pnl=91.2 points
  [1min] SHORT 1:2  trades=2  hit_rate=100.0%  total_pnl=29.6 points
  [1min] SHORT 1:3  trades=2  hit_rate=100.0%  total_pnl=44.4 points
  [1min] SHORT 1:4  trades=2  hit_rate=100.0%  total_pnl=59.2 points
  [1min] SHORT 1:2  trades=6  hit_rate=50.0%  total_pnl=20.3 points
  [1min] SHORT 1:3  trades=6  hit_rate=50.0%  total_pnl=36.0 points
  [1min] SHORT 1:4  trades=6  hit_rate=50.0%  total_pnl=51.7 points
  [1min] SHORT 1:2  trades=4  hit_rate=75.0%  total_pnl=23.75 points
  [1min] SHORT 1:3  trades=4  hit_rate=75.0%  total_pnl=39.45 points
  [1min] SHORT 1:4  trades=4  hit_rate=75.0%  total_pnl=55.15 points
  [1min] SHORT 1:2  trades=5  hit_rate=60.0%  total_pnl=23.6 points
  [1min] SHORT 1:3  trades=5  hit_rate=60.0%  total_pnl=39.3 points
  [1min] SHORT 1:4  trades=5  hit_rate=60.0%  total_pnl=55.0 points
  [1min] SHORT 1:2  trades=2  hit_rate=100.0%  total_pnl=29.6 points
  [1min] SHORT 1:3  trades=2  hit_rate=100.0%  total_pnl=44.4 points
  [1min] SHORT 1:4  trades=2  hit_rate=100.0%  total_pnl=59.2 points
  [1min] SHORT 1:2  trades=4  hit_rate=75.0%  total_pnl=23.75 points
  [1min] SHORT 1:3  trades=4  hit_rate=75.0%  total_pnl=39.45 points
  [1min] SHORT 1:4  trades=4  hit_rate=75.0%  total_pnl=55.15 points
  [1min] SHORT 1:2  trades=4  hit_rate=75.0%  total_pnl=23.75 points
  [1min] SHORT 1:3  trades=4  hit_rate=75.0%  total_pnl=39.45 points
  [1min] SHORT 1:4  trades=4  hit_rate=75.0%  total_pnl=55.15 points
  [1min] SHORT 1:2  trades=4  hit_rate=75.0%  total_pnl=23.75 points
  [1min] SHORT 1:3  trades=4  hit_rate=75.0%  total_pnl=39.45 points
  [1min] SHORT 1:4  trades=4  hit_rate=75.0%  total_pnl=55.15 points
  [1min] SHORT 1:2  trades=2  hit_rate=100.0%  total_pnl=29.6 points
  [1min] SHORT 1:3  trades=2  hit_rate=100.0%  total_pnl=44.4 points
  [1min] SHORT 1:4  trades=2  hit_rate=100.0%  total_pnl=59.2 points
  [1min] SHORT 1:2  trades=4  hit_rate=75.0%  total_pnl=23.75 points
  [1min] SHORT 1:3  trades=4  hit_rate=75.0%  total_pnl=39.45 points
  [1min] SHORT 1:4  trades=4  hit_rate=75.0%  total_pnl=55.15 points
  [1min] SHORT 1:2  trades=4  hit_rate=75.0%  total_pnl=23.75 points
  [1min] SHORT 1:3  trades=4  hit_rate=75.0%  total_pnl=39.45 points
  [1min] SHORT 1:4  trades=4  hit_rate=75.0%  total_pnl=55.15 points
  [1min] SHORT 1:2  trades=4  hit_rate=75.0%  total_pnl=23.75 points
  [1min] SHORT 1:3  trades=4  hit_rate=75.0%  total_pnl=39.45 points
  [1min] SHORT 1:4  trades=4  hit_rate=75.0%  total_pnl=55.15 points
  [1min] SHORT 1:2  trades=2  hit_rate=100.0%  total_pnl=29.6 points
  [1min] SHORT 1:3  trades=2  hit_rate=100.0%  total_pnl=44.4 points
  [1min] SHORT 1:4  trades=2  hit_rate=100.0%  total_pnl=59.2 points
  [1min] SHORT 1:2  trades=3  hit_rate=100.0%  total_pnl=31.4 points
  [1min] SHORT 1:3  trades=3  hit_rate=100.0%  total_pnl=47.1 points
  [1min] SHORT 1:4  trades=3  hit_rate=100.0%  total_pnl=62.8 points
  [1min] SHORT 1:2  trades=3  hit_rate=100.0%  total_pnl=31.4 points
  [1min] SHORT 1:3  trades=3  hit_rate=100.0%  total_pnl=47.1 points
  [1min] SHORT 1:4  trades=3  hit_rate=100.0%  total_pnl=62.8 points
  [1min] SHORT 1:2  trades=3  hit_rate=100.0%  total_pnl=31.4 points
  [1min] SHORT 1:3  trades=3  hit_rate=100.0%  total_pnl=47.1 points
  [1min] SHORT 1:4  trades=3  hit_rate=100.0%  total_pnl=62.8 points
  [1min] SHORT 1:2  trades=2  hit_rate=100.0%  total_pnl=29.6 points
  [1min] SHORT 1:3  trades=2  hit_rate=100.0%  total_pnl=44.4 points
  [1min] SHORT 1:4  trades=2  hit_rate=100.0%  total_pnl=59.2 points
  [1min] SHORT 1:2  trades=2  hit_rate=100.0%  total_pnl=29.6 points
  [1min] SHORT 1:3  trades=2  hit_rate=100.0%  total_pnl=44.4 points
  [1min] SHORT 1:4  trades=2  hit_rate=100.0%  total_pnl=59.2 points
  [1min] SHORT 1:2  trades=2  hit_rate=100.0%  total_pnl=29.6 points
  [1min] SHORT 1:3  trades=2  hit_rate=100.0%  total_pnl=44.4 points
  [1min] SHORT 1:4  trades=2  hit_rate=100.0%  total_pnl=59.2 points
  [1min] SHORT 1:2  trades=2  hit_rate=100.0%  total_pnl=29.6 points
  [1min] SHORT 1:3  trades=2  hit_rate=100.0%  total_pnl=44.4 points
  [1min] SHORT 1:4  trades=2  hit_rate=100.0%  total_pnl=59.2 points
  [1min] SHORT 1:2  trades=2  hit_rate=100.0%  total_pnl=29.6 points
  [1min] SHORT 1:3  trades=2  hit_rate=100.0%  total_pnl=44.4 points
  [1min] SHORT 1:4  trades=2  hit_rate=100.0%  total_pnl=59.2 points
  [1min] SHORT 1:2  trades=2  hit_rate=100.0%  total_pnl=29.6 points
  [1min] SHORT 1:3  trades=2  hit_rate=100.0%  total_pnl=44.4 points
  [1min] SHORT 1:4  trades=2  hit_rate=100.0%  total_pnl=59.2 points
  [1min] SHORT 1:2  trades=2  hit_rate=100.0%  total_pnl=29.6 points
  [1min] SHORT 1:3  trades=2  hit_rate=100.0%  total_pnl=44.4 points
  [1min] SHORT 1:4  trades=2  hit_rate=100.0%  total_pnl=59.2 points
  [1min] SHORT 1:2  trades=2  hit_rate=100.0%  total_pnl=29.6 points
  [1min] SHORT 1:3  trades=2  hit_rate=100.0%  total_pnl=44.4 points
  [1min] SHORT 1:4  trades=2  hit_rate=100.0%  total_pnl=59.2 points
  [1min] SHORT 1:2  trades=2  hit_rate=100.0%  total_pnl=29.6 points
  [1min] SHORT 1:3  trades=2  hit_rate=100.0%  total_pnl=44.4 points
  [1min] SHORT 1:4  trades=2  hit_rate=100.0%  total_pnl=59.2 points
  [1min] SHORT 1:2  trades=2  hit_rate=100.0%  total_pnl=29.6 points
  [1min] SHORT 1:3  trades=2  hit_rate=100.0%  total_pnl=44.4 points
  [1min] SHORT 1:4  trades=2  hit_rate=100.0%  total_pnl=59.2 points
  [1min] SHORT 1:2  trades=2  hit_rate=100.0%  total_pnl=29.6 points
  [1min] SHORT 1:3  trades=2  hit_rate=100.0%  total_pnl=44.4 points
  [1min] SHORT 1:4  trades=2  hit_rate=100.0%  total_pnl=59.2 points
  [1min] SHORT 1:2  trades=2  hit_rate=100.0%  total_pnl=29.6 points
  [1min] SHORT 1:3  trades=2  hit_rate=100.0%  total_pnl=44.4 points
  [1min] SHORT 1:4  trades=2  hit_rate=100.0%  total_pnl=59.2 points
  [1min] SHORT 1:2  trades=2  hit_rate=100.0%  total_pnl=29.6 points
  [1min] SHORT 1:3  trades=2  hit_rate=100.0%  total_pnl=44.4 points
  [1min] SHORT 1:4  trades=2  hit_rate=100.0%  total_pnl=59.2 points
  [1min] SHORT 1:2  trades=1  hit_rate=100.0%  total_pnl=14.9 points
  [1min] SHORT 1:3  trades=1  hit_rate=100.0%  total_pnl=22.35 points
  [1min] SHORT 1:4  trades=1  hit_rate=100.0%  total_pnl=29.8 points
  [1min] SHORT 1:2  trades=1  hit_rate=100.0%  total_pnl=14.9 points
  [1min] SHORT 1:3  trades=1  hit_rate=100.0%  total_pnl=22.35 points
  [1min] SHORT 1:4  trades=1  hit_rate=100.0%  total_pnl=29.8 points
  [1min] SHORT 1:2  trades=1  hit_rate=100.0%  total_pnl=14.9 points
  [1min] SHORT 1:3  trades=1  hit_rate=100.0%  total_pnl=22.35 points
  [1min] SHORT 1:4  trades=1  hit_rate=100.0%  total_pnl=29.8 points
  [1min] SHORT 1:2  trades=1  hit_rate=100.0%  total_pnl=14.9 points
  [1min] SHORT 1:3  trades=1  hit_rate=100.0%  total_pnl=22.35 points
  [1min] SHORT 1:4  trades=1  hit_rate=100.0%  total_pnl=29.8 points
  [1min] SHORT 1:2  trades=14  hit_rate=50.0%  total_pnl=68.0 points
  [1min] SHORT 1:3  trades=14  hit_rate=42.86%  total_pnl=104.05 points
  [1min] SHORT 1:4  trades=14  hit_rate=35.71%  total_pnl=137.5 points
  [1min] SHORT 1:2  trades=8  hit_rate=75.0%  total_pnl=62.95 points
  [1min] SHORT 1:3  trades=8  hit_rate=62.5%  total_pnl=91.35 points
  [1min] SHORT 1:4  trades=8  hit_rate=50.0%  total_pnl=117.15 points
  [1min] SHORT 1:2  trades=13  hit_rate=53.85%  total_pnl=71.3 points
  [1min] SHORT 1:3  trades=13  hit_rate=46.15%  total_pnl=107.35 points
  [1min] SHORT 1:4  trades=13  hit_rate=38.46%  total_pnl=140.8 points
  [1min] SHORT 1:2  trades=3  hit_rate=100.0%  total_pnl=38.3 points
  [1min] SHORT 1:3  trades=3  hit_rate=100.0%  total_pnl=57.45 points
  [1min] SHORT 1:4  trades=3  hit_rate=66.67%  total_pnl=73.3 points
  [1min] SHORT 1:2  trades=14  hit_rate=50.0%  total_pnl=68.0 points
  [1min] SHORT 1:3  trades=14  hit_rate=42.86%  total_pnl=104.05 points
  [1min] SHORT 1:4  trades=14  hit_rate=35.71%  total_pnl=137.5 points
  [1min] SHORT 1:2  trades=8  hit_rate=75.0%  total_pnl=62.95 points
  [1min] SHORT 1:3  trades=8  hit_rate=62.5%  total_pnl=91.35 points
  [1min] SHORT 1:4  trades=8  hit_rate=50.0%  total_pnl=117.15 points
  [1min] SHORT 1:2  trades=13  hit_rate=53.85%  total_pnl=71.3 points
  [1min] SHORT 1:3  trades=13  hit_rate=46.15%  total_pnl=107.35 points
  [1min] SHORT 1:4  trades=13  hit_rate=38.46%  total_pnl=140.8 points
  [1min] SHORT 1:2  trades=3  hit_rate=100.0%  total_pnl=38.3 points
  [1min] SHORT 1:3  trades=3  hit_rate=100.0%  total_pnl=57.45 points
  [1min] SHORT 1:4  trades=3  hit_rate=66.67%  total_pnl=73.3 points
  [1min] SHORT 1:2  trades=14  hit_rate=50.0%  total_pnl=68.0 points
  [1min] SHORT 1:3  trades=14  hit_rate=42.86%  total_pnl=104.05 points
  [1min] SHORT 1:4  trades=14  hit_rate=35.71%  total_pnl=137.5 points
  [1min] SHORT 1:2  trades=8  hit_rate=75.0%  total_pnl=62.95 points
  [1min] SHORT 1:3  trades=8  hit_rate=62.5%  total_pnl=91.35 points
  [1min] SHORT 1:4  trades=8  hit_rate=50.0%  total_pnl=117.15 points
  [1min] SHORT 1:2  trades=13  hit_rate=53.85%  total_pnl=71.3 points
  [1min] SHORT 1:3  trades=13  hit_rate=46.15%  total_pnl=107.35 points
  [1min] SHORT 1:4  trades=13  hit_rate=38.46%  total_pnl=140.8 points
  [1min] SHORT 1:2  trades=3  hit_rate=100.0%  total_pnl=38.3 points
  [1min] SHORT 1:3  trades=3  hit_rate=100.0%  total_pnl=57.45 points
  [1min] SHORT 1:4  trades=3  hit_rate=66.67%  total_pnl=73.3 points
  [1min] SHORT 1:2  trades=14  hit_rate=50.0%  total_pnl=68.0 points
  [1min] SHORT 1:3  trades=14  hit_rate=42.86%  total_pnl=104.05 points
  [1min] SHORT 1:4  trades=14  hit_rate=35.71%  total_pnl=137.5 points
  [1min] SHORT 1:2  trades=8  hit_rate=75.0%  total_pnl=62.95 points
  [1min] SHORT 1:3  trades=8  hit_rate=62.5%  total_pnl=91.35 points
  [1min] SHORT 1:4  trades=8  hit_rate=50.0%  total_pnl=117.15 points
  [1min] SHORT 1:2  trades=13  hit_rate=53.85%  total_pnl=71.3 points
  [1min] SHORT 1:3  trades=13  hit_rate=46.15%  total_pnl=107.35 points
  [1min] SHORT 1:4  trades=13  hit_rate=38.46%  total_pnl=140.8 points
  [1min] SHORT 1:2  trades=3  hit_rate=100.0%  total_pnl=38.3 points
  [1min] SHORT 1:3  trades=3  hit_rate=100.0%  total_pnl=57.45 points
  [1min] SHORT 1:4  trades=3  hit_rate=66.67%  total_pnl=73.3 points
  [1min] SHORT 1:2  trades=14  hit_rate=50.0%  total_pnl=68.0 points
  [1min] SHORT 1:3  trades=14  hit_rate=42.86%  total_pnl=104.05 points
  [1min] SHORT 1:4  trades=14  hit_rate=35.71%  total_pnl=137.5 points
  [1min] SHORT 1:2  trades=8  hit_rate=75.0%  total_pnl=62.95 points
  [1min] SHORT 1:3  trades=8  hit_rate=62.5%  total_pnl=91.35 points
  [1min] SHORT 1:4  trades=8  hit_rate=50.0%  total_pnl=117.15 points
  [1min] SHORT 1:2  trades=13  hit_rate=53.85%  total_pnl=71.3 points
  [1min] SHORT 1:3  trades=13  hit_rate=46.15%  total_pnl=107.35 points
  [1min] SHORT 1:4  trades=13  hit_rate=38.46%  total_pnl=140.8 points
  [1min] SHORT 1:2  trades=3  hit_rate=100.0%  total_pnl=38.3 points
  [1min] SHORT 1:3  trades=3  hit_rate=100.0%  total_pnl=57.45 points
  [1min] SHORT 1:4  trades=3  hit_rate=66.67%  total_pnl=73.3 points
  [1min] SHORT 1:2  trades=14  hit_rate=50.0%  total_pnl=68.0 points
  [1min] SHORT 1:3  trades=14  hit_rate=42.86%  total_pnl=104.05 points
  [1min] SHORT 1:4  trades=14  hit_rate=35.71%  total_pnl=137.5 points
  [1min] SHORT 1:2  trades=8  hit_rate=75.0%  total_pnl=62.95 points
  [1min] SHORT 1:3  trades=8  hit_rate=62.5%  total_pnl=91.35 points
  [1min] SHORT 1:4  trades=8  hit_rate=50.0%  total_pnl=117.15 points
  [1min] SHORT 1:2  trades=13  hit_rate=53.85%  total_pnl=71.3 points
  [1min] SHORT 1:3  trades=13  hit_rate=46.15%  total_pnl=107.35 points
  [1min] SHORT 1:4  trades=13  hit_rate=38.46%  total_pnl=140.8 points
  [1min] SHORT 1:2  trades=3  hit_rate=100.0%  total_pnl=38.3 points
  [1min] SHORT 1:3  trades=3  hit_rate=100.0%  total_pnl=57.45 points
  [1min] SHORT 1:4  trades=3  hit_rate=66.67%  total_pnl=73.3 points
  [1min] SHORT 1:2  trades=14  hit_rate=50.0%  total_pnl=68.0 points
  [1min] SHORT 1:3  trades=14  hit_rate=42.86%  total_pnl=104.05 points
  [1min] SHORT 1:4  trades=14  hit_rate=35.71%  total_pnl=137.5 points
  [1min] SHORT 1:2  trades=8  hit_rate=75.0%  total_pnl=62.95 points
  [1min] SHORT 1:3  trades=8  hit_rate=62.5%  total_pnl=91.35 points
  [1min] SHORT 1:4  trades=8  hit_rate=50.0%  total_pnl=117.15 points
  [1min] SHORT 1:2  trades=13  hit_rate=53.85%  total_pnl=71.3 points
  [1min] SHORT 1:3  trades=13  hit_rate=46.15%  total_pnl=107.35 points
  [1min] SHORT 1:4  trades=13  hit_rate=38.46%  total_pnl=140.8 points
  [1min] SHORT 1:2  trades=3  hit_rate=100.0%  total_pnl=38.3 points
  [1min] SHORT 1:3  trades=3  hit_rate=100.0%  total_pnl=57.45 points
  [1min] SHORT 1:4  trades=3  hit_rate=66.67%  total_pnl=73.3 points
  [1min] SHORT 1:2  trades=13  hit_rate=53.85%  total_pnl=70.85 points
  [1min] SHORT 1:3  trades=13  hit_rate=46.15%  total_pnl=106.9 points
  [1min] SHORT 1:4  trades=13  hit_rate=38.46%  total_pnl=140.35 points
  [1min] SHORT 1:2  trades=8  hit_rate=75.0%  total_pnl=62.95 points
  [1min] SHORT 1:3  trades=8  hit_rate=62.5%  total_pnl=91.35 points
  [1min] SHORT 1:4  trades=8  hit_rate=50.0%  total_pnl=117.15 points
  [1min] SHORT 1:2  trades=12  hit_rate=58.33%  total_pnl=74.15 points
  [1min] SHORT 1:3  trades=12  hit_rate=50.0%  total_pnl=110.2 points
  [1min] SHORT 1:4  trades=12  hit_rate=41.67%  total_pnl=143.65 points
  [1min] SHORT 1:2  trades=3  hit_rate=100.0%  total_pnl=38.3 points
  [1min] SHORT 1:3  trades=3  hit_rate=100.0%  total_pnl=57.45 points
  [1min] SHORT 1:4  trades=3  hit_rate=66.67%  total_pnl=73.3 points
  [1min] SHORT 1:2  trades=13  hit_rate=53.85%  total_pnl=70.85 points
  [1min] SHORT 1:3  trades=13  hit_rate=46.15%  total_pnl=106.9 points
  [1min] SHORT 1:4  trades=13  hit_rate=38.46%  total_pnl=140.35 points
  [1min] SHORT 1:2  trades=8  hit_rate=75.0%  total_pnl=62.95 points
  [1min] SHORT 1:3  trades=8  hit_rate=62.5%  total_pnl=91.35 points
  [1min] SHORT 1:4  trades=8  hit_rate=50.0%  total_pnl=117.15 points
  [1min] SHORT 1:2  trades=12  hit_rate=58.33%  total_pnl=74.15 points
  [1min] SHORT 1:3  trades=12  hit_rate=50.0%  total_pnl=110.2 points
  [1min] SHORT 1:4  trades=12  hit_rate=41.67%  total_pnl=143.65 points
  [1min] SHORT 1:2  trades=3  hit_rate=100.0%  total_pnl=38.3 points
  [1min] SHORT 1:3  trades=3  hit_rate=100.0%  total_pnl=57.45 points
  [1min] SHORT 1:4  trades=3  hit_rate=66.67%  total_pnl=73.3 points
  [1min] SHORT 1:2  trades=12  hit_rate=50.0%  total_pnl=60.75 points
  [1min] SHORT 1:3  trades=12  hit_rate=50.0%  total_pnl=97.5 points
  [1min] SHORT 1:4  trades=12  hit_rate=41.67%  total_pnl=130.95 points
  [1min] SHORT 1:2  trades=7  hit_rate=71.43%  total_pnl=52.85 points
  [1min] SHORT 1:3  trades=7  hit_rate=71.43%  total_pnl=81.95 points
  [1min] SHORT 1:4  trades=7  hit_rate=57.14%  total_pnl=107.75 points
  [1min] SHORT 1:2  trades=11  hit_rate=54.55%  total_pnl=64.05 points
  [1min] SHORT 1:3  trades=11  hit_rate=54.55%  total_pnl=100.8 points
  [1min] SHORT 1:4  trades=11  hit_rate=45.45%  total_pnl=134.25 points
  [1min] SHORT 1:2  trades=3  hit_rate=100.0%  total_pnl=38.3 points
  [1min] SHORT 1:3  trades=3  hit_rate=100.0%  total_pnl=57.45 points
  [1min] SHORT 1:4  trades=3  hit_rate=66.67%  total_pnl=73.3 points
  [1min] SHORT 1:2  trades=9  hit_rate=55.56%  total_pnl=45.5 points
  [1min] SHORT 1:3  trades=9  hit_rate=55.56%  total_pnl=74.6 points
  [1min] SHORT 1:4  trades=9  hit_rate=44.44%  total_pnl=100.4 points
  [1min] SHORT 1:2  trades=6  hit_rate=83.33%  total_pnl=50.55 points
  [1min] SHORT 1:3  trades=6  hit_rate=83.33%  total_pnl=79.65 points
  [1min] SHORT 1:4  trades=6  hit_rate=66.67%  total_pnl=105.45 points
  [1min] SHORT 1:2  trades=8  hit_rate=62.5%  total_pnl=48.8 points
  [1min] SHORT 1:3  trades=8  hit_rate=62.5%  total_pnl=77.9 points
  [1min] SHORT 1:4  trades=8  hit_rate=50.0%  total_pnl=103.7 points
  [1min] SHORT 1:2  trades=3  hit_rate=100.0%  total_pnl=38.3 points
  [1min] SHORT 1:3  trades=3  hit_rate=100.0%  total_pnl=57.45 points
  [1min] SHORT 1:4  trades=3  hit_rate=66.67%  total_pnl=73.3 points
  [1min] SHORT 1:2  trades=7  hit_rate=57.14%  total_pnl=38.4 points
  [1min] SHORT 1:3  trades=7  hit_rate=57.14%  total_pnl=63.15 points
  [1min] SHORT 1:4  trades=7  hit_rate=57.14%  total_pnl=87.9 points
  [1min] SHORT 1:2  trades=5  hit_rate=80.0%  total_pnl=41.85 points
  [1min] SHORT 1:3  trades=5  hit_rate=80.0%  total_pnl=66.6 points
  [1min] SHORT 1:4  trades=5  hit_rate=80.0%  total_pnl=91.35 points
  [1min] SHORT 1:2  trades=6  hit_rate=66.67%  total_pnl=41.7 points
  [1min] SHORT 1:3  trades=6  hit_rate=66.67%  total_pnl=66.45 points
  [1min] SHORT 1:4  trades=6  hit_rate=66.67%  total_pnl=91.2 points
  [1min] SHORT 1:2  trades=2  hit_rate=100.0%  total_pnl=29.6 points
  [1min] SHORT 1:3  trades=2  hit_rate=100.0%  total_pnl=44.4 points
  [1min] SHORT 1:4  trades=2  hit_rate=100.0%  total_pnl=59.2 points
  [1min] SHORT 1:2  trades=7  hit_rate=57.14%  total_pnl=38.4 points
  [1min] SHORT 1:3  trades=7  hit_rate=57.14%  total_pnl=63.15 points
  [1min] SHORT 1:4  trades=7  hit_rate=57.14%  total_pnl=87.9 points
  [1min] SHORT 1:2  trades=5  hit_rate=80.0%  total_pnl=41.85 points
  [1min] SHORT 1:3  trades=5  hit_rate=80.0%  total_pnl=66.6 points
  [1min] SHORT 1:4  trades=5  hit_rate=80.0%  total_pnl=91.35 points
  [1min] SHORT 1:2  trades=6  hit_rate=66.67%  total_pnl=41.7 points
  [1min] SHORT 1:3  trades=6  hit_rate=66.67%  total_pnl=66.45 points
  [1min] SHORT 1:4  trades=6  hit_rate=66.67%  total_pnl=91.2 points
  [1min] SHORT 1:2  trades=2  hit_rate=100.0%  total_pnl=29.6 points
  [1min] SHORT 1:3  trades=2  hit_rate=100.0%  total_pnl=44.4 points
  [1min] SHORT 1:4  trades=2  hit_rate=100.0%  total_pnl=59.2 points
  [1min] SHORT 1:2  trades=6  hit_rate=50.0%  total_pnl=20.3 points
  [1min] SHORT 1:3  trades=6  hit_rate=50.0%  total_pnl=36.0 points
  [1min] SHORT 1:4  trades=6  hit_rate=50.0%  total_pnl=51.7 points
  [1min] SHORT 1:2  trades=4  hit_rate=75.0%  total_pnl=23.75 points
  [1min] SHORT 1:3  trades=4  hit_rate=75.0%  total_pnl=39.45 points
  [1min] SHORT 1:4  trades=4  hit_rate=75.0%  total_pnl=55.15 points
  [1min] SHORT 1:2  trades=5  hit_rate=60.0%  total_pnl=23.6 points
  [1min] SHORT 1:3  trades=5  hit_rate=60.0%  total_pnl=39.3 points
  [1min] SHORT 1:4  trades=5  hit_rate=60.0%  total_pnl=55.0 points
  [1min] SHORT 1:2  trades=2  hit_rate=100.0%  total_pnl=29.6 points
  [1min] SHORT 1:3  trades=2  hit_rate=100.0%  total_pnl=44.4 points
  [1min] SHORT 1:4  trades=2  hit_rate=100.0%  total_pnl=59.2 points
  [1min] SHORT 1:2  trades=5  hit_rate=60.0%  total_pnl=23.6 points
  [1min] SHORT 1:3  trades=5  hit_rate=60.0%  total_pnl=39.3 points
  [1min] SHORT 1:4  trades=5  hit_rate=60.0%  total_pnl=55.0 points
  [1min] SHORT 1:2  trades=4  hit_rate=75.0%  total_pnl=23.75 points
  [1min] SHORT 1:3  trades=4  hit_rate=75.0%  total_pnl=39.45 points
  [1min] SHORT 1:4  trades=4  hit_rate=75.0%  total_pnl=55.15 points
  [1min] SHORT 1:2  trades=5  hit_rate=60.0%  total_pnl=23.6 points
  [1min] SHORT 1:3  trades=5  hit_rate=60.0%  total_pnl=39.3 points
  [1min] SHORT 1:4  trades=5  hit_rate=60.0%  total_pnl=55.0 points
  [1min] SHORT 1:2  trades=2  hit_rate=100.0%  total_pnl=29.6 points
  [1min] SHORT 1:3  trades=2  hit_rate=100.0%  total_pnl=44.4 points
  [1min] SHORT 1:4  trades=2  hit_rate=100.0%  total_pnl=59.2 points
  [1min] SHORT 1:2  trades=4  hit_rate=75.0%  total_pnl=23.75 points
  [1min] SHORT 1:3  trades=4  hit_rate=75.0%  total_pnl=39.45 points
  [1min] SHORT 1:4  trades=4  hit_rate=75.0%  total_pnl=55.15 points
  [1min] SHORT 1:2  trades=4  hit_rate=75.0%  total_pnl=23.75 points
  [1min] SHORT 1:3  trades=4  hit_rate=75.0%  total_pnl=39.45 points
  [1min] SHORT 1:4  trades=4  hit_rate=75.0%  total_pnl=55.15 points
  [1min] SHORT 1:2  trades=4  hit_rate=75.0%  total_pnl=23.75 points
  [1min] SHORT 1:3  trades=4  hit_rate=75.0%  total_pnl=39.45 points
  [1min] SHORT 1:4  trades=4  hit_rate=75.0%  total_pnl=55.15 points
  [1min] SHORT 1:2  trades=2  hit_rate=100.0%  total_pnl=29.6 points
  [1min] SHORT 1:3  trades=2  hit_rate=100.0%  total_pnl=44.4 points
  [1min] SHORT 1:4  trades=2  hit_rate=100.0%  total_pnl=59.2 points
  [1min] SHORT 1:2  trades=4  hit_rate=75.0%  total_pnl=23.75 points
  [1min] SHORT 1:3  trades=4  hit_rate=75.0%  total_pnl=39.45 points
  [1min] SHORT 1:4  trades=4  hit_rate=75.0%  total_pnl=55.15 points
  [1min] SHORT 1:2  trades=4  hit_rate=75.0%  total_pnl=23.75 points
  [1min] SHORT 1:3  trades=4  hit_rate=75.0%  total_pnl=39.45 points
  [1min] SHORT 1:4  trades=4  hit_rate=75.0%  total_pnl=55.15 points
  [1min] SHORT 1:2  trades=4  hit_rate=75.0%  total_pnl=23.75 points
  [1min] SHORT 1:3  trades=4  hit_rate=75.0%  total_pnl=39.45 points
  [1min] SHORT 1:4  trades=4  hit_rate=75.0%  total_pnl=55.15 points
  [1min] SHORT 1:2  trades=2  hit_rate=100.0%  total_pnl=29.6 points
  [1min] SHORT 1:3  trades=2  hit_rate=100.0%  total_pnl=44.4 points
  [1min] SHORT 1:4  trades=2  hit_rate=100.0%  total_pnl=59.2 points
  [1min] SHORT 1:2  trades=4  hit_rate=75.0%  total_pnl=23.75 points
  [1min] SHORT 1:3  trades=4  hit_rate=75.0%  total_pnl=39.45 points
  [1min] SHORT 1:4  trades=4  hit_rate=75.0%  total_pnl=55.15 points
  [1min] SHORT 1:2  trades=4  hit_rate=75.0%  total_pnl=23.75 points
  [1min] SHORT 1:3  trades=4  hit_rate=75.0%  total_pnl=39.45 points
  [1min] SHORT 1:4  trades=4  hit_rate=75.0%  total_pnl=55.15 points
  [1min] SHORT 1:2  trades=4  hit_rate=75.0%  total_pnl=23.75 points
  [1min] SHORT 1:3  trades=4  hit_rate=75.0%  total_pnl=39.45 points
  [1min] SHORT 1:4  trades=4  hit_rate=75.0%  total_pnl=55.15 points
  [1min] SHORT 1:2  trades=2  hit_rate=100.0%  total_pnl=29.6 points
  [1min] SHORT 1:3  trades=2  hit_rate=100.0%  total_pnl=44.4 points
  [1min] SHORT 1:4  trades=2  hit_rate=100.0%  total_pnl=59.2 points
  [1min] SHORT 1:2  trades=3  hit_rate=100.0%  total_pnl=31.4 points
  [1min] SHORT 1:3  trades=3  hit_rate=100.0%  total_pnl=47.1 points
  [1min] SHORT 1:4  trades=3  hit_rate=100.0%  total_pnl=62.8 points
  [1min] SHORT 1:2  trades=3  hit_rate=100.0%  total_pnl=31.4 points
  [1min] SHORT 1:3  trades=3  hit_rate=100.0%  total_pnl=47.1 points
  [1min] SHORT 1:4  trades=3  hit_rate=100.0%  total_pnl=62.8 points
  [1min] SHORT 1:2  trades=3  hit_rate=100.0%  total_pnl=31.4 points
  [1min] SHORT 1:3  trades=3  hit_rate=100.0%  total_pnl=47.1 points
  [1min] SHORT 1:4  trades=3  hit_rate=100.0%  total_pnl=62.8 points
  [1min] SHORT 1:2  trades=2  hit_rate=100.0%  total_pnl=29.6 points
  [1min] SHORT 1:3  trades=2  hit_rate=100.0%  total_pnl=44.4 points
  [1min] SHORT 1:4  trades=2  hit_rate=100.0%  total_pnl=59.2 points
  [1min] SHORT 1:2  trades=3  hit_rate=100.0%  total_pnl=31.4 points
  [1min] SHORT 1:3  trades=3  hit_rate=100.0%  total_pnl=47.1 points
  [1min] SHORT 1:4  trades=3  hit_rate=100.0%  total_pnl=62.8 points
  [1min] SHORT 1:2  trades=3  hit_rate=100.0%  total_pnl=31.4 points
  [1min] SHORT 1:3  trades=3  hit_rate=100.0%  total_pnl=47.1 points
  [1min] SHORT 1:4  trades=3  hit_rate=100.0%  total_pnl=62.8 points
  [1min] SHORT 1:2  trades=3  hit_rate=100.0%  total_pnl=31.4 points
  [1min] SHORT 1:3  trades=3  hit_rate=100.0%  total_pnl=47.1 points
  [1min] SHORT 1:4  trades=3  hit_rate=100.0%  total_pnl=62.8 points
  [1min] SHORT 1:2  trades=2  hit_rate=100.0%  total_pnl=29.6 points
  [1min] SHORT 1:3  trades=2  hit_rate=100.0%  total_pnl=44.4 points
  [1min] SHORT 1:4  trades=2  hit_rate=100.0%  total_pnl=59.2 points
  [1min] SHORT 1:2  trades=14  hit_rate=50.0%  total_pnl=68.0 points
  [1min] SHORT 1:3  trades=14  hit_rate=42.86%  total_pnl=104.05 points
  [1min] SHORT 1:4  trades=14  hit_rate=35.71%  total_pnl=137.5 points
  [1min] SHORT 1:2  trades=8  hit_rate=75.0%  total_pnl=62.95 points
  [1min] SHORT 1:3  trades=8  hit_rate=62.5%  total_pnl=91.35 points
  [1min] SHORT 1:4  trades=8  hit_rate=50.0%  total_pnl=117.15 points
  [1min] SHORT 1:2  trades=13  hit_rate=53.85%  total_pnl=71.3 points
  [1min] SHORT 1:3  trades=13  hit_rate=46.15%  total_pnl=107.35 points
  [1min] SHORT 1:4  trades=13  hit_rate=38.46%  total_pnl=140.8 points
  [1min] SHORT 1:2  trades=3  hit_rate=100.0%  total_pnl=38.3 points
  [1min] SHORT 1:3  trades=3  hit_rate=100.0%  total_pnl=57.45 points
  [1min] SHORT 1:4  trades=3  hit_rate=66.67%  total_pnl=73.3 points
  [1min] SHORT 1:2  trades=14  hit_rate=50.0%  total_pnl=68.0 points
  [1min] SHORT 1:3  trades=14  hit_rate=42.86%  total_pnl=104.05 points
  [1min] SHORT 1:4  trades=14  hit_rate=35.71%  total_pnl=137.5 points
  [1min] SHORT 1:2  trades=8  hit_rate=75.0%  total_pnl=62.95 points
  [1min] SHORT 1:3  trades=8  hit_rate=62.5%  total_pnl=91.35 points
  [1min] SHORT 1:4  trades=8  hit_rate=50.0%  total_pnl=117.15 points
  [1min] SHORT 1:2  trades=13  hit_rate=53.85%  total_pnl=71.3 points
  [1min] SHORT 1:3  trades=13  hit_rate=46.15%  total_pnl=107.35 points
  [1min] SHORT 1:4  trades=13  hit_rate=38.46%  total_pnl=140.8 points
  [1min] SHORT 1:2  trades=3  hit_rate=100.0%  total_pnl=38.3 points
  [1min] SHORT 1:3  trades=3  hit_rate=100.0%  total_pnl=57.45 points
  [1min] SHORT 1:4  trades=3  hit_rate=66.67%  total_pnl=73.3 points
  [1min] SHORT 1:2  trades=14  hit_rate=50.0%  total_pnl=68.0 points
  [1min] SHORT 1:3  trades=14  hit_rate=42.86%  total_pnl=104.05 points
  [1min] SHORT 1:4  trades=14  hit_rate=35.71%  total_pnl=137.5 points
  [1min] SHORT 1:2  trades=8  hit_rate=75.0%  total_pnl=62.95 points
  [1min] SHORT 1:3  trades=8  hit_rate=62.5%  total_pnl=91.35 points
  [1min] SHORT 1:4  trades=8  hit_rate=50.0%  total_pnl=117.15 points
  [1min] SHORT 1:2  trades=13  hit_rate=53.85%  total_pnl=71.3 points
  [1min] SHORT 1:3  trades=13  hit_rate=46.15%  total_pnl=107.35 points
  [1min] SHORT 1:4  trades=13  hit_rate=38.46%  total_pnl=140.8 points
  [1min] SHORT 1:2  trades=3  hit_rate=100.0%  total_pnl=38.3 points
  [1min] SHORT 1:3  trades=3  hit_rate=100.0%  total_pnl=57.45 points
  [1min] SHORT 1:4  trades=3  hit_rate=66.67%  total_pnl=73.3 points
  [1min] SHORT 1:2  trades=14  hit_rate=50.0%  total_pnl=68.0 points
  [1min] SHORT 1:3  trades=14  hit_rate=42.86%  total_pnl=104.05 points
  [1min] SHORT 1:4  trades=14  hit_rate=35.71%  total_pnl=137.5 points
  [1min] SHORT 1:2  trades=8  hit_rate=75.0%  total_pnl=62.95 points
  [1min] SHORT 1:3  trades=8  hit_rate=62.5%  total_pnl=91.35 points
  [1min] SHORT 1:4  trades=8  hit_rate=50.0%  total_pnl=117.15 points
  [1min] SHORT 1:2  trades=13  hit_rate=53.85%  total_pnl=71.3 points
  [1min] SHORT 1:3  trades=13  hit_rate=46.15%  total_pnl=107.35 points
  [1min] SHORT 1:4  trades=13  hit_rate=38.46%  total_pnl=140.8 points
  [1min] SHORT 1:2  trades=3  hit_rate=100.0%  total_pnl=38.3 points
  [1min] SHORT 1:3  trades=3  hit_rate=100.0%  total_pnl=57.45 points
  [1min] SHORT 1:4  trades=3  hit_rate=66.67%  total_pnl=73.3 points
  [1min] SHORT 1:2  trades=14  hit_rate=50.0%  total_pnl=68.0 points
  [1min] SHORT 1:3  trades=14  hit_rate=42.86%  total_pnl=104.05 points
  [1min] SHORT 1:4  trades=14  hit_rate=35.71%  total_pnl=137.5 points
  [1min] SHORT 1:2  trades=8  hit_rate=75.0%  total_pnl=62.95 points
  [1min] SHORT 1:3  trades=8  hit_rate=62.5%  total_pnl=91.35 points
  [1min] SHORT 1:4  trades=8  hit_rate=50.0%  total_pnl=117.15 points
  [1min] SHORT 1:2  trades=13  hit_rate=53.85%  total_pnl=71.3 points
  [1min] SHORT 1:3  trades=13  hit_rate=46.15%  total_pnl=107.35 points
  [1min] SHORT 1:4  trades=13  hit_rate=38.46%  total_pnl=140.8 points
  [1min] SHORT 1:2  trades=3  hit_rate=100.0%  total_pnl=38.3 points
  [1min] SHORT 1:3  trades=3  hit_rate=100.0%  total_pnl=57.45 points
  [1min] SHORT 1:4  trades=3  hit_rate=66.67%  total_pnl=73.3 points
  [1min] SHORT 1:2  trades=14  hit_rate=50.0%  total_pnl=68.0 points
  [1min] SHORT 1:3  trades=14  hit_rate=42.86%  total_pnl=104.05 points
  [1min] SHORT 1:4  trades=14  hit_rate=35.71%  total_pnl=137.5 points
  [1min] SHORT 1:2  trades=8  hit_rate=75.0%  total_pnl=62.95 points
  [1min] SHORT 1:3  trades=8  hit_rate=62.5%  total_pnl=91.35 points
  [1min] SHORT 1:4  trades=8  hit_rate=50.0%  total_pnl=117.15 points
  [1min] SHORT 1:2  trades=13  hit_rate=53.85%  total_pnl=71.3 points
  [1min] SHORT 1:3  trades=13  hit_rate=46.15%  total_pnl=107.35 points
  [1min] SHORT 1:4  trades=13  hit_rate=38.46%  total_pnl=140.8 points
  [1min] SHORT 1:2  trades=3  hit_rate=100.0%  total_pnl=38.3 points
  [1min] SHORT 1:3  trades=3  hit_rate=100.0%  total_pnl=57.45 points
  [1min] SHORT 1:4  trades=3  hit_rate=66.67%  total_pnl=73.3 points
  [1min] SHORT 1:2  trades=14  hit_rate=50.0%  total_pnl=68.0 points
  [1min] SHORT 1:3  trades=14  hit_rate=42.86%  total_pnl=104.05 points
  [1min] SHORT 1:4  trades=14  hit_rate=35.71%  total_pnl=137.5 points
  [1min] SHORT 1:2  trades=8  hit_rate=75.0%  total_pnl=62.95 points
  [1min] SHORT 1:3  trades=8  hit_rate=62.5%  total_pnl=91.35 points
  [1min] SHORT 1:4  trades=8  hit_rate=50.0%  total_pnl=117.15 points
  [1min] SHORT 1:2  trades=13  hit_rate=53.85%  total_pnl=71.3 points
  [1min] SHORT 1:3  trades=13  hit_rate=46.15%  total_pnl=107.35 points
  [1min] SHORT 1:4  trades=13  hit_rate=38.46%  total_pnl=140.8 points
  [1min] SHORT 1:2  trades=3  hit_rate=100.0%  total_pnl=38.3 points
  [1min] SHORT 1:3  trades=3  hit_rate=100.0%  total_pnl=57.45 points
  [1min] SHORT 1:4  trades=3  hit_rate=66.67%  total_pnl=73.3 points
  [1min] SHORT 1:2  trades=14  hit_rate=50.0%  total_pnl=68.0 points
  [1min] SHORT 1:3  trades=14  hit_rate=42.86%  total_pnl=104.05 points
  [1min] SHORT 1:4  trades=14  hit_rate=35.71%  total_pnl=137.5 points
  [1min] SHORT 1:2  trades=8  hit_rate=75.0%  total_pnl=62.95 points
  [1min] SHORT 1:3  trades=8  hit_rate=62.5%  total_pnl=91.35 points
  [1min] SHORT 1:4  trades=8  hit_rate=50.0%  total_pnl=117.15 points
  [1min] SHORT 1:2  trades=13  hit_rate=53.85%  total_pnl=71.3 points
  [1min] SHORT 1:3  trades=13  hit_rate=46.15%  total_pnl=107.35 points
  [1min] SHORT 1:4  trades=13  hit_rate=38.46%  total_pnl=140.8 points
  [1min] SHORT 1:2  trades=3  hit_rate=100.0%  total_pnl=38.3 points
  [1min] SHORT 1:3  trades=3  hit_rate=100.0%  total_pnl=57.45 points
  [1min] SHORT 1:4  trades=3  hit_rate=66.67%  total_pnl=73.3 points
  [1min] SHORT 1:2  trades=14  hit_rate=50.0%  total_pnl=68.0 points
  [1min] SHORT 1:3  trades=14  hit_rate=42.86%  total_pnl=104.05 points
  [1min] SHORT 1:4  trades=14  hit_rate=35.71%  total_pnl=137.5 points
  [1min] SHORT 1:2  trades=8  hit_rate=75.0%  total_pnl=62.95 points
  [1min] SHORT 1:3  trades=8  hit_rate=62.5%  total_pnl=91.35 points
  [1min] SHORT 1:4  trades=8  hit_rate=50.0%  total_pnl=117.15 points
  [1min] SHORT 1:2  trades=13  hit_rate=53.85%  total_pnl=71.3 points
  [1min] SHORT 1:3  trades=13  hit_rate=46.15%  total_pnl=107.35 points
  [1min] SHORT 1:4  trades=13  hit_rate=38.46%  total_pnl=140.8 points
  [1min] SHORT 1:2  trades=3  hit_rate=100.0%  total_pnl=38.3 points
  [1min] SHORT 1:3  trades=3  hit_rate=100.0%  total_pnl=57.45 points
  [1min] SHORT 1:4  trades=3  hit_rate=66.67%  total_pnl=73.3 points
  [1min] SHORT 1:2  trades=14  hit_rate=50.0%  total_pnl=68.0 points
  [1min] SHORT 1:3  trades=14  hit_rate=42.86%  total_pnl=104.05 points
  [1min] SHORT 1:4  trades=14  hit_rate=35.71%  total_pnl=137.5 points
  [1min] SHORT 1:2  trades=8  hit_rate=75.0%  total_pnl=62.95 points
  [1min] SHORT 1:3  trades=8  hit_rate=62.5%  total_pnl=91.35 points
  [1min] SHORT 1:4  trades=8  hit_rate=50.0%  total_pnl=117.15 points
  [1min] SHORT 1:2  trades=13  hit_rate=53.85%  total_pnl=71.3 points
  [1min] SHORT 1:3  trades=13  hit_rate=46.15%  total_pnl=107.35 points
  [1min] SHORT 1:4  trades=13  hit_rate=38.46%  total_pnl=140.8 points
  [1min] SHORT 1:2  trades=3  hit_rate=100.0%  total_pnl=38.3 points
  [1min] SHORT 1:3  trades=3  hit_rate=100.0%  total_pnl=57.45 points
  [1min] SHORT 1:4  trades=3  hit_rate=66.67%  total_pnl=73.3 points
  [1min] SHORT 1:2  trades=13  hit_rate=53.85%  total_pnl=70.85 points
  [1min] SHORT 1:3  trades=13  hit_rate=46.15%  total_pnl=106.9 points
  [1min] SHORT 1:4  trades=13  hit_rate=38.46%  total_pnl=140.35 points
  [1min] SHORT 1:2  trades=8  hit_rate=75.0%  total_pnl=62.95 points
  [1min] SHORT 1:3  trades=8  hit_rate=62.5%  total_pnl=91.35 points
  [1min] SHORT 1:4  trades=8  hit_rate=50.0%  total_pnl=117.15 points
  [1min] SHORT 1:2  trades=12  hit_rate=58.33%  total_pnl=74.15 points
  [1min] SHORT 1:3  trades=12  hit_rate=50.0%  total_pnl=110.2 points
  [1min] SHORT 1:4  trades=12  hit_rate=41.67%  total_pnl=143.65 points
  [1min] SHORT 1:2  trades=3  hit_rate=100.0%  total_pnl=38.3 points
  [1min] SHORT 1:3  trades=3  hit_rate=100.0%  total_pnl=57.45 points
  [1min] SHORT 1:4  trades=3  hit_rate=66.67%  total_pnl=73.3 points
  [1min] SHORT 1:2  trades=13  hit_rate=53.85%  total_pnl=70.85 points
  [1min] SHORT 1:3  trades=13  hit_rate=46.15%  total_pnl=106.9 points
  [1min] SHORT 1:4  trades=13  hit_rate=38.46%  total_pnl=140.35 points
  [1min] SHORT 1:2  trades=8  hit_rate=75.0%  total_pnl=62.95 points
  [1min] SHORT 1:3  trades=8  hit_rate=62.5%  total_pnl=91.35 points
  [1min] SHORT 1:4  trades=8  hit_rate=50.0%  total_pnl=117.15 points
  [1min] SHORT 1:2  trades=12  hit_rate=58.33%  total_pnl=74.15 points
  [1min] SHORT 1:3  trades=12  hit_rate=50.0%  total_pnl=110.2 points
  [1min] SHORT 1:4  trades=12  hit_rate=41.67%  total_pnl=143.65 points
  [1min] SHORT 1:2  trades=3  hit_rate=100.0%  total_pnl=38.3 points
  [1min] SHORT 1:3  trades=3  hit_rate=100.0%  total_pnl=57.45 points
  [1min] SHORT 1:4  trades=3  hit_rate=66.67%  total_pnl=73.3 points
  [1min] SHORT 1:2  trades=13  hit_rate=53.85%  total_pnl=70.85 points
  [1min] SHORT 1:3  trades=13  hit_rate=46.15%  total_pnl=106.9 points
  [1min] SHORT 1:4  trades=13  hit_rate=38.46%  total_pnl=140.35 points
  [1min] SHORT 1:2  trades=8  hit_rate=75.0%  total_pnl=62.95 points
  [1min] SHORT 1:3  trades=8  hit_rate=62.5%  total_pnl=91.35 points
  [1min] SHORT 1:4  trades=8  hit_rate=50.0%  total_pnl=117.15 points
  [1min] SHORT 1:2  trades=12  hit_rate=58.33%  total_pnl=74.15 points
  [1min] SHORT 1:3  trades=12  hit_rate=50.0%  total_pnl=110.2 points
  [1min] SHORT 1:4  trades=12  hit_rate=41.67%  total_pnl=143.65 points
  [1min] SHORT 1:2  trades=3  hit_rate=100.0%  total_pnl=38.3 points
  [1min] SHORT 1:3  trades=3  hit_rate=100.0%  total_pnl=57.45 points
  [1min] SHORT 1:4  trades=3  hit_rate=66.67%  total_pnl=73.3 points
  [1min] SHORT 1:2  trades=9  hit_rate=55.56%  total_pnl=52.1 points
  [1min] SHORT 1:3  trades=9  hit_rate=55.56%  total_pnl=84.5 points
  [1min] SHORT 1:4  trades=9  hit_rate=55.56%  total_pnl=116.9 points
  [1min] SHORT 1:2  trades=5  hit_rate=80.0%  total_pnl=41.85 points
  [1min] SHORT 1:3  trades=5  hit_rate=80.0%  total_pnl=66.6 points
  [1min] SHORT 1:4  trades=5  hit_rate=80.0%  total_pnl=91.35 points
  [1min] SHORT 1:2  trades=8  hit_rate=62.5%  total_pnl=55.4 points
  [1min] SHORT 1:3  trades=8  hit_rate=62.5%  total_pnl=87.8 points
  [1min] SHORT 1:4  trades=8  hit_rate=62.5%  total_pnl=120.2 points
  [1min] SHORT 1:2  trades=2  hit_rate=100.0%  total_pnl=29.6 points
  [1min] SHORT 1:3  trades=2  hit_rate=100.0%  total_pnl=44.4 points
  [1min] SHORT 1:4  trades=2  hit_rate=100.0%  total_pnl=59.2 points
  [1min] SHORT 1:2  trades=9  hit_rate=55.56%  total_pnl=52.1 points
  [1min] SHORT 1:3  trades=9  hit_rate=55.56%  total_pnl=84.5 points
  [1min] SHORT 1:4  trades=9  hit_rate=55.56%  total_pnl=116.9 points
  [1min] SHORT 1:2  trades=5  hit_rate=80.0%  total_pnl=41.85 points
  [1min] SHORT 1:3  trades=5  hit_rate=80.0%  total_pnl=66.6 points
  [1min] SHORT 1:4  trades=5  hit_rate=80.0%  total_pnl=91.35 points
  [1min] SHORT 1:2  trades=8  hit_rate=62.5%  total_pnl=55.4 points
  [1min] SHORT 1:3  trades=8  hit_rate=62.5%  total_pnl=87.8 points
  [1min] SHORT 1:4  trades=8  hit_rate=62.5%  total_pnl=120.2 points
  [1min] SHORT 1:2  trades=2  hit_rate=100.0%  total_pnl=29.6 points
  [1min] SHORT 1:3  trades=2  hit_rate=100.0%  total_pnl=44.4 points
  [1min] SHORT 1:4  trades=2  hit_rate=100.0%  total_pnl=59.2 points
  [1min] SHORT 1:2  trades=8  hit_rate=50.0%  total_pnl=36.8 points
  [1min] SHORT 1:3  trades=8  hit_rate=50.0%  total_pnl=61.55 points
  [1min] SHORT 1:4  trades=8  hit_rate=50.0%  total_pnl=86.3 points
  [1min] SHORT 1:2  trades=5  hit_rate=80.0%  total_pnl=41.85 points
  [1min] SHORT 1:3  trades=5  hit_rate=80.0%  total_pnl=66.6 points
  [1min] SHORT 1:4  trades=5  hit_rate=80.0%  total_pnl=91.35 points
  [1min] SHORT 1:2  trades=7  hit_rate=57.14%  total_pnl=40.1 points
  [1min] SHORT 1:3  trades=7  hit_rate=57.14%  total_pnl=64.85 points
  [1min] SHORT 1:4  trades=7  hit_rate=57.14%  total_pnl=89.6 points
  [1min] SHORT 1:2  trades=2  hit_rate=100.0%  total_pnl=29.6 points
  [1min] SHORT 1:3  trades=2  hit_rate=100.0%  total_pnl=44.4 points
  [1min] SHORT 1:4  trades=2  hit_rate=100.0%  total_pnl=59.2 points
  [1min] SHORT 1:2  trades=7  hit_rate=57.14%  total_pnl=38.4 points
  [1min] SHORT 1:3  trades=7  hit_rate=57.14%  total_pnl=63.15 points
  [1min] SHORT 1:4  trades=7  hit_rate=57.14%  total_pnl=87.9 points
  [1min] SHORT 1:2  trades=5  hit_rate=80.0%  total_pnl=41.85 points
  [1min] SHORT 1:3  trades=5  hit_rate=80.0%  total_pnl=66.6 points
  [1min] SHORT 1:4  trades=5  hit_rate=80.0%  total_pnl=91.35 points
  [1min] SHORT 1:2  trades=6  hit_rate=66.67%  total_pnl=41.7 points
  [1min] SHORT 1:3  trades=6  hit_rate=66.67%  total_pnl=66.45 points
  [1min] SHORT 1:4  trades=6  hit_rate=66.67%  total_pnl=91.2 points
  [1min] SHORT 1:2  trades=2  hit_rate=100.0%  total_pnl=29.6 points
  [1min] SHORT 1:3  trades=2  hit_rate=100.0%  total_pnl=44.4 points
  [1min] SHORT 1:4  trades=2  hit_rate=100.0%  total_pnl=59.2 points
  [1min] SHORT 1:2  trades=7  hit_rate=57.14%  total_pnl=38.4 points
  [1min] SHORT 1:3  trades=7  hit_rate=57.14%  total_pnl=63.15 points
  [1min] SHORT 1:4  trades=7  hit_rate=57.14%  total_pnl=87.9 points
  [1min] SHORT 1:2  trades=5  hit_rate=80.0%  total_pnl=41.85 points
  [1min] SHORT 1:3  trades=5  hit_rate=80.0%  total_pnl=66.6 points
  [1min] SHORT 1:4  trades=5  hit_rate=80.0%  total_pnl=91.35 points
  [1min] SHORT 1:2  trades=6  hit_rate=66.67%  total_pnl=41.7 points
  [1min] SHORT 1:3  trades=6  hit_rate=66.67%  total_pnl=66.45 points
  [1min] SHORT 1:4  trades=6  hit_rate=66.67%  total_pnl=91.2 points
  [1min] SHORT 1:2  trades=2  hit_rate=100.0%  total_pnl=29.6 points
  [1min] SHORT 1:3  trades=2  hit_rate=100.0%  total_pnl=44.4 points
  [1min] SHORT 1:4  trades=2  hit_rate=100.0%  total_pnl=59.2 points
  [1min] SHORT 1:2  trades=6  hit_rate=66.67%  total_pnl=41.7 points
  [1min] SHORT 1:3  trades=6  hit_rate=66.67%  total_pnl=66.45 points
  [1min] SHORT 1:4  trades=6  hit_rate=66.67%  total_pnl=91.2 points
  [1min] SHORT 1:2  trades=5  hit_rate=80.0%  total_pnl=41.85 points
  [1min] SHORT 1:3  trades=5  hit_rate=80.0%  total_pnl=66.6 points
  [1min] SHORT 1:4  trades=5  hit_rate=80.0%  total_pnl=91.35 points
  [1min] SHORT 1:2  trades=6  hit_rate=66.67%  total_pnl=41.7 points
  [1min] SHORT 1:3  trades=6  hit_rate=66.67%  total_pnl=66.45 points
  [1min] SHORT 1:4  trades=6  hit_rate=66.67%  total_pnl=91.2 points
  [1min] SHORT 1:2  trades=2  hit_rate=100.0%  total_pnl=29.6 points
  [1min] SHORT 1:3  trades=2  hit_rate=100.0%  total_pnl=44.4 points
  [1min] SHORT 1:4  trades=2  hit_rate=100.0%  total_pnl=59.2 points
  [1min] SHORT 1:2  trades=6  hit_rate=66.67%  total_pnl=41.7 points
  [1min] SHORT 1:3  trades=6  hit_rate=66.67%  total_pnl=66.45 points
  [1min] SHORT 1:4  trades=6  hit_rate=66.67%  total_pnl=91.2 points
  [1min] SHORT 1:2  trades=5  hit_rate=80.0%  total_pnl=41.85 points
  [1min] SHORT 1:3  trades=5  hit_rate=80.0%  total_pnl=66.6 points
  [1min] SHORT 1:4  trades=5  hit_rate=80.0%  total_pnl=91.35 points
  [1min] SHORT 1:2  trades=6  hit_rate=66.67%  total_pnl=41.7 points
  [1min] SHORT 1:3  trades=6  hit_rate=66.67%  total_pnl=66.45 points
  [1min] SHORT 1:4  trades=6  hit_rate=66.67%  total_pnl=91.2 points
  [1min] SHORT 1:2  trades=2  hit_rate=100.0%  total_pnl=29.6 points
  [1min] SHORT 1:3  trades=2  hit_rate=100.0%  total_pnl=44.4 points
  [1min] SHORT 1:4  trades=2  hit_rate=100.0%  total_pnl=59.2 points
  [3min] SHORT 1:2  trades=2  hit_rate=100.0%  total_pnl=14.2 points
  [3min] SHORT 1:3  trades=2  hit_rate=100.0%  total_pnl=21.3 points
  [3min] SHORT 1:4  trades=2  hit_rate=100.0%  total_pnl=28.4 points
  [3min] SHORT 1:2  trades=1  hit_rate=100.0%  total_pnl=3.9 points
  [3min] SHORT 1:3  trades=1  hit_rate=100.0%  total_pnl=5.85 points
  [3min] SHORT 1:4  trades=1  hit_rate=100.0%  total_pnl=7.8 points
  [3min] SHORT 1:2  trades=2  hit_rate=100.0%  total_pnl=14.2 points
  [3min] SHORT 1:3  trades=2  hit_rate=100.0%  total_pnl=21.3 points
  [3min] SHORT 1:4  trades=2  hit_rate=100.0%  total_pnl=28.4 points
  [3min] SHORT 1:2  trades=2  hit_rate=100.0%  total_pnl=14.2 points
  [3min] SHORT 1:3  trades=2  hit_rate=100.0%  total_pnl=21.3 points
  [3min] SHORT 1:4  trades=2  hit_rate=100.0%  total_pnl=28.4 points
  [3min] SHORT 1:2  trades=1  hit_rate=100.0%  total_pnl=3.9 points
  [3min] SHORT 1:3  trades=1  hit_rate=100.0%  total_pnl=5.85 points
  [3min] SHORT 1:4  trades=1  hit_rate=100.0%  total_pnl=7.8 points
  [3min] SHORT 1:2  trades=2  hit_rate=100.0%  total_pnl=14.2 points
  [3min] SHORT 1:3  trades=2  hit_rate=100.0%  total_pnl=21.3 points
  [3min] SHORT 1:4  trades=2  hit_rate=100.0%  total_pnl=28.4 points
  [3min] SHORT 1:2  trades=2  hit_rate=100.0%  total_pnl=14.2 points
  [3min] SHORT 1:3  trades=2  hit_rate=100.0%  total_pnl=21.3 points
  [3min] SHORT 1:4  trades=2  hit_rate=100.0%  total_pnl=28.4 points
  [3min] SHORT 1:2  trades=1  hit_rate=100.0%  total_pnl=3.9 points
  [3min] SHORT 1:3  trades=1  hit_rate=100.0%  total_pnl=5.85 points
  [3min] SHORT 1:4  trades=1  hit_rate=100.0%  total_pnl=7.8 points
  [3min] SHORT 1:2  trades=2  hit_rate=100.0%  total_pnl=14.2 points
  [3min] SHORT 1:3  trades=2  hit_rate=100.0%  total_pnl=21.3 points
  [3min] SHORT 1:4  trades=2  hit_rate=100.0%  total_pnl=28.4 points
  [3min] SHORT 1:2  trades=2  hit_rate=100.0%  total_pnl=14.2 points
  [3min] SHORT 1:3  trades=2  hit_rate=100.0%  total_pnl=21.3 points
  [3min] SHORT 1:4  trades=2  hit_rate=100.0%  total_pnl=28.4 points
  [3min] SHORT 1:2  trades=1  hit_rate=100.0%  total_pnl=3.9 points
  [3min] SHORT 1:3  trades=1  hit_rate=100.0%  total_pnl=5.85 points
  [3min] SHORT 1:4  trades=1  hit_rate=100.0%  total_pnl=7.8 points
  [3min] SHORT 1:2  trades=2  hit_rate=100.0%  total_pnl=14.2 points
  [3min] SHORT 1:3  trades=2  hit_rate=100.0%  total_pnl=21.3 points
  [3min] SHORT 1:4  trades=2  hit_rate=100.0%  total_pnl=28.4 points
  [3min] SHORT 1:2  trades=2  hit_rate=100.0%  total_pnl=14.2 points
  [3min] SHORT 1:3  trades=2  hit_rate=100.0%  total_pnl=21.3 points
  [3min] SHORT 1:4  trades=2  hit_rate=100.0%  total_pnl=28.4 points
  [3min] SHORT 1:2  trades=1  hit_rate=100.0%  total_pnl=3.9 points
  [3min] SHORT 1:3  trades=1  hit_rate=100.0%  total_pnl=5.85 points
  [3min] SHORT 1:4  trades=1  hit_rate=100.0%  total_pnl=7.8 points
  [3min] SHORT 1:2  trades=2  hit_rate=100.0%  total_pnl=14.2 points
  [3min] SHORT 1:3  trades=2  hit_rate=100.0%  total_pnl=21.3 points
  [3min] SHORT 1:4  trades=2  hit_rate=100.0%  total_pnl=28.4 points
  [3min] SHORT 1:2  trades=1  hit_rate=100.0%  total_pnl=3.9 points
  [3min] SHORT 1:3  trades=1  hit_rate=100.0%  total_pnl=5.85 points
  [3min] SHORT 1:4  trades=1  hit_rate=100.0%  total_pnl=7.8 points
  [3min] SHORT 1:2  trades=1  hit_rate=100.0%  total_pnl=3.9 points
  [3min] SHORT 1:3  trades=1  hit_rate=100.0%  total_pnl=5.85 points
  [3min] SHORT 1:4  trades=1  hit_rate=100.0%  total_pnl=7.8 points
  [3min] SHORT 1:2  trades=1  hit_rate=100.0%  total_pnl=3.9 points
  [3min] SHORT 1:3  trades=1  hit_rate=100.0%  total_pnl=5.85 points
  [3min] SHORT 1:4  trades=1  hit_rate=100.0%  total_pnl=7.8 points
  [3min] SHORT 1:2  trades=1  hit_rate=100.0%  total_pnl=3.9 points
  [3min] SHORT 1:3  trades=1  hit_rate=100.0%  total_pnl=5.85 points
  [3min] SHORT 1:4  trades=1  hit_rate=100.0%  total_pnl=7.8 points
  [3min] SHORT 1:2  trades=1  hit_rate=100.0%  total_pnl=3.9 points
  [3min] SHORT 1:3  trades=1  hit_rate=100.0%  total_pnl=5.85 points
  [3min] SHORT 1:4  trades=1  hit_rate=100.0%  total_pnl=7.8 points
  [3min] SHORT 1:2  trades=1  hit_rate=100.0%  total_pnl=3.9 points
  [3min] SHORT 1:3  trades=1  hit_rate=100.0%  total_pnl=5.85 points
  [3min] SHORT 1:4  trades=1  hit_rate=100.0%  total_pnl=7.8 points
  [3min] SHORT 1:2  trades=1  hit_rate=100.0%  total_pnl=3.9 points
  [3min] SHORT 1:3  trades=1  hit_rate=100.0%  total_pnl=5.85 points
  [3min] SHORT 1:4  trades=1  hit_rate=100.0%  total_pnl=7.8 points
  [3min] SHORT 1:2  trades=1  hit_rate=100.0%  total_pnl=3.9 points
  [3min] SHORT 1:3  trades=1  hit_rate=100.0%  total_pnl=5.85 points
  [3min] SHORT 1:4  trades=1  hit_rate=100.0%  total_pnl=7.8 points
  [3min] SHORT 1:2  trades=1  hit_rate=100.0%  total_pnl=3.9 points
  [3min] SHORT 1:3  trades=1  hit_rate=100.0%  total_pnl=5.85 points
  [3min] SHORT 1:4  trades=1  hit_rate=100.0%  total_pnl=7.8 points
  [3min] SHORT 1:2  trades=2  hit_rate=100.0%  total_pnl=14.2 points
  [3min] SHORT 1:3  trades=2  hit_rate=100.0%  total_pnl=21.3 points
  [3min] SHORT 1:4  trades=2  hit_rate=100.0%  total_pnl=28.4 points
  [3min] SHORT 1:2  trades=1  hit_rate=100.0%  total_pnl=3.9 points
  [3min] SHORT 1:3  trades=1  hit_rate=100.0%  total_pnl=5.85 points
  [3min] SHORT 1:4  trades=1  hit_rate=100.0%  total_pnl=7.8 points
  [3min] SHORT 1:2  trades=2  hit_rate=100.0%  total_pnl=14.2 points
  [3min] SHORT 1:3  trades=2  hit_rate=100.0%  total_pnl=21.3 points
  [3min] SHORT 1:4  trades=2  hit_rate=100.0%  total_pnl=28.4 points
  [3min] SHORT 1:2  trades=2  hit_rate=100.0%  total_pnl=14.2 points
  [3min] SHORT 1:3  trades=2  hit_rate=100.0%  total_pnl=21.3 points
  [3min] SHORT 1:4  trades=2  hit_rate=100.0%  total_pnl=28.4 points
  [3min] SHORT 1:2  trades=1  hit_rate=100.0%  total_pnl=3.9 points
  [3min] SHORT 1:3  trades=1  hit_rate=100.0%  total_pnl=5.85 points
  [3min] SHORT 1:4  trades=1  hit_rate=100.0%  total_pnl=7.8 points
  [3min] SHORT 1:2  trades=2  hit_rate=100.0%  total_pnl=14.2 points
  [3min] SHORT 1:3  trades=2  hit_rate=100.0%  total_pnl=21.3 points
  [3min] SHORT 1:4  trades=2  hit_rate=100.0%  total_pnl=28.4 points
  [3min] SHORT 1:2  trades=2  hit_rate=100.0%  total_pnl=14.2 points
  [3min] SHORT 1:3  trades=2  hit_rate=100.0%  total_pnl=21.3 points
  [3min] SHORT 1:4  trades=2  hit_rate=100.0%  total_pnl=28.4 points
  [3min] SHORT 1:2  trades=1  hit_rate=100.0%  total_pnl=3.9 points
  [3min] SHORT 1:3  trades=1  hit_rate=100.0%  total_pnl=5.85 points
  [3min] SHORT 1:4  trades=1  hit_rate=100.0%  total_pnl=7.8 points
  [3min] SHORT 1:2  trades=2  hit_rate=100.0%  total_pnl=14.2 points
  [3min] SHORT 1:3  trades=2  hit_rate=100.0%  total_pnl=21.3 points
  [3min] SHORT 1:4  trades=2  hit_rate=100.0%  total_pnl=28.4 points
  [3min] SHORT 1:2  trades=2  hit_rate=100.0%  total_pnl=14.2 points
  [3min] SHORT 1:3  trades=2  hit_rate=100.0%  total_pnl=21.3 points
  [3min] SHORT 1:4  trades=2  hit_rate=100.0%  total_pnl=28.4 points
  [3min] SHORT 1:2  trades=1  hit_rate=100.0%  total_pnl=3.9 points
  [3min] SHORT 1:3  trades=1  hit_rate=100.0%  total_pnl=5.85 points
  [3min] SHORT 1:4  trades=1  hit_rate=100.0%  total_pnl=7.8 points
  [3min] SHORT 1:2  trades=2  hit_rate=100.0%  total_pnl=14.2 points
  [3min] SHORT 1:3  trades=2  hit_rate=100.0%  total_pnl=21.3 points
  [3min] SHORT 1:4  trades=2  hit_rate=100.0%  total_pnl=28.4 points
  [3min] SHORT 1:2  trades=2  hit_rate=100.0%  total_pnl=14.2 points
  [3min] SHORT 1:3  trades=2  hit_rate=100.0%  total_pnl=21.3 points
  [3min] SHORT 1:4  trades=2  hit_rate=100.0%  total_pnl=28.4 points
  [3min] SHORT 1:2  trades=1  hit_rate=100.0%  total_pnl=3.9 points
  [3min] SHORT 1:3  trades=1  hit_rate=100.0%  total_pnl=5.85 points
  [3min] SHORT 1:4  trades=1  hit_rate=100.0%  total_pnl=7.8 points
  [3min] SHORT 1:2  trades=2  hit_rate=100.0%  total_pnl=14.2 points
  [3min] SHORT 1:3  trades=2  hit_rate=100.0%  total_pnl=21.3 points
  [3min] SHORT 1:4  trades=2  hit_rate=100.0%  total_pnl=28.4 points
  [3min] SHORT 1:2  trades=2  hit_rate=100.0%  total_pnl=14.2 points
  [3min] SHORT 1:3  trades=2  hit_rate=100.0%  total_pnl=21.3 points
  [3min] SHORT 1:4  trades=2  hit_rate=100.0%  total_pnl=28.4 points
  [3min] SHORT 1:2  trades=1  hit_rate=100.0%  total_pnl=3.9 points
  [3min] SHORT 1:3  trades=1  hit_rate=100.0%  total_pnl=5.85 points
  [3min] SHORT 1:4  trades=1  hit_rate=100.0%  total_pnl=7.8 points
  [3min] SHORT 1:2  trades=2  hit_rate=100.0%  total_pnl=14.2 points
  [3min] SHORT 1:3  trades=2  hit_rate=100.0%  total_pnl=21.3 points
  [3min] SHORT 1:4  trades=2  hit_rate=100.0%  total_pnl=28.4 points
  [3min] SHORT 1:2  trades=2  hit_rate=100.0%  total_pnl=14.2 points
  [3min] SHORT 1:3  trades=2  hit_rate=100.0%  total_pnl=21.3 points
  [3min] SHORT 1:4  trades=2  hit_rate=100.0%  total_pnl=28.4 points
  [3min] SHORT 1:2  trades=1  hit_rate=100.0%  total_pnl=3.9 points
  [3min] SHORT 1:3  trades=1  hit_rate=100.0%  total_pnl=5.85 points
  [3min] SHORT 1:4  trades=1  hit_rate=100.0%  total_pnl=7.8 points
  [3min] SHORT 1:2  trades=2  hit_rate=100.0%  total_pnl=14.2 points
  [3min] SHORT 1:3  trades=2  hit_rate=100.0%  total_pnl=21.3 points
  [3min] SHORT 1:4  trades=2  hit_rate=100.0%  total_pnl=28.4 points
  [3min] SHORT 1:2  trades=2  hit_rate=100.0%  total_pnl=14.2 points
  [3min] SHORT 1:3  trades=2  hit_rate=100.0%  total_pnl=21.3 points
  [3min] SHORT 1:4  trades=2  hit_rate=100.0%  total_pnl=28.4 points
  [3min] SHORT 1:2  trades=1  hit_rate=100.0%  total_pnl=3.9 points
  [3min] SHORT 1:3  trades=1  hit_rate=100.0%  total_pnl=5.85 points
  [3min] SHORT 1:4  trades=1  hit_rate=100.0%  total_pnl=7.8 points
  [3min] SHORT 1:2  trades=2  hit_rate=100.0%  total_pnl=14.2 points
  [3min] SHORT 1:3  trades=2  hit_rate=100.0%  total_pnl=21.3 points
  [3min] SHORT 1:4  trades=2  hit_rate=100.0%  total_pnl=28.4 points
  [3min] SHORT 1:2  trades=2  hit_rate=100.0%  total_pnl=14.2 points
  [3min] SHORT 1:3  trades=2  hit_rate=100.0%  total_pnl=21.3 points
  [3min] SHORT 1:4  trades=2  hit_rate=100.0%  total_pnl=28.4 points
  [3min] SHORT 1:2  trades=1  hit_rate=100.0%  total_pnl=3.9 points
  [3min] SHORT 1:3  trades=1  hit_rate=100.0%  total_pnl=5.85 points
  [3min] SHORT 1:4  trades=1  hit_rate=100.0%  total_pnl=7.8 points
  [3min] SHORT 1:2  trades=2  hit_rate=100.0%  total_pnl=14.2 points
  [3min] SHORT 1:3  trades=2  hit_rate=100.0%  total_pnl=21.3 points
  [3min] SHORT 1:4  trades=2  hit_rate=100.0%  total_pnl=28.4 points
  [3min] SHORT 1:2  trades=2  hit_rate=100.0%  total_pnl=14.2 points
  [3min] SHORT 1:3  trades=2  hit_rate=100.0%  total_pnl=21.3 points
  [3min] SHORT 1:4  trades=2  hit_rate=100.0%  total_pnl=28.4 points
  [3min] SHORT 1:2  trades=1  hit_rate=100.0%  total_pnl=3.9 points
  [3min] SHORT 1:3  trades=1  hit_rate=100.0%  total_pnl=5.85 points
  [3min] SHORT 1:4  trades=1  hit_rate=100.0%  total_pnl=7.8 points
  [3min] SHORT 1:2  trades=2  hit_rate=100.0%  total_pnl=14.2 points
  [3min] SHORT 1:3  trades=2  hit_rate=100.0%  total_pnl=21.3 points
  [3min] SHORT 1:4  trades=2  hit_rate=100.0%  total_pnl=28.4 points
  [3min] SHORT 1:2  trades=2  hit_rate=100.0%  total_pnl=14.2 points
  [3min] SHORT 1:3  trades=2  hit_rate=100.0%  total_pnl=21.3 points
  [3min] SHORT 1:4  trades=2  hit_rate=100.0%  total_pnl=28.4 points
  [3min] SHORT 1:2  trades=1  hit_rate=100.0%  total_pnl=3.9 points
  [3min] SHORT 1:3  trades=1  hit_rate=100.0%  total_pnl=5.85 points
  [3min] SHORT 1:4  trades=1  hit_rate=100.0%  total_pnl=7.8 points
  [3min] SHORT 1:2  trades=2  hit_rate=100.0%  total_pnl=14.2 points
  [3min] SHORT 1:3  trades=2  hit_rate=100.0%  total_pnl=21.3 points
  [3min] SHORT 1:4  trades=2  hit_rate=100.0%  total_pnl=28.4 points
  [3min] SHORT 1:2  trades=2  hit_rate=100.0%  total_pnl=14.2 points
  [3min] SHORT 1:3  trades=2  hit_rate=100.0%  total_pnl=21.3 points
  [3min] SHORT 1:4  trades=2  hit_rate=100.0%  total_pnl=28.4 points
  [3min] SHORT 1:2  trades=1  hit_rate=100.0%  total_pnl=3.9 points
  [3min] SHORT 1:3  trades=1  hit_rate=100.0%  total_pnl=5.85 points
  [3min] SHORT 1:4  trades=1  hit_rate=100.0%  total_pnl=7.8 points
  [3min] SHORT 1:2  trades=2  hit_rate=100.0%  total_pnl=14.2 points
  [3min] SHORT 1:3  trades=2  hit_rate=100.0%  total_pnl=21.3 points
  [3min] SHORT 1:4  trades=2  hit_rate=100.0%  total_pnl=28.4 points
  [3min] SHORT 1:2  trades=2  hit_rate=100.0%  total_pnl=14.2 points
  [3min] SHORT 1:3  trades=2  hit_rate=100.0%  total_pnl=21.3 points
  [3min] SHORT 1:4  trades=2  hit_rate=100.0%  total_pnl=28.4 points
  [3min] SHORT 1:2  trades=1  hit_rate=100.0%  total_pnl=3.9 points
  [3min] SHORT 1:3  trades=1  hit_rate=100.0%  total_pnl=5.85 points
  [3min] SHORT 1:4  trades=1  hit_rate=100.0%  total_pnl=7.8 points
  [3min] SHORT 1:2  trades=2  hit_rate=100.0%  total_pnl=14.2 points
  [3min] SHORT 1:3  trades=2  hit_rate=100.0%  total_pnl=21.3 points
  [3min] SHORT 1:4  trades=2  hit_rate=100.0%  total_pnl=28.4 points
  [3min] SHORT 1:2  trades=1  hit_rate=100.0%  total_pnl=3.9 points
  [3min] SHORT 1:3  trades=1  hit_rate=100.0%  total_pnl=5.85 points
  [3min] SHORT 1:4  trades=1  hit_rate=100.0%  total_pnl=7.8 points
  [3min] SHORT 1:2  trades=1  hit_rate=100.0%  total_pnl=3.9 points
  [3min] SHORT 1:3  trades=1  hit_rate=100.0%  total_pnl=5.85 points
  [3min] SHORT 1:4  trades=1  hit_rate=100.0%  total_pnl=7.8 points
  [3min] SHORT 1:2  trades=1  hit_rate=100.0%  total_pnl=3.9 points
  [3min] SHORT 1:3  trades=1  hit_rate=100.0%  total_pnl=5.85 points
  [3min] SHORT 1:4  trades=1  hit_rate=100.0%  total_pnl=7.8 points
  [3min] SHORT 1:2  trades=1  hit_rate=100.0%  total_pnl=3.9 points
  [3min] SHORT 1:3  trades=1  hit_rate=100.0%  total_pnl=5.85 points
  [3min] SHORT 1:4  trades=1  hit_rate=100.0%  total_pnl=7.8 points
  [3min] SHORT 1:2  trades=1  hit_rate=100.0%  total_pnl=3.9 points
  [3min] SHORT 1:3  trades=1  hit_rate=100.0%  total_pnl=5.85 points
  [3min] SHORT 1:4  trades=1  hit_rate=100.0%  total_pnl=7.8 points
  [3min] SHORT 1:2  trades=1  hit_rate=100.0%  total_pnl=3.9 points
  [3min] SHORT 1:3  trades=1  hit_rate=100.0%  total_pnl=5.85 points
  [3min] SHORT 1:4  trades=1  hit_rate=100.0%  total_pnl=7.8 points
  [3min] SHORT 1:2  trades=1  hit_rate=100.0%  total_pnl=3.9 points
  [3min] SHORT 1:3  trades=1  hit_rate=100.0%  total_pnl=5.85 points
  [3min] SHORT 1:4  trades=1  hit_rate=100.0%  total_pnl=7.8 points
  [3min] SHORT 1:2  trades=1  hit_rate=100.0%  total_pnl=3.9 points
  [3min] SHORT 1:3  trades=1  hit_rate=100.0%  total_pnl=5.85 points
  [3min] SHORT 1:4  trades=1  hit_rate=100.0%  total_pnl=7.8 points
  [3min] SHORT 1:2  trades=1  hit_rate=100.0%  total_pnl=3.9 points
  [3min] SHORT 1:3  trades=1  hit_rate=100.0%  total_pnl=5.85 points
  [3min] SHORT 1:4  trades=1  hit_rate=100.0%  total_pnl=7.8 points
  [3min] SHORT 1:2  trades=2  hit_rate=100.0%  total_pnl=14.2 points
  [3min] SHORT 1:3  trades=2  hit_rate=100.0%  total_pnl=21.3 points
  [3min] SHORT 1:4  trades=2  hit_rate=100.0%  total_pnl=28.4 points
  [3min] SHORT 1:2  trades=1  hit_rate=100.0%  total_pnl=3.9 points
  [3min] SHORT 1:3  trades=1  hit_rate=100.0%  total_pnl=5.85 points
  [3min] SHORT 1:4  trades=1  hit_rate=100.0%  total_pnl=7.8 points
  [3min] SHORT 1:2  trades=2  hit_rate=100.0%  total_pnl=14.2 points
  [3min] SHORT 1:3  trades=2  hit_rate=100.0%  total_pnl=21.3 points
  [3min] SHORT 1:4  trades=2  hit_rate=100.0%  total_pnl=28.4 points
  [3min] SHORT 1:2  trades=2  hit_rate=100.0%  total_pnl=14.2 points
  [3min] SHORT 1:3  trades=2  hit_rate=100.0%  total_pnl=21.3 points
  [3min] SHORT 1:4  trades=2  hit_rate=100.0%  total_pnl=28.4 points
  [3min] SHORT 1:2  trades=1  hit_rate=100.0%  total_pnl=3.9 points
  [3min] SHORT 1:3  trades=1  hit_rate=100.0%  total_pnl=5.85 points
  [3min] SHORT 1:4  trades=1  hit_rate=100.0%  total_pnl=7.8 points
  [3min] SHORT 1:2  trades=2  hit_rate=100.0%  total_pnl=14.2 points
  [3min] SHORT 1:3  trades=2  hit_rate=100.0%  total_pnl=21.3 points
  [3min] SHORT 1:4  trades=2  hit_rate=100.0%  total_pnl=28.4 points
  [3min] SHORT 1:2  trades=2  hit_rate=100.0%  total_pnl=14.2 points
  [3min] SHORT 1:3  trades=2  hit_rate=100.0%  total_pnl=21.3 points
  [3min] SHORT 1:4  trades=2  hit_rate=100.0%  total_pnl=28.4 points
  [3min] SHORT 1:2  trades=1  hit_rate=100.0%  total_pnl=3.9 points
  [3min] SHORT 1:3  trades=1  hit_rate=100.0%  total_pnl=5.85 points
  [3min] SHORT 1:4  trades=1  hit_rate=100.0%  total_pnl=7.8 points
  [3min] SHORT 1:2  trades=2  hit_rate=100.0%  total_pnl=14.2 points
  [3min] SHORT 1:3  trades=2  hit_rate=100.0%  total_pnl=21.3 points
  [3min] SHORT 1:4  trades=2  hit_rate=100.0%  total_pnl=28.4 points
  [3min] SHORT 1:2  trades=2  hit_rate=100.0%  total_pnl=14.2 points
  [3min] SHORT 1:3  trades=2  hit_rate=100.0%  total_pnl=21.3 points
  [3min] SHORT 1:4  trades=2  hit_rate=100.0%  total_pnl=28.4 points
  [3min] SHORT 1:2  trades=1  hit_rate=100.0%  total_pnl=3.9 points
  [3min] SHORT 1:3  trades=1  hit_rate=100.0%  total_pnl=5.85 points
  [3min] SHORT 1:4  trades=1  hit_rate=100.0%  total_pnl=7.8 points
  [3min] SHORT 1:2  trades=2  hit_rate=100.0%  total_pnl=14.2 points
  [3min] SHORT 1:3  trades=2  hit_rate=100.0%  total_pnl=21.3 points
  [3min] SHORT 1:4  trades=2  hit_rate=100.0%  total_pnl=28.4 points
  [3min] SHORT 1:2  trades=2  hit_rate=100.0%  total_pnl=14.2 points
  [3min] SHORT 1:3  trades=2  hit_rate=100.0%  total_pnl=21.3 points
  [3min] SHORT 1:4  trades=2  hit_rate=100.0%  total_pnl=28.4 points
  [3min] SHORT 1:2  trades=1  hit_rate=100.0%  total_pnl=3.9 points
  [3min] SHORT 1:3  trades=1  hit_rate=100.0%  total_pnl=5.85 points
  [3min] SHORT 1:4  trades=1  hit_rate=100.0%  total_pnl=7.8 points
  [3min] SHORT 1:2  trades=2  hit_rate=100.0%  total_pnl=14.2 points
  [3min] SHORT 1:3  trades=2  hit_rate=100.0%  total_pnl=21.3 points
  [3min] SHORT 1:4  trades=2  hit_rate=100.0%  total_pnl=28.4 points
  [3min] SHORT 1:2  trades=2  hit_rate=100.0%  total_pnl=14.2 points
  [3min] SHORT 1:3  trades=2  hit_rate=100.0%  total_pnl=21.3 points
  [3min] SHORT 1:4  trades=2  hit_rate=100.0%  total_pnl=28.4 points
  [3min] SHORT 1:2  trades=1  hit_rate=100.0%  total_pnl=3.9 points
  [3min] SHORT 1:3  trades=1  hit_rate=100.0%  total_pnl=5.85 points
  [3min] SHORT 1:4  trades=1  hit_rate=100.0%  total_pnl=7.8 points
  [3min] SHORT 1:2  trades=2  hit_rate=100.0%  total_pnl=14.2 points
  [3min] SHORT 1:3  trades=2  hit_rate=100.0%  total_pnl=21.3 points
  [3min] SHORT 1:4  trades=2  hit_rate=100.0%  total_pnl=28.4 points
  [3min] SHORT 1:2  trades=2  hit_rate=100.0%  total_pnl=14.2 points
  [3min] SHORT 1:3  trades=2  hit_rate=100.0%  total_pnl=21.3 points
  [3min] SHORT 1:4  trades=2  hit_rate=100.0%  total_pnl=28.4 points
  [3min] SHORT 1:2  trades=1  hit_rate=100.0%  total_pnl=3.9 points
  [3min] SHORT 1:3  trades=1  hit_rate=100.0%  total_pnl=5.85 points
  [3min] SHORT 1:4  trades=1  hit_rate=100.0%  total_pnl=7.8 points
  [3min] SHORT 1:2  trades=2  hit_rate=100.0%  total_pnl=14.2 points
  [3min] SHORT 1:3  trades=2  hit_rate=100.0%  total_pnl=21.3 points
  [3min] SHORT 1:4  trades=2  hit_rate=100.0%  total_pnl=28.4 points
  [3min] SHORT 1:2  trades=2  hit_rate=100.0%  total_pnl=14.2 points
  [3min] SHORT 1:3  trades=2  hit_rate=100.0%  total_pnl=21.3 points
  [3min] SHORT 1:4  trades=2  hit_rate=100.0%  total_pnl=28.4 points
  [3min] SHORT 1:2  trades=1  hit_rate=100.0%  total_pnl=3.9 points
  [3min] SHORT 1:3  trades=1  hit_rate=100.0%  total_pnl=5.85 points
  [3min] SHORT 1:4  trades=1  hit_rate=100.0%  total_pnl=7.8 points
  [3min] SHORT 1:2  trades=2  hit_rate=100.0%  total_pnl=14.2 points
  [3min] SHORT 1:3  trades=2  hit_rate=100.0%  total_pnl=21.3 points
  [3min] SHORT 1:4  trades=2  hit_rate=100.0%  total_pnl=28.4 points
  [3min] SHORT 1:2  trades=2  hit_rate=100.0%  total_pnl=14.2 points
  [3min] SHORT 1:3  trades=2  hit_rate=100.0%  total_pnl=21.3 points
  [3min] SHORT 1:4  trades=2  hit_rate=100.0%  total_pnl=28.4 points
  [3min] SHORT 1:2  trades=1  hit_rate=100.0%  total_pnl=3.9 points
  [3min] SHORT 1:3  trades=1  hit_rate=100.0%  total_pnl=5.85 points
  [3min] SHORT 1:4  trades=1  hit_rate=100.0%  total_pnl=7.8 points
  [3min] SHORT 1:2  trades=2  hit_rate=100.0%  total_pnl=14.2 points
  [3min] SHORT 1:3  trades=2  hit_rate=100.0%  total_pnl=21.3 points
  [3min] SHORT 1:4  trades=2  hit_rate=100.0%  total_pnl=28.4 points
  [3min] SHORT 1:2  trades=2  hit_rate=100.0%  total_pnl=14.2 points
  [3min] SHORT 1:3  trades=2  hit_rate=100.0%  total_pnl=21.3 points
  [3min] SHORT 1:4  trades=2  hit_rate=100.0%  total_pnl=28.4 points
  [3min] SHORT 1:2  trades=1  hit_rate=100.0%  total_pnl=3.9 points
  [3min] SHORT 1:3  trades=1  hit_rate=100.0%  total_pnl=5.85 points
  [3min] SHORT 1:4  trades=1  hit_rate=100.0%  total_pnl=7.8 points
  [3min] SHORT 1:2  trades=2  hit_rate=100.0%  total_pnl=14.2 points
  [3min] SHORT 1:3  trades=2  hit_rate=100.0%  total_pnl=21.3 points
  [3min] SHORT 1:4  trades=2  hit_rate=100.0%  total_pnl=28.4 points
  [3min] SHORT 1:2  trades=2  hit_rate=100.0%  total_pnl=14.2 points
  [3min] SHORT 1:3  trades=2  hit_rate=100.0%  total_pnl=21.3 points
  [3min] SHORT 1:4  trades=2  hit_rate=100.0%  total_pnl=28.4 points
  [3min] SHORT 1:2  trades=1  hit_rate=100.0%  total_pnl=3.9 points
  [3min] SHORT 1:3  trades=1  hit_rate=100.0%  total_pnl=5.85 points
  [3min] SHORT 1:4  trades=1  hit_rate=100.0%  total_pnl=7.8 points
  [3min] SHORT 1:2  trades=2  hit_rate=100.0%  total_pnl=14.2 points
  [3min] SHORT 1:3  trades=2  hit_rate=100.0%  total_pnl=21.3 points
  [3min] SHORT 1:4  trades=2  hit_rate=100.0%  total_pnl=28.4 points
  [3min] SHORT 1:2  trades=2  hit_rate=100.0%  total_pnl=14.2 points
  [3min] SHORT 1:3  trades=2  hit_rate=100.0%  total_pnl=21.3 points
  [3min] SHORT 1:4  trades=2  hit_rate=100.0%  total_pnl=28.4 points
  [3min] SHORT 1:2  trades=1  hit_rate=100.0%  total_pnl=3.9 points
  [3min] SHORT 1:3  trades=1  hit_rate=100.0%  total_pnl=5.85 points
  [3min] SHORT 1:4  trades=1  hit_rate=100.0%  total_pnl=7.8 points
  [3min] SHORT 1:2  trades=2  hit_rate=100.0%  total_pnl=14.2 points
  [3min] SHORT 1:3  trades=2  hit_rate=100.0%  total_pnl=21.3 points
  [3min] SHORT 1:4  trades=2  hit_rate=100.0%  total_pnl=28.4 points
  [3min] SHORT 1:2  trades=2  hit_rate=100.0%  total_pnl=14.2 points
  [3min] SHORT 1:3  trades=2  hit_rate=100.0%  total_pnl=21.3 points
  [3min] SHORT 1:4  trades=2  hit_rate=100.0%  total_pnl=28.4 points
  [3min] SHORT 1:2  trades=1  hit_rate=100.0%  total_pnl=3.9 points
  [3min] SHORT 1:3  trades=1  hit_rate=100.0%  total_pnl=5.85 points
  [3min] SHORT 1:4  trades=1  hit_rate=100.0%  total_pnl=7.8 points
  [3min] SHORT 1:2  trades=2  hit_rate=100.0%  total_pnl=14.2 points
  [3min] SHORT 1:3  trades=2  hit_rate=100.0%  total_pnl=21.3 points
  [3min] SHORT 1:4  trades=2  hit_rate=100.0%  total_pnl=28.4 points
  [3min] SHORT 1:2  trades=2  hit_rate=100.0%  total_pnl=14.2 points
  [3min] SHORT 1:3  trades=2  hit_rate=100.0%  total_pnl=21.3 points
  [3min] SHORT 1:4  trades=2  hit_rate=100.0%  total_pnl=28.4 points
  [3min] SHORT 1:2  trades=1  hit_rate=100.0%  total_pnl=3.9 points
  [3min] SHORT 1:3  trades=1  hit_rate=100.0%  total_pnl=5.85 points
  [3min] SHORT 1:4  trades=1  hit_rate=100.0%  total_pnl=7.8 points
  [3min] SHORT 1:2  trades=2  hit_rate=100.0%  total_pnl=14.2 points
  [3min] SHORT 1:3  trades=2  hit_rate=100.0%  total_pnl=21.3 points
  [3min] SHORT 1:4  trades=2  hit_rate=100.0%  total_pnl=28.4 points
  [3min] SHORT 1:2  trades=2  hit_rate=100.0%  total_pnl=14.2 points
  [3min] SHORT 1:3  trades=2  hit_rate=100.0%  total_pnl=21.3 points
  [3min] SHORT 1:4  trades=2  hit_rate=100.0%  total_pnl=28.4 points
  [3min] SHORT 1:2  trades=1  hit_rate=100.0%  total_pnl=3.9 points
  [3min] SHORT 1:3  trades=1  hit_rate=100.0%  total_pnl=5.85 points
  [3min] SHORT 1:4  trades=1  hit_rate=100.0%  total_pnl=7.8 points
  [3min] SHORT 1:2  trades=2  hit_rate=100.0%  total_pnl=14.2 points
  [3min] SHORT 1:3  trades=2  hit_rate=100.0%  total_pnl=21.3 points
  [3min] SHORT 1:4  trades=2  hit_rate=100.0%  total_pnl=28.4 points
  [3min] SHORT 1:2  trades=2  hit_rate=100.0%  total_pnl=14.2 points
  [3min] SHORT 1:3  trades=2  hit_rate=100.0%  total_pnl=21.3 points
  [3min] SHORT 1:4  trades=2  hit_rate=100.0%  total_pnl=28.4 points
  [3min] SHORT 1:2  trades=1  hit_rate=100.0%  total_pnl=3.9 points
  [3min] SHORT 1:3  trades=1  hit_rate=100.0%  total_pnl=5.85 points
  [3min] SHORT 1:4  trades=1  hit_rate=100.0%  total_pnl=7.8 points
  [3min] SHORT 1:2  trades=2  hit_rate=100.0%  total_pnl=14.2 points
  [3min] SHORT 1:3  trades=2  hit_rate=100.0%  total_pnl=21.3 points
  [3min] SHORT 1:4  trades=2  hit_rate=100.0%  total_pnl=28.4 points
  [3min] SHORT 1:2  trades=2  hit_rate=100.0%  total_pnl=14.2 points
  [3min] SHORT 1:3  trades=2  hit_rate=100.0%  total_pnl=21.3 points
  [3min] SHORT 1:4  trades=2  hit_rate=100.0%  total_pnl=28.4 points
  [3min] SHORT 1:2  trades=1  hit_rate=100.0%  total_pnl=3.9 points
  [3min] SHORT 1:3  trades=1  hit_rate=100.0%  total_pnl=5.85 points
  [3min] SHORT 1:4  trades=1  hit_rate=100.0%  total_pnl=7.8 points
  [3min] SHORT 1:2  trades=2  hit_rate=100.0%  total_pnl=14.2 points
  [3min] SHORT 1:3  trades=2  hit_rate=100.0%  total_pnl=21.3 points
  [3min] SHORT 1:4  trades=2  hit_rate=100.0%  total_pnl=28.4 points
  [3min] SHORT 1:2  trades=2  hit_rate=100.0%  total_pnl=14.2 points
  [3min] SHORT 1:3  trades=2  hit_rate=100.0%  total_pnl=21.3 points
  [3min] SHORT 1:4  trades=2  hit_rate=100.0%  total_pnl=28.4 points
  [3min] SHORT 1:2  trades=1  hit_rate=100.0%  total_pnl=3.9 points
  [3min] SHORT 1:3  trades=1  hit_rate=100.0%  total_pnl=5.85 points
  [3min] SHORT 1:4  trades=1  hit_rate=100.0%  total_pnl=7.8 points
  [3min] SHORT 1:2  trades=2  hit_rate=100.0%  total_pnl=14.2 points
  [3min] SHORT 1:3  trades=2  hit_rate=100.0%  total_pnl=21.3 points
  [3min] SHORT 1:4  trades=2  hit_rate=100.0%  total_pnl=28.4 points
  [3min] SHORT 1:2  trades=2  hit_rate=100.0%  total_pnl=14.2 points
  [3min] SHORT 1:3  trades=2  hit_rate=100.0%  total_pnl=21.3 points
  [3min] SHORT 1:4  trades=2  hit_rate=100.0%  total_pnl=28.4 points
  [3min] SHORT 1:2  trades=1  hit_rate=100.0%  total_pnl=3.9 points
  [3min] SHORT 1:3  trades=1  hit_rate=100.0%  total_pnl=5.85 points
  [3min] SHORT 1:4  trades=1  hit_rate=100.0%  total_pnl=7.8 points
  [3min] SHORT 1:2  trades=2  hit_rate=100.0%  total_pnl=14.2 points
  [3min] SHORT 1:3  trades=2  hit_rate=100.0%  total_pnl=21.3 points
  [3min] SHORT 1:4  trades=2  hit_rate=100.0%  total_pnl=28.4 points
  [3min] SHORT 1:2  trades=2  hit_rate=100.0%  total_pnl=14.2 points
  [3min] SHORT 1:3  trades=2  hit_rate=100.0%  total_pnl=21.3 points
  [3min] SHORT 1:4  trades=2  hit_rate=100.0%  total_pnl=28.4 points
  [3min] SHORT 1:2  trades=1  hit_rate=100.0%  total_pnl=3.9 points
  [3min] SHORT 1:3  trades=1  hit_rate=100.0%  total_pnl=5.85 points
  [3min] SHORT 1:4  trades=1  hit_rate=100.0%  total_pnl=7.8 points
  [3min] SHORT 1:2  trades=2  hit_rate=100.0%  total_pnl=14.2 points
  [3min] SHORT 1:3  trades=2  hit_rate=100.0%  total_pnl=21.3 points
  [3min] SHORT 1:4  trades=2  hit_rate=100.0%  total_pnl=28.4 points
  [3min] SHORT 1:2  trades=2  hit_rate=100.0%  total_pnl=14.2 points
  [3min] SHORT 1:3  trades=2  hit_rate=100.0%  total_pnl=21.3 points
  [3min] SHORT 1:4  trades=2  hit_rate=100.0%  total_pnl=28.4 points
  [3min] SHORT 1:2  trades=1  hit_rate=100.0%  total_pnl=3.9 points
  [3min] SHORT 1:3  trades=1  hit_rate=100.0%  total_pnl=5.85 points
  [3min] SHORT 1:4  trades=1  hit_rate=100.0%  total_pnl=7.8 points
  [3min] SHORT 1:2  trades=2  hit_rate=100.0%  total_pnl=14.2 points
  [3min] SHORT 1:3  trades=2  hit_rate=100.0%  total_pnl=21.3 points
  [3min] SHORT 1:4  trades=2  hit_rate=100.0%  total_pnl=28.4 points
  [3min] SHORT 1:2  trades=2  hit_rate=100.0%  total_pnl=14.2 points
  [3min] SHORT 1:3  trades=2  hit_rate=100.0%  total_pnl=21.3 points
  [3min] SHORT 1:4  trades=2  hit_rate=100.0%  total_pnl=28.4 points
  [3min] SHORT 1:2  trades=1  hit_rate=100.0%  total_pnl=3.9 points
  [3min] SHORT 1:3  trades=1  hit_rate=100.0%  total_pnl=5.85 points
  [3min] SHORT 1:4  trades=1  hit_rate=100.0%  total_pnl=7.8 points
  [3min] SHORT 1:2  trades=2  hit_rate=100.0%  total_pnl=14.2 points
  [3min] SHORT 1:3  trades=2  hit_rate=100.0%  total_pnl=21.3 points
  [3min] SHORT 1:4  trades=2  hit_rate=100.0%  total_pnl=28.4 points
  [3min] SHORT 1:2  trades=2  hit_rate=100.0%  total_pnl=14.2 points
  [3min] SHORT 1:3  trades=2  hit_rate=100.0%  total_pnl=21.3 points
  [3min] SHORT 1:4  trades=2  hit_rate=100.0%  total_pnl=28.4 points
  [3min] SHORT 1:2  trades=1  hit_rate=100.0%  total_pnl=3.9 points
  [3min] SHORT 1:3  trades=1  hit_rate=100.0%  total_pnl=5.85 points
  [3min] SHORT 1:4  trades=1  hit_rate=100.0%  total_pnl=7.8 points
  [3min] SHORT 1:2  trades=2  hit_rate=100.0%  total_pnl=14.2 points
  [3min] SHORT 1:3  trades=2  hit_rate=100.0%  total_pnl=21.3 points
  [3min] SHORT 1:4  trades=2  hit_rate=100.0%  total_pnl=28.4 points
  [3min] SHORT 1:2  trades=2  hit_rate=100.0%  total_pnl=14.2 points
  [3min] SHORT 1:3  trades=2  hit_rate=100.0%  total_pnl=21.3 points
  [3min] SHORT 1:4  trades=2  hit_rate=100.0%  total_pnl=28.4 points
  [3min] SHORT 1:2  trades=1  hit_rate=100.0%  total_pnl=3.9 points
  [3min] SHORT 1:3  trades=1  hit_rate=100.0%  total_pnl=5.85 points
  [3min] SHORT 1:4  trades=1  hit_rate=100.0%  total_pnl=7.8 points
  [3min] SHORT 1:2  trades=2  hit_rate=100.0%  total_pnl=14.2 points
  [3min] SHORT 1:3  trades=2  hit_rate=100.0%  total_pnl=21.3 points
  [3min] SHORT 1:4  trades=2  hit_rate=100.0%  total_pnl=28.4 points
  [3min] SHORT 1:2  trades=2  hit_rate=100.0%  total_pnl=14.2 points
  [3min] SHORT 1:3  trades=2  hit_rate=100.0%  total_pnl=21.3 points
  [3min] SHORT 1:4  trades=2  hit_rate=100.0%  total_pnl=28.4 points
  [3min] SHORT 1:2  trades=1  hit_rate=100.0%  total_pnl=3.9 points
  [3min] SHORT 1:3  trades=1  hit_rate=100.0%  total_pnl=5.85 points
  [3min] SHORT 1:4  trades=1  hit_rate=100.0%  total_pnl=7.8 points
  [3min] SHORT 1:2  trades=2  hit_rate=100.0%  total_pnl=14.2 points
  [3min] SHORT 1:3  trades=2  hit_rate=100.0%  total_pnl=21.3 points
  [3min] SHORT 1:4  trades=2  hit_rate=100.0%  total_pnl=28.4 points
  [3min] SHORT 1:2  trades=2  hit_rate=100.0%  total_pnl=14.2 points
  [3min] SHORT 1:3  trades=2  hit_rate=100.0%  total_pnl=21.3 points
  [3min] SHORT 1:4  trades=2  hit_rate=100.0%  total_pnl=28.4 points
  [3min] SHORT 1:2  trades=1  hit_rate=100.0%  total_pnl=3.9 points
  [3min] SHORT 1:3  trades=1  hit_rate=100.0%  total_pnl=5.85 points
  [3min] SHORT 1:4  trades=1  hit_rate=100.0%  total_pnl=7.8 points
  [3min] SHORT 1:2  trades=2  hit_rate=100.0%  total_pnl=14.2 points
  [3min] SHORT 1:3  trades=2  hit_rate=100.0%  total_pnl=21.3 points
  [3min] SHORT 1:4  trades=2  hit_rate=100.0%  total_pnl=28.4 points
  [3min] SHORT 1:2  trades=2  hit_rate=100.0%  total_pnl=14.2 points
  [3min] SHORT 1:3  trades=2  hit_rate=100.0%  total_pnl=21.3 points
  [3min] SHORT 1:4  trades=2  hit_rate=100.0%  total_pnl=28.4 points
  [3min] SHORT 1:2  trades=1  hit_rate=100.0%  total_pnl=3.9 points
  [3min] SHORT 1:3  trades=1  hit_rate=100.0%  total_pnl=5.85 points
  [3min] SHORT 1:4  trades=1  hit_rate=100.0%  total_pnl=7.8 points
  [3min] SHORT 1:2  trades=2  hit_rate=100.0%  total_pnl=14.2 points
  [3min] SHORT 1:3  trades=2  hit_rate=100.0%  total_pnl=21.3 points
  [3min] SHORT 1:4  trades=2  hit_rate=100.0%  total_pnl=28.4 points
  [3min] SHORT 1:2  trades=2  hit_rate=100.0%  total_pnl=14.2 points
  [3min] SHORT 1:3  trades=2  hit_rate=100.0%  total_pnl=21.3 points
  [3min] SHORT 1:4  trades=2  hit_rate=100.0%  total_pnl=28.4 points
  [3min] SHORT 1:2  trades=1  hit_rate=100.0%  total_pnl=3.9 points
  [3min] SHORT 1:3  trades=1  hit_rate=100.0%  total_pnl=5.85 points
  [3min] SHORT 1:4  trades=1  hit_rate=100.0%  total_pnl=7.8 points
  [3min] SHORT 1:2  trades=2  hit_rate=100.0%  total_pnl=14.2 points
  [3min] SHORT 1:3  trades=2  hit_rate=100.0%  total_pnl=21.3 points
  [3min] SHORT 1:4  trades=2  hit_rate=100.0%  total_pnl=28.4 points
  [3min] SHORT 1:2  trades=2  hit_rate=100.0%  total_pnl=14.2 points
  [3min] SHORT 1:3  trades=2  hit_rate=100.0%  total_pnl=21.3 points
  [3min] SHORT 1:4  trades=2  hit_rate=100.0%  total_pnl=28.4 points
  [3min] SHORT 1:2  trades=1  hit_rate=100.0%  total_pnl=3.9 points
  [3min] SHORT 1:3  trades=1  hit_rate=100.0%  total_pnl=5.85 points
  [3min] SHORT 1:4  trades=1  hit_rate=100.0%  total_pnl=7.8 points
  [3min] SHORT 1:2  trades=2  hit_rate=100.0%  total_pnl=14.2 points
  [3min] SHORT 1:3  trades=2  hit_rate=100.0%  total_pnl=21.3 points
  [3min] SHORT 1:4  trades=2  hit_rate=100.0%  total_pnl=28.4 points
  [3min] SHORT 1:2  trades=2  hit_rate=100.0%  total_pnl=14.2 points
  [3min] SHORT 1:3  trades=2  hit_rate=100.0%  total_pnl=21.3 points
  [3min] SHORT 1:4  trades=2  hit_rate=100.0%  total_pnl=28.4 points
  [3min] SHORT 1:2  trades=1  hit_rate=100.0%  total_pnl=3.9 points
  [3min] SHORT 1:3  trades=1  hit_rate=100.0%  total_pnl=5.85 points
  [3min] SHORT 1:4  trades=1  hit_rate=100.0%  total_pnl=7.8 points
  [3min] SHORT 1:2  trades=2  hit_rate=100.0%  total_pnl=14.2 points
  [3min] SHORT 1:3  trades=2  hit_rate=100.0%  total_pnl=21.3 points
  [3min] SHORT 1:4  trades=2  hit_rate=100.0%  total_pnl=28.4 points
  [3min] SHORT 1:2  trades=2  hit_rate=100.0%  total_pnl=14.2 points
  [3min] SHORT 1:3  trades=2  hit_rate=100.0%  total_pnl=21.3 points
  [3min] SHORT 1:4  trades=2  hit_rate=100.0%  total_pnl=28.4 points
  [3min] SHORT 1:2  trades=1  hit_rate=100.0%  total_pnl=3.9 points
  [3min] SHORT 1:3  trades=1  hit_rate=100.0%  total_pnl=5.85 points
  [3min] SHORT 1:4  trades=1  hit_rate=100.0%  total_pnl=7.8 points
  [3min] SHORT 1:2  trades=2  hit_rate=100.0%  total_pnl=14.2 points
  [3min] SHORT 1:3  trades=2  hit_rate=100.0%  total_pnl=21.3 points
  [3min] SHORT 1:4  trades=2  hit_rate=100.0%  total_pnl=28.4 points
  [3min] SHORT 1:2  trades=2  hit_rate=100.0%  total_pnl=14.2 points
  [3min] SHORT 1:3  trades=2  hit_rate=100.0%  total_pnl=21.3 points
  [3min] SHORT 1:4  trades=2  hit_rate=100.0%  total_pnl=28.4 points
  [3min] SHORT 1:2  trades=1  hit_rate=100.0%  total_pnl=3.9 points
  [3min] SHORT 1:3  trades=1  hit_rate=100.0%  total_pnl=5.85 points
  [3min] SHORT 1:4  trades=1  hit_rate=100.0%  total_pnl=7.8 points
  [3min] SHORT 1:2  trades=2  hit_rate=100.0%  total_pnl=14.2 points
  [3min] SHORT 1:3  trades=2  hit_rate=100.0%  total_pnl=21.3 points
  [3min] SHORT 1:4  trades=2  hit_rate=100.0%  total_pnl=28.4 points
  [3min] SHORT 1:2  trades=2  hit_rate=100.0%  total_pnl=14.2 points
  [3min] SHORT 1:3  trades=2  hit_rate=100.0%  total_pnl=21.3 points
  [3min] SHORT 1:4  trades=2  hit_rate=100.0%  total_pnl=28.4 points
  [3min] SHORT 1:2  trades=1  hit_rate=100.0%  total_pnl=3.9 points
  [3min] SHORT 1:3  trades=1  hit_rate=100.0%  total_pnl=5.85 points
  [3min] SHORT 1:4  trades=1  hit_rate=100.0%  total_pnl=7.8 points
  [3min] SHORT 1:2  trades=2  hit_rate=100.0%  total_pnl=14.2 points
  [3min] SHORT 1:3  trades=2  hit_rate=100.0%  total_pnl=21.3 points
  [3min] SHORT 1:4  trades=2  hit_rate=100.0%  total_pnl=28.4 points
  [3min] SHORT 1:2  trades=2  hit_rate=100.0%  total_pnl=14.2 points
  [3min] SHORT 1:3  trades=2  hit_rate=100.0%  total_pnl=21.3 points
  [3min] SHORT 1:4  trades=2  hit_rate=100.0%  total_pnl=28.4 points
  [3min] SHORT 1:2  trades=1  hit_rate=100.0%  total_pnl=3.9 points
  [3min] SHORT 1:3  trades=1  hit_rate=100.0%  total_pnl=5.85 points
  [3min] SHORT 1:4  trades=1  hit_rate=100.0%  total_pnl=7.8 points
  [3min] SHORT 1:2  trades=2  hit_rate=100.0%  total_pnl=14.2 points
  [3min] SHORT 1:3  trades=2  hit_rate=100.0%  total_pnl=21.3 points
  [3min] SHORT 1:4  trades=2  hit_rate=100.0%  total_pnl=28.4 points
  [3min] SHORT 1:2  trades=2  hit_rate=100.0%  total_pnl=14.2 points
  [3min] SHORT 1:3  trades=2  hit_rate=100.0%  total_pnl=21.3 points
  [3min] SHORT 1:4  trades=2  hit_rate=100.0%  total_pnl=28.4 points
  [3min] SHORT 1:2  trades=1  hit_rate=100.0%  total_pnl=3.9 points
  [3min] SHORT 1:3  trades=1  hit_rate=100.0%  total_pnl=5.85 points
  [3min] SHORT 1:4  trades=1  hit_rate=100.0%  total_pnl=7.8 points
  [3min] SHORT 1:2  trades=2  hit_rate=100.0%  total_pnl=14.2 points
  [3min] SHORT 1:3  trades=2  hit_rate=100.0%  total_pnl=21.3 points
  [3min] SHORT 1:4  trades=2  hit_rate=100.0%  total_pnl=28.4 points
  [3min] SHORT 1:2  trades=2  hit_rate=100.0%  total_pnl=14.2 points
  [3min] SHORT 1:3  trades=2  hit_rate=100.0%  total_pnl=21.3 points
  [3min] SHORT 1:4  trades=2  hit_rate=100.0%  total_pnl=28.4 points
  [3min] SHORT 1:2  trades=1  hit_rate=100.0%  total_pnl=3.9 points
  [3min] SHORT 1:3  trades=1  hit_rate=100.0%  total_pnl=5.85 points
  [3min] SHORT 1:4  trades=1  hit_rate=100.0%  total_pnl=7.8 points
  [3min] SHORT 1:2  trades=2  hit_rate=100.0%  total_pnl=14.2 points
  [3min] SHORT 1:3  trades=2  hit_rate=100.0%  total_pnl=21.3 points
  [3min] SHORT 1:4  trades=2  hit_rate=100.0%  total_pnl=28.4 points
  [3min] SHORT 1:2  trades=2  hit_rate=100.0%  total_pnl=14.2 points
  [3min] SHORT 1:3  trades=2  hit_rate=100.0%  total_pnl=21.3 points
  [3min] SHORT 1:4  trades=2  hit_rate=100.0%  total_pnl=28.4 points
  [3min] SHORT 1:2  trades=1  hit_rate=100.0%  total_pnl=3.9 points
  [3min] SHORT 1:3  trades=1  hit_rate=100.0%  total_pnl=5.85 points
  [3min] SHORT 1:4  trades=1  hit_rate=100.0%  total_pnl=7.8 points
  [3min] SHORT 1:2  trades=2  hit_rate=100.0%  total_pnl=14.2 points
  [3min] SHORT 1:3  trades=2  hit_rate=100.0%  total_pnl=21.3 points
  [3min] SHORT 1:4  trades=2  hit_rate=100.0%  total_pnl=28.4 points
  [3min] SHORT 1:2  trades=2  hit_rate=100.0%  total_pnl=14.2 points
  [3min] SHORT 1:3  trades=2  hit_rate=100.0%  total_pnl=21.3 points
  [3min] SHORT 1:4  trades=2  hit_rate=100.0%  total_pnl=28.4 points
  [3min] SHORT 1:2  trades=1  hit_rate=100.0%  total_pnl=3.9 points
  [3min] SHORT 1:3  trades=1  hit_rate=100.0%  total_pnl=5.85 points
  [3min] SHORT 1:4  trades=1  hit_rate=100.0%  total_pnl=7.8 points
  [3min] SHORT 1:2  trades=2  hit_rate=100.0%  total_pnl=14.2 points
  [3min] SHORT 1:3  trades=2  hit_rate=100.0%  total_pnl=21.3 points
  [3min] SHORT 1:4  trades=2  hit_rate=100.0%  total_pnl=28.4 points
  [3min] SHORT 1:2  trades=2  hit_rate=100.0%  total_pnl=14.2 points
  [3min] SHORT 1:3  trades=2  hit_rate=100.0%  total_pnl=21.3 points
  [3min] SHORT 1:4  trades=2  hit_rate=100.0%  total_pnl=28.4 points
  [3min] SHORT 1:2  trades=1  hit_rate=100.0%  total_pnl=3.9 points
  [3min] SHORT 1:3  trades=1  hit_rate=100.0%  total_pnl=5.85 points
  [3min] SHORT 1:4  trades=1  hit_rate=100.0%  total_pnl=7.8 points
  [3min] SHORT 1:2  trades=2  hit_rate=100.0%  total_pnl=14.2 points
  [3min] SHORT 1:3  trades=2  hit_rate=100.0%  total_pnl=21.3 points
  [3min] SHORT 1:4  trades=2  hit_rate=100.0%  total_pnl=28.4 points
  [3min] SHORT 1:2  trades=2  hit_rate=100.0%  total_pnl=14.2 points
  [3min] SHORT 1:3  trades=2  hit_rate=100.0%  total_pnl=21.3 points
  [3min] SHORT 1:4  trades=2  hit_rate=100.0%  total_pnl=28.4 points
  [3min] SHORT 1:2  trades=1  hit_rate=100.0%  total_pnl=3.9 points
  [3min] SHORT 1:3  trades=1  hit_rate=100.0%  total_pnl=5.85 points
  [3min] SHORT 1:4  trades=1  hit_rate=100.0%  total_pnl=7.8 points
  [3min] SHORT 1:2  trades=2  hit_rate=100.0%  total_pnl=14.2 points
  [3min] SHORT 1:3  trades=2  hit_rate=100.0%  total_pnl=21.3 points
  [3min] SHORT 1:4  trades=2  hit_rate=100.0%  total_pnl=28.4 points

----------------------------------------------------------------------------------------------------
[6/14] NIFTY_2026-09-16_DASHBOARD.json
----------------------------------------------------------------------------------------------------
Process started for the file : D:/Git/fresh_dashboard/app/data
Timeframes tested : ['12sec', '1min', '3min']
Entry candle rule : disabled — the trigger candle itself is the entry candle (entry at its close, SL at its low/high)
R:R multiples     : [2.0, 3.0, 4.0]
Total no of variation : 3 timeframes x 2 directions x 4 candles x 20 atr_multiplier x 2 bb_period x 2 bb_num_std x 3 R:R = 1920
Workers : 12 (of 14 CPU cores available)
Completed 1920 variations in 11.1s using 12 worker(s)
  Triggers: 15   Trades entered: 15   No Entry: 0
  [12sec] LONG  1:2  trades=10  hit_rate=20.0%  total_pnl=0.0 points
  [12sec] LONG  1:3  trades=10  hit_rate=20.0%  total_pnl=2.65 points
  [12sec] LONG  1:4  trades=10  hit_rate=20.0%  total_pnl=5.3 points
  [12sec] LONG  1:2  trades=2  hit_rate=0.0%  total_pnl=-0.15 points
  [12sec] LONG  1:3  trades=2  hit_rate=0.0%  total_pnl=-0.15 points
  [12sec] LONG  1:4  trades=2  hit_rate=0.0%  total_pnl=-0.15 points
  [12sec] LONG  1:2  trades=8  hit_rate=12.5%  total_pnl=-4.15 points
  [12sec] LONG  1:3  trades=8  hit_rate=12.5%  total_pnl=-3.7 points
  [12sec] LONG  1:4  trades=8  hit_rate=12.5%  total_pnl=-3.25 points
  [12sec] LONG  1:2  trades=2  hit_rate=0.0%  total_pnl=-0.15 points
  [12sec] LONG  1:3  trades=2  hit_rate=0.0%  total_pnl=-0.15 points
  [12sec] LONG  1:4  trades=2  hit_rate=0.0%  total_pnl=-0.15 points
  [12sec] LONG  1:2  trades=10  hit_rate=20.0%  total_pnl=0.0 points
  [12sec] LONG  1:3  trades=10  hit_rate=20.0%  total_pnl=2.65 points
  [12sec] LONG  1:4  trades=10  hit_rate=20.0%  total_pnl=5.3 points
  [12sec] LONG  1:2  trades=2  hit_rate=0.0%  total_pnl=-0.15 points
  [12sec] LONG  1:3  trades=2  hit_rate=0.0%  total_pnl=-0.15 points
  [12sec] LONG  1:4  trades=2  hit_rate=0.0%  total_pnl=-0.15 points
  [12sec] LONG  1:2  trades=8  hit_rate=12.5%  total_pnl=-4.15 points
  [12sec] LONG  1:3  trades=8  hit_rate=12.5%  total_pnl=-3.7 points
  [12sec] LONG  1:4  trades=8  hit_rate=12.5%  total_pnl=-3.25 points
  [12sec] LONG  1:2  trades=2  hit_rate=0.0%  total_pnl=-0.15 points
  [12sec] LONG  1:3  trades=2  hit_rate=0.0%  total_pnl=-0.15 points
  [12sec] LONG  1:4  trades=2  hit_rate=0.0%  total_pnl=-0.15 points
  [12sec] LONG  1:2  trades=10  hit_rate=20.0%  total_pnl=0.0 points
  [12sec] LONG  1:3  trades=10  hit_rate=20.0%  total_pnl=2.65 points
  [12sec] LONG  1:4  trades=10  hit_rate=20.0%  total_pnl=5.3 points
  [12sec] LONG  1:2  trades=2  hit_rate=0.0%  total_pnl=-0.15 points
  [12sec] LONG  1:3  trades=2  hit_rate=0.0%  total_pnl=-0.15 points
  [12sec] LONG  1:4  trades=2  hit_rate=0.0%  total_pnl=-0.15 points
  [12sec] LONG  1:2  trades=8  hit_rate=12.5%  total_pnl=-4.15 points
  [12sec] LONG  1:3  trades=8  hit_rate=12.5%  total_pnl=-3.7 points
  [12sec] LONG  1:4  trades=8  hit_rate=12.5%  total_pnl=-3.25 points
  [12sec] LONG  1:2  trades=2  hit_rate=0.0%  total_pnl=-0.15 points
  [12sec] LONG  1:3  trades=2  hit_rate=0.0%  total_pnl=-0.15 points
  [12sec] LONG  1:4  trades=2  hit_rate=0.0%  total_pnl=-0.15 points
  [12sec] LONG  1:2  trades=10  hit_rate=20.0%  total_pnl=0.0 points
  [12sec] LONG  1:3  trades=10  hit_rate=20.0%  total_pnl=2.65 points
  [12sec] LONG  1:4  trades=10  hit_rate=20.0%  total_pnl=5.3 points
  [12sec] LONG  1:2  trades=2  hit_rate=0.0%  total_pnl=-0.15 points
  [12sec] LONG  1:3  trades=2  hit_rate=0.0%  total_pnl=-0.15 points
  [12sec] LONG  1:4  trades=2  hit_rate=0.0%  total_pnl=-0.15 points
  [12sec] LONG  1:2  trades=8  hit_rate=12.5%  total_pnl=-4.15 points
  [12sec] LONG  1:3  trades=8  hit_rate=12.5%  total_pnl=-3.7 points
  [12sec] LONG  1:4  trades=8  hit_rate=12.5%  total_pnl=-3.25 points
  [12sec] LONG  1:2  trades=2  hit_rate=0.0%  total_pnl=-0.15 points
  [12sec] LONG  1:3  trades=2  hit_rate=0.0%  total_pnl=-0.15 points
  [12sec] LONG  1:4  trades=2  hit_rate=0.0%  total_pnl=-0.15 points
  [12sec] LONG  1:2  trades=9  hit_rate=22.22%  total_pnl=1.0 points
  [12sec] LONG  1:3  trades=9  hit_rate=22.22%  total_pnl=3.65 points
  [12sec] LONG  1:4  trades=9  hit_rate=22.22%  total_pnl=6.3 points
  [12sec] LONG  1:2  trades=2  hit_rate=0.0%  total_pnl=-0.15 points
  [12sec] LONG  1:3  trades=2  hit_rate=0.0%  total_pnl=-0.15 points
  [12sec] LONG  1:4  trades=2  hit_rate=0.0%  total_pnl=-0.15 points
  [12sec] LONG  1:2  trades=7  hit_rate=14.29%  total_pnl=-3.15 points
  [12sec] LONG  1:3  trades=7  hit_rate=14.29%  total_pnl=-2.7 points
  [12sec] LONG  1:4  trades=7  hit_rate=14.29%  total_pnl=-2.25 points
  [12sec] LONG  1:2  trades=2  hit_rate=0.0%  total_pnl=-0.15 points
  [12sec] LONG  1:3  trades=2  hit_rate=0.0%  total_pnl=-0.15 points
  [12sec] LONG  1:4  trades=2  hit_rate=0.0%  total_pnl=-0.15 points
  [12sec] LONG  1:2  trades=9  hit_rate=22.22%  total_pnl=1.0 points
  [12sec] LONG  1:3  trades=9  hit_rate=22.22%  total_pnl=3.65 points
  [12sec] LONG  1:4  trades=9  hit_rate=22.22%  total_pnl=6.3 points
  [12sec] LONG  1:2  trades=2  hit_rate=0.0%  total_pnl=-0.15 points
  [12sec] LONG  1:3  trades=2  hit_rate=0.0%  total_pnl=-0.15 points
  [12sec] LONG  1:4  trades=2  hit_rate=0.0%  total_pnl=-0.15 points
  [12sec] LONG  1:2  trades=7  hit_rate=14.29%  total_pnl=-3.15 points
  [12sec] LONG  1:3  trades=7  hit_rate=14.29%  total_pnl=-2.7 points
  [12sec] LONG  1:4  trades=7  hit_rate=14.29%  total_pnl=-2.25 points
  [12sec] LONG  1:2  trades=2  hit_rate=0.0%  total_pnl=-0.15 points
  [12sec] LONG  1:3  trades=2  hit_rate=0.0%  total_pnl=-0.15 points
  [12sec] LONG  1:4  trades=2  hit_rate=0.0%  total_pnl=-0.15 points
  [12sec] LONG  1:2  trades=6  hit_rate=0.0%  total_pnl=-2.3 points
  [12sec] LONG  1:3  trades=6  hit_rate=0.0%  total_pnl=-2.3 points
  [12sec] LONG  1:4  trades=6  hit_rate=0.0%  total_pnl=-2.3 points
  [12sec] LONG  1:2  trades=2  hit_rate=0.0%  total_pnl=-0.15 points
  [12sec] LONG  1:3  trades=2  hit_rate=0.0%  total_pnl=-0.15 points
  [12sec] LONG  1:4  trades=2  hit_rate=0.0%  total_pnl=-0.15 points
  [12sec] LONG  1:2  trades=5  hit_rate=0.0%  total_pnl=-2.05 points
  [12sec] LONG  1:3  trades=5  hit_rate=0.0%  total_pnl=-2.05 points
  [12sec] LONG  1:4  trades=5  hit_rate=0.0%  total_pnl=-2.05 points
  [12sec] LONG  1:2  trades=2  hit_rate=0.0%  total_pnl=-0.15 points
  [12sec] LONG  1:3  trades=2  hit_rate=0.0%  total_pnl=-0.15 points
  [12sec] LONG  1:4  trades=2  hit_rate=0.0%  total_pnl=-0.15 points
  [12sec] LONG  1:2  trades=5  hit_rate=0.0%  total_pnl=-2.2 points
  [12sec] LONG  1:3  trades=5  hit_rate=0.0%  total_pnl=-2.2 points
  [12sec] LONG  1:4  trades=5  hit_rate=0.0%  total_pnl=-2.2 points
  [12sec] LONG  1:2  trades=1  hit_rate=0.0%  total_pnl=-0.05 points
  [12sec] LONG  1:3  trades=1  hit_rate=0.0%  total_pnl=-0.05 points
  [12sec] LONG  1:4  trades=1  hit_rate=0.0%  total_pnl=-0.05 points
  [12sec] LONG  1:2  trades=4  hit_rate=0.0%  total_pnl=-1.95 points
  [12sec] LONG  1:3  trades=4  hit_rate=0.0%  total_pnl=-1.95 points
  [12sec] LONG  1:4  trades=4  hit_rate=0.0%  total_pnl=-1.95 points
  [12sec] LONG  1:2  trades=1  hit_rate=0.0%  total_pnl=-0.05 points
  [12sec] LONG  1:3  trades=1  hit_rate=0.0%  total_pnl=-0.05 points
  [12sec] LONG  1:4  trades=1  hit_rate=0.0%  total_pnl=-0.05 points
  [12sec] LONG  1:2  trades=2  hit_rate=0.0%  total_pnl=-0.8 points
  [12sec] LONG  1:3  trades=2  hit_rate=0.0%  total_pnl=-0.8 points
  [12sec] LONG  1:4  trades=2  hit_rate=0.0%  total_pnl=-0.8 points
  [12sec] LONG  1:2  trades=1  hit_rate=0.0%  total_pnl=-0.05 points
  [12sec] LONG  1:3  trades=1  hit_rate=0.0%  total_pnl=-0.05 points
  [12sec] LONG  1:4  trades=1  hit_rate=0.0%  total_pnl=-0.05 points
  [12sec] LONG  1:2  trades=2  hit_rate=0.0%  total_pnl=-0.8 points
  [12sec] LONG  1:3  trades=2  hit_rate=0.0%  total_pnl=-0.8 points
  [12sec] LONG  1:4  trades=2  hit_rate=0.0%  total_pnl=-0.8 points
  [12sec] LONG  1:2  trades=1  hit_rate=0.0%  total_pnl=-0.05 points
  [12sec] LONG  1:3  trades=1  hit_rate=0.0%  total_pnl=-0.05 points
  [12sec] LONG  1:4  trades=1  hit_rate=0.0%  total_pnl=-0.05 points
  [12sec] LONG  1:2  trades=11  hit_rate=27.27%  total_pnl=7.7 points
  [12sec] LONG  1:3  trades=11  hit_rate=27.27%  total_pnl=14.2 points
  [12sec] LONG  1:4  trades=11  hit_rate=27.27%  total_pnl=20.7 points
  [12sec] LONG  1:2  trades=3  hit_rate=33.33%  total_pnl=7.55 points
  [12sec] LONG  1:3  trades=3  hit_rate=33.33%  total_pnl=11.4 points
  [12sec] LONG  1:4  trades=3  hit_rate=33.33%  total_pnl=15.25 points
  [12sec] LONG  1:2  trades=9  hit_rate=22.22%  total_pnl=3.55 points
  [12sec] LONG  1:3  trades=9  hit_rate=22.22%  total_pnl=7.85 points
  [12sec] LONG  1:4  trades=9  hit_rate=22.22%  total_pnl=12.15 points
  [12sec] LONG  1:2  trades=3  hit_rate=33.33%  total_pnl=7.55 points
  [12sec] LONG  1:3  trades=3  hit_rate=33.33%  total_pnl=11.4 points
  [12sec] LONG  1:4  trades=3  hit_rate=33.33%  total_pnl=15.25 points
  [12sec] LONG  1:2  trades=11  hit_rate=27.27%  total_pnl=7.7 points
  [12sec] LONG  1:3  trades=11  hit_rate=27.27%  total_pnl=14.2 points
  [12sec] LONG  1:4  trades=11  hit_rate=27.27%  total_pnl=20.7 points
  [12sec] LONG  1:2  trades=3  hit_rate=33.33%  total_pnl=7.55 points
  [12sec] LONG  1:3  trades=3  hit_rate=33.33%  total_pnl=11.4 points
  [12sec] LONG  1:4  trades=3  hit_rate=33.33%  total_pnl=15.25 points
  [12sec] LONG  1:2  trades=9  hit_rate=22.22%  total_pnl=3.55 points
  [12sec] LONG  1:3  trades=9  hit_rate=22.22%  total_pnl=7.85 points
  [12sec] LONG  1:4  trades=9  hit_rate=22.22%  total_pnl=12.15 points
  [12sec] LONG  1:2  trades=3  hit_rate=33.33%  total_pnl=7.55 points
  [12sec] LONG  1:3  trades=3  hit_rate=33.33%  total_pnl=11.4 points
  [12sec] LONG  1:4  trades=3  hit_rate=33.33%  total_pnl=15.25 points
  [12sec] LONG  1:2  trades=11  hit_rate=27.27%  total_pnl=7.7 points
  [12sec] LONG  1:3  trades=11  hit_rate=27.27%  total_pnl=14.2 points
  [12sec] LONG  1:4  trades=11  hit_rate=27.27%  total_pnl=20.7 points
  [12sec] LONG  1:2  trades=3  hit_rate=33.33%  total_pnl=7.55 points
  [12sec] LONG  1:3  trades=3  hit_rate=33.33%  total_pnl=11.4 points
  [12sec] LONG  1:4  trades=3  hit_rate=33.33%  total_pnl=15.25 points
  [12sec] LONG  1:2  trades=9  hit_rate=22.22%  total_pnl=3.55 points
  [12sec] LONG  1:3  trades=9  hit_rate=22.22%  total_pnl=7.85 points
  [12sec] LONG  1:4  trades=9  hit_rate=22.22%  total_pnl=12.15 points
  [12sec] LONG  1:2  trades=3  hit_rate=33.33%  total_pnl=7.55 points
  [12sec] LONG  1:3  trades=3  hit_rate=33.33%  total_pnl=11.4 points
  [12sec] LONG  1:4  trades=3  hit_rate=33.33%  total_pnl=15.25 points
  [12sec] LONG  1:2  trades=10  hit_rate=20.0%  total_pnl=0.0 points
  [12sec] LONG  1:3  trades=10  hit_rate=20.0%  total_pnl=2.65 points
  [12sec] LONG  1:4  trades=10  hit_rate=20.0%  total_pnl=5.3 points
  [12sec] LONG  1:2  trades=2  hit_rate=0.0%  total_pnl=-0.15 points
  [12sec] LONG  1:3  trades=2  hit_rate=0.0%  total_pnl=-0.15 points
  [12sec] LONG  1:4  trades=2  hit_rate=0.0%  total_pnl=-0.15 points
  [12sec] LONG  1:2  trades=8  hit_rate=12.5%  total_pnl=-4.15 points
  [12sec] LONG  1:3  trades=8  hit_rate=12.5%  total_pnl=-3.7 points
  [12sec] LONG  1:4  trades=8  hit_rate=12.5%  total_pnl=-3.25 points
  [12sec] LONG  1:2  trades=2  hit_rate=0.0%  total_pnl=-0.15 points
  [12sec] LONG  1:3  trades=2  hit_rate=0.0%  total_pnl=-0.15 points
  [12sec] LONG  1:4  trades=2  hit_rate=0.0%  total_pnl=-0.15 points
  [12sec] LONG  1:2  trades=10  hit_rate=20.0%  total_pnl=0.0 points
  [12sec] LONG  1:3  trades=10  hit_rate=20.0%  total_pnl=2.65 points
  [12sec] LONG  1:4  trades=10  hit_rate=20.0%  total_pnl=5.3 points
  [12sec] LONG  1:2  trades=2  hit_rate=0.0%  total_pnl=-0.15 points
  [12sec] LONG  1:3  trades=2  hit_rate=0.0%  total_pnl=-0.15 points
  [12sec] LONG  1:4  trades=2  hit_rate=0.0%  total_pnl=-0.15 points
  [12sec] LONG  1:2  trades=8  hit_rate=12.5%  total_pnl=-4.15 points
  [12sec] LONG  1:3  trades=8  hit_rate=12.5%  total_pnl=-3.7 points
  [12sec] LONG  1:4  trades=8  hit_rate=12.5%  total_pnl=-3.25 points
  [12sec] LONG  1:2  trades=2  hit_rate=0.0%  total_pnl=-0.15 points
  [12sec] LONG  1:3  trades=2  hit_rate=0.0%  total_pnl=-0.15 points
  [12sec] LONG  1:4  trades=2  hit_rate=0.0%  total_pnl=-0.15 points
  [12sec] LONG  1:2  trades=10  hit_rate=20.0%  total_pnl=0.0 points
  [12sec] LONG  1:3  trades=10  hit_rate=20.0%  total_pnl=2.65 points
  [12sec] LONG  1:4  trades=10  hit_rate=20.0%  total_pnl=5.3 points
  [12sec] LONG  1:2  trades=2  hit_rate=0.0%  total_pnl=-0.15 points
  [12sec] LONG  1:3  trades=2  hit_rate=0.0%  total_pnl=-0.15 points
  [12sec] LONG  1:4  trades=2  hit_rate=0.0%  total_pnl=-0.15 points
  [12sec] LONG  1:2  trades=8  hit_rate=12.5%  total_pnl=-4.15 points
  [12sec] LONG  1:3  trades=8  hit_rate=12.5%  total_pnl=-3.7 points
  [12sec] LONG  1:4  trades=8  hit_rate=12.5%  total_pnl=-3.25 points
  [12sec] LONG  1:2  trades=2  hit_rate=0.0%  total_pnl=-0.15 points
  [12sec] LONG  1:3  trades=2  hit_rate=0.0%  total_pnl=-0.15 points
  [12sec] LONG  1:4  trades=2  hit_rate=0.0%  total_pnl=-0.15 points
  [12sec] LONG  1:2  trades=10  hit_rate=20.0%  total_pnl=0.0 points
  [12sec] LONG  1:3  trades=10  hit_rate=20.0%  total_pnl=2.65 points
  [12sec] LONG  1:4  trades=10  hit_rate=20.0%  total_pnl=5.3 points
  [12sec] LONG  1:2  trades=2  hit_rate=0.0%  total_pnl=-0.15 points
  [12sec] LONG  1:3  trades=2  hit_rate=0.0%  total_pnl=-0.15 points
  [12sec] LONG  1:4  trades=2  hit_rate=0.0%  total_pnl=-0.15 points
  [12sec] LONG  1:2  trades=8  hit_rate=12.5%  total_pnl=-4.15 points
  [12sec] LONG  1:3  trades=8  hit_rate=12.5%  total_pnl=-3.7 points
  [12sec] LONG  1:4  trades=8  hit_rate=12.5%  total_pnl=-3.25 points
  [12sec] LONG  1:2  trades=2  hit_rate=0.0%  total_pnl=-0.15 points
  [12sec] LONG  1:3  trades=2  hit_rate=0.0%  total_pnl=-0.15 points
  [12sec] LONG  1:4  trades=2  hit_rate=0.0%  total_pnl=-0.15 points
  [12sec] LONG  1:2  trades=10  hit_rate=20.0%  total_pnl=0.0 points
  [12sec] LONG  1:3  trades=10  hit_rate=20.0%  total_pnl=2.65 points
  [12sec] LONG  1:4  trades=10  hit_rate=20.0%  total_pnl=5.3 points
  [12sec] LONG  1:2  trades=2  hit_rate=0.0%  total_pnl=-0.15 points
  [12sec] LONG  1:3  trades=2  hit_rate=0.0%  total_pnl=-0.15 points
  [12sec] LONG  1:4  trades=2  hit_rate=0.0%  total_pnl=-0.15 points
  [12sec] LONG  1:2  trades=8  hit_rate=12.5%  total_pnl=-4.15 points
  [12sec] LONG  1:3  trades=8  hit_rate=12.5%  total_pnl=-3.7 points
  [12sec] LONG  1:4  trades=8  hit_rate=12.5%  total_pnl=-3.25 points
  [12sec] LONG  1:2  trades=2  hit_rate=0.0%  total_pnl=-0.15 points
  [12sec] LONG  1:3  trades=2  hit_rate=0.0%  total_pnl=-0.15 points
  [12sec] LONG  1:4  trades=2  hit_rate=0.0%  total_pnl=-0.15 points
  [12sec] LONG  1:2  trades=10  hit_rate=20.0%  total_pnl=0.0 points
  [12sec] LONG  1:3  trades=10  hit_rate=20.0%  total_pnl=2.65 points
  [12sec] LONG  1:4  trades=10  hit_rate=20.0%  total_pnl=5.3 points
  [12sec] LONG  1:2  trades=2  hit_rate=0.0%  total_pnl=-0.15 points
  [12sec] LONG  1:3  trades=2  hit_rate=0.0%  total_pnl=-0.15 points
  [12sec] LONG  1:4  trades=2  hit_rate=0.0%  total_pnl=-0.15 points
  [12sec] LONG  1:2  trades=8  hit_rate=12.5%  total_pnl=-4.15 points
  [12sec] LONG  1:3  trades=8  hit_rate=12.5%  total_pnl=-3.7 points
  [12sec] LONG  1:4  trades=8  hit_rate=12.5%  total_pnl=-3.25 points
  [12sec] LONG  1:2  trades=2  hit_rate=0.0%  total_pnl=-0.15 points
  [12sec] LONG  1:3  trades=2  hit_rate=0.0%  total_pnl=-0.15 points
  [12sec] LONG  1:4  trades=2  hit_rate=0.0%  total_pnl=-0.15 points
  [12sec] LONG  1:2  trades=10  hit_rate=20.0%  total_pnl=0.0 points
  [12sec] LONG  1:3  trades=10  hit_rate=20.0%  total_pnl=2.65 points
  [12sec] LONG  1:4  trades=10  hit_rate=20.0%  total_pnl=5.3 points
  [12sec] LONG  1:2  trades=2  hit_rate=0.0%  total_pnl=-0.15 points
  [12sec] LONG  1:3  trades=2  hit_rate=0.0%  total_pnl=-0.15 points
  [12sec] LONG  1:4  trades=2  hit_rate=0.0%  total_pnl=-0.15 points
  [12sec] LONG  1:2  trades=8  hit_rate=12.5%  total_pnl=-4.15 points
  [12sec] LONG  1:3  trades=8  hit_rate=12.5%  total_pnl=-3.7 points
  [12sec] LONG  1:4  trades=8  hit_rate=12.5%  total_pnl=-3.25 points
  [12sec] LONG  1:2  trades=2  hit_rate=0.0%  total_pnl=-0.15 points
  [12sec] LONG  1:3  trades=2  hit_rate=0.0%  total_pnl=-0.15 points
  [12sec] LONG  1:4  trades=2  hit_rate=0.0%  total_pnl=-0.15 points
  [12sec] LONG  1:2  trades=9  hit_rate=22.22%  total_pnl=1.0 points
  [12sec] LONG  1:3  trades=9  hit_rate=22.22%  total_pnl=3.65 points
  [12sec] LONG  1:4  trades=9  hit_rate=22.22%  total_pnl=6.3 points
  [12sec] LONG  1:2  trades=2  hit_rate=0.0%  total_pnl=-0.15 points
  [12sec] LONG  1:3  trades=2  hit_rate=0.0%  total_pnl=-0.15 points
  [12sec] LONG  1:4  trades=2  hit_rate=0.0%  total_pnl=-0.15 points
  [12sec] LONG  1:2  trades=7  hit_rate=14.29%  total_pnl=-3.15 points
  [12sec] LONG  1:3  trades=7  hit_rate=14.29%  total_pnl=-2.7 points
  [12sec] LONG  1:4  trades=7  hit_rate=14.29%  total_pnl=-2.25 points
  [12sec] LONG  1:2  trades=2  hit_rate=0.0%  total_pnl=-0.15 points
  [12sec] LONG  1:3  trades=2  hit_rate=0.0%  total_pnl=-0.15 points
  [12sec] LONG  1:4  trades=2  hit_rate=0.0%  total_pnl=-0.15 points
  [12sec] LONG  1:2  trades=7  hit_rate=14.29%  total_pnl=-3.3 points
  [12sec] LONG  1:3  trades=7  hit_rate=14.29%  total_pnl=-2.85 points
  [12sec] LONG  1:4  trades=7  hit_rate=14.29%  total_pnl=-2.4 points
  [12sec] LONG  1:2  trades=1  hit_rate=0.0%  total_pnl=-0.05 points
  [12sec] LONG  1:3  trades=1  hit_rate=0.0%  total_pnl=-0.05 points
  [12sec] LONG  1:4  trades=1  hit_rate=0.0%  total_pnl=-0.05 points
  [12sec] LONG  1:2  trades=6  hit_rate=16.67%  total_pnl=-3.05 points
  [12sec] LONG  1:3  trades=6  hit_rate=16.67%  total_pnl=-2.6 points
  [12sec] LONG  1:4  trades=6  hit_rate=16.67%  total_pnl=-2.15 points
  [12sec] LONG  1:2  trades=1  hit_rate=0.0%  total_pnl=-0.05 points
  [12sec] LONG  1:3  trades=1  hit_rate=0.0%  total_pnl=-0.05 points
  [12sec] LONG  1:4  trades=1  hit_rate=0.0%  total_pnl=-0.05 points
  [12sec] LONG  1:2  trades=5  hit_rate=0.0%  total_pnl=-2.2 points
  [12sec] LONG  1:3  trades=5  hit_rate=0.0%  total_pnl=-2.2 points
  [12sec] LONG  1:4  trades=5  hit_rate=0.0%  total_pnl=-2.2 points
  [12sec] LONG  1:2  trades=1  hit_rate=0.0%  total_pnl=-0.05 points
  [12sec] LONG  1:3  trades=1  hit_rate=0.0%  total_pnl=-0.05 points
  [12sec] LONG  1:4  trades=1  hit_rate=0.0%  total_pnl=-0.05 points
  [12sec] LONG  1:2  trades=4  hit_rate=0.0%  total_pnl=-1.95 points
  [12sec] LONG  1:3  trades=4  hit_rate=0.0%  total_pnl=-1.95 points
  [12sec] LONG  1:4  trades=4  hit_rate=0.0%  total_pnl=-1.95 points
  [12sec] LONG  1:2  trades=1  hit_rate=0.0%  total_pnl=-0.05 points
  [12sec] LONG  1:3  trades=1  hit_rate=0.0%  total_pnl=-0.05 points
  [12sec] LONG  1:4  trades=1  hit_rate=0.0%  total_pnl=-0.05 points
  [12sec] LONG  1:2  trades=5  hit_rate=0.0%  total_pnl=-2.2 points
  [12sec] LONG  1:3  trades=5  hit_rate=0.0%  total_pnl=-2.2 points
  [12sec] LONG  1:4  trades=5  hit_rate=0.0%  total_pnl=-2.2 points
  [12sec] LONG  1:2  trades=1  hit_rate=0.0%  total_pnl=-0.05 points
  [12sec] LONG  1:3  trades=1  hit_rate=0.0%  total_pnl=-0.05 points
  [12sec] LONG  1:4  trades=1  hit_rate=0.0%  total_pnl=-0.05 points
  [12sec] LONG  1:2  trades=4  hit_rate=0.0%  total_pnl=-1.95 points
  [12sec] LONG  1:3  trades=4  hit_rate=0.0%  total_pnl=-1.95 points
  [12sec] LONG  1:4  trades=4  hit_rate=0.0%  total_pnl=-1.95 points
  [12sec] LONG  1:2  trades=1  hit_rate=0.0%  total_pnl=-0.05 points
  [12sec] LONG  1:3  trades=1  hit_rate=0.0%  total_pnl=-0.05 points
  [12sec] LONG  1:4  trades=1  hit_rate=0.0%  total_pnl=-0.05 points
  [12sec] LONG  1:2  trades=5  hit_rate=0.0%  total_pnl=-2.2 points
  [12sec] LONG  1:3  trades=5  hit_rate=0.0%  total_pnl=-2.2 points
  [12sec] LONG  1:4  trades=5  hit_rate=0.0%  total_pnl=-2.2 points
  [12sec] LONG  1:2  trades=1  hit_rate=0.0%  total_pnl=-0.05 points
  [12sec] LONG  1:3  trades=1  hit_rate=0.0%  total_pnl=-0.05 points
  [12sec] LONG  1:4  trades=1  hit_rate=0.0%  total_pnl=-0.05 points
  [12sec] LONG  1:2  trades=4  hit_rate=0.0%  total_pnl=-1.95 points
  [12sec] LONG  1:3  trades=4  hit_rate=0.0%  total_pnl=-1.95 points
  [12sec] LONG  1:4  trades=4  hit_rate=0.0%  total_pnl=-1.95 points
  [12sec] LONG  1:2  trades=1  hit_rate=0.0%  total_pnl=-0.05 points
  [12sec] LONG  1:3  trades=1  hit_rate=0.0%  total_pnl=-0.05 points
  [12sec] LONG  1:4  trades=1  hit_rate=0.0%  total_pnl=-0.05 points
  [12sec] LONG  1:2  trades=2  hit_rate=0.0%  total_pnl=-0.3 points
  [12sec] LONG  1:3  trades=2  hit_rate=0.0%  total_pnl=-0.3 points
  [12sec] LONG  1:4  trades=2  hit_rate=0.0%  total_pnl=-0.3 points
  [12sec] LONG  1:2  trades=1  hit_rate=0.0%  total_pnl=-0.05 points
  [12sec] LONG  1:3  trades=1  hit_rate=0.0%  total_pnl=-0.05 points
  [12sec] LONG  1:4  trades=1  hit_rate=0.0%  total_pnl=-0.05 points
  [12sec] LONG  1:2  trades=1  hit_rate=0.0%  total_pnl=-0.05 points
  [12sec] LONG  1:3  trades=1  hit_rate=0.0%  total_pnl=-0.05 points
  [12sec] LONG  1:4  trades=1  hit_rate=0.0%  total_pnl=-0.05 points
  [12sec] LONG  1:2  trades=1  hit_rate=0.0%  total_pnl=-0.05 points
  [12sec] LONG  1:3  trades=1  hit_rate=0.0%  total_pnl=-0.05 points
  [12sec] LONG  1:4  trades=1  hit_rate=0.0%  total_pnl=-0.05 points
  [12sec] LONG  1:2  trades=1  hit_rate=0.0%  total_pnl=-0.05 points
  [12sec] LONG  1:3  trades=1  hit_rate=0.0%  total_pnl=-0.05 points
  [12sec] LONG  1:4  trades=1  hit_rate=0.0%  total_pnl=-0.05 points
  [12sec] LONG  1:2  trades=1  hit_rate=0.0%  total_pnl=-0.05 points
  [12sec] LONG  1:3  trades=1  hit_rate=0.0%  total_pnl=-0.05 points
  [12sec] LONG  1:4  trades=1  hit_rate=0.0%  total_pnl=-0.05 points
  [12sec] LONG  1:2  trades=1  hit_rate=0.0%  total_pnl=-0.05 points
  [12sec] LONG  1:3  trades=1  hit_rate=0.0%  total_pnl=-0.05 points
  [12sec] LONG  1:4  trades=1  hit_rate=0.0%  total_pnl=-0.05 points
  [12sec] LONG  1:2  trades=1  hit_rate=0.0%  total_pnl=-0.05 points
  [12sec] LONG  1:3  trades=1  hit_rate=0.0%  total_pnl=-0.05 points
  [12sec] LONG  1:4  trades=1  hit_rate=0.0%  total_pnl=-0.05 points
  [12sec] LONG  1:2  trades=1  hit_rate=0.0%  total_pnl=-0.05 points
  [12sec] LONG  1:3  trades=1  hit_rate=0.0%  total_pnl=-0.05 points
  [12sec] LONG  1:4  trades=1  hit_rate=0.0%  total_pnl=-0.05 points
  [12sec] LONG  1:2  trades=1  hit_rate=0.0%  total_pnl=-0.05 points
  [12sec] LONG  1:3  trades=1  hit_rate=0.0%  total_pnl=-0.05 points
  [12sec] LONG  1:4  trades=1  hit_rate=0.0%  total_pnl=-0.05 points
  [12sec] LONG  1:2  trades=1  hit_rate=0.0%  total_pnl=-0.05 points
  [12sec] LONG  1:3  trades=1  hit_rate=0.0%  total_pnl=-0.05 points
  [12sec] LONG  1:4  trades=1  hit_rate=0.0%  total_pnl=-0.05 points
  [12sec] LONG  1:2  trades=1  hit_rate=0.0%  total_pnl=-0.05 points
  [12sec] LONG  1:3  trades=1  hit_rate=0.0%  total_pnl=-0.05 points
  [12sec] LONG  1:4  trades=1  hit_rate=0.0%  total_pnl=-0.05 points
  [12sec] LONG  1:2  trades=11  hit_rate=27.27%  total_pnl=7.7 points
  [12sec] LONG  1:3  trades=11  hit_rate=27.27%  total_pnl=14.2 points
  [12sec] LONG  1:4  trades=11  hit_rate=27.27%  total_pnl=20.7 points
  [12sec] LONG  1:2  trades=3  hit_rate=33.33%  total_pnl=7.55 points
  [12sec] LONG  1:3  trades=3  hit_rate=33.33%  total_pnl=11.4 points
  [12sec] LONG  1:4  trades=3  hit_rate=33.33%  total_pnl=15.25 points
  [12sec] LONG  1:2  trades=9  hit_rate=22.22%  total_pnl=3.55 points
  [12sec] LONG  1:3  trades=9  hit_rate=22.22%  total_pnl=7.85 points
  [12sec] LONG  1:4  trades=9  hit_rate=22.22%  total_pnl=12.15 points
  [12sec] LONG  1:2  trades=3  hit_rate=33.33%  total_pnl=7.55 points
  [12sec] LONG  1:3  trades=3  hit_rate=33.33%  total_pnl=11.4 points
  [12sec] LONG  1:4  trades=3  hit_rate=33.33%  total_pnl=15.25 points
  [12sec] LONG  1:2  trades=11  hit_rate=27.27%  total_pnl=7.7 points
  [12sec] LONG  1:3  trades=11  hit_rate=27.27%  total_pnl=14.2 points
  [12sec] LONG  1:4  trades=11  hit_rate=27.27%  total_pnl=20.7 points
  [12sec] LONG  1:2  trades=3  hit_rate=33.33%  total_pnl=7.55 points
  [12sec] LONG  1:3  trades=3  hit_rate=33.33%  total_pnl=11.4 points
  [12sec] LONG  1:4  trades=3  hit_rate=33.33%  total_pnl=15.25 points
  [12sec] LONG  1:2  trades=9  hit_rate=22.22%  total_pnl=3.55 points
  [12sec] LONG  1:3  trades=9  hit_rate=22.22%  total_pnl=7.85 points
  [12sec] LONG  1:4  trades=9  hit_rate=22.22%  total_pnl=12.15 points
  [12sec] LONG  1:2  trades=3  hit_rate=33.33%  total_pnl=7.55 points
  [12sec] LONG  1:3  trades=3  hit_rate=33.33%  total_pnl=11.4 points
  [12sec] LONG  1:4  trades=3  hit_rate=33.33%  total_pnl=15.25 points
  [12sec] LONG  1:2  trades=11  hit_rate=27.27%  total_pnl=7.7 points
  [12sec] LONG  1:3  trades=11  hit_rate=27.27%  total_pnl=14.2 points
  [12sec] LONG  1:4  trades=11  hit_rate=27.27%  total_pnl=20.7 points
  [12sec] LONG  1:2  trades=3  hit_rate=33.33%  total_pnl=7.55 points
  [12sec] LONG  1:3  trades=3  hit_rate=33.33%  total_pnl=11.4 points
  [12sec] LONG  1:4  trades=3  hit_rate=33.33%  total_pnl=15.25 points
  [12sec] LONG  1:2  trades=9  hit_rate=22.22%  total_pnl=3.55 points
  [12sec] LONG  1:3  trades=9  hit_rate=22.22%  total_pnl=7.85 points
  [12sec] LONG  1:4  trades=9  hit_rate=22.22%  total_pnl=12.15 points
  [12sec] LONG  1:2  trades=3  hit_rate=33.33%  total_pnl=7.55 points
  [12sec] LONG  1:3  trades=3  hit_rate=33.33%  total_pnl=11.4 points
  [12sec] LONG  1:4  trades=3  hit_rate=33.33%  total_pnl=15.25 points
  [12sec] LONG  1:2  trades=11  hit_rate=27.27%  total_pnl=7.7 points
  [12sec] LONG  1:3  trades=11  hit_rate=27.27%  total_pnl=14.2 points
  [12sec] LONG  1:4  trades=11  hit_rate=27.27%  total_pnl=20.7 points
  [12sec] LONG  1:2  trades=3  hit_rate=33.33%  total_pnl=7.55 points
  [12sec] LONG  1:3  trades=3  hit_rate=33.33%  total_pnl=11.4 points
  [12sec] LONG  1:4  trades=3  hit_rate=33.33%  total_pnl=15.25 points
  [12sec] LONG  1:2  trades=9  hit_rate=22.22%  total_pnl=3.55 points
  [12sec] LONG  1:3  trades=9  hit_rate=22.22%  total_pnl=7.85 points
  [12sec] LONG  1:4  trades=9  hit_rate=22.22%  total_pnl=12.15 points
  [12sec] LONG  1:2  trades=3  hit_rate=33.33%  total_pnl=7.55 points
  [12sec] LONG  1:3  trades=3  hit_rate=33.33%  total_pnl=11.4 points
  [12sec] LONG  1:4  trades=3  hit_rate=33.33%  total_pnl=15.25 points
  [12sec] LONG  1:2  trades=11  hit_rate=27.27%  total_pnl=7.7 points
  [12sec] LONG  1:3  trades=11  hit_rate=27.27%  total_pnl=14.2 points
  [12sec] LONG  1:4  trades=11  hit_rate=27.27%  total_pnl=20.7 points
  [12sec] LONG  1:2  trades=3  hit_rate=33.33%  total_pnl=7.55 points
  [12sec] LONG  1:3  trades=3  hit_rate=33.33%  total_pnl=11.4 points
  [12sec] LONG  1:4  trades=3  hit_rate=33.33%  total_pnl=15.25 points
  [12sec] LONG  1:2  trades=9  hit_rate=22.22%  total_pnl=3.55 points
  [12sec] LONG  1:3  trades=9  hit_rate=22.22%  total_pnl=7.85 points
  [12sec] LONG  1:4  trades=9  hit_rate=22.22%  total_pnl=12.15 points
  [12sec] LONG  1:2  trades=3  hit_rate=33.33%  total_pnl=7.55 points
  [12sec] LONG  1:3  trades=3  hit_rate=33.33%  total_pnl=11.4 points
  [12sec] LONG  1:4  trades=3  hit_rate=33.33%  total_pnl=15.25 points
  [12sec] LONG  1:2  trades=11  hit_rate=27.27%  total_pnl=7.7 points
  [12sec] LONG  1:3  trades=11  hit_rate=27.27%  total_pnl=14.2 points
  [12sec] LONG  1:4  trades=11  hit_rate=27.27%  total_pnl=20.7 points
  [12sec] LONG  1:2  trades=3  hit_rate=33.33%  total_pnl=7.55 points
  [12sec] LONG  1:3  trades=3  hit_rate=33.33%  total_pnl=11.4 points
  [12sec] LONG  1:4  trades=3  hit_rate=33.33%  total_pnl=15.25 points
  [12sec] LONG  1:2  trades=9  hit_rate=22.22%  total_pnl=3.55 points
  [12sec] LONG  1:3  trades=9  hit_rate=22.22%  total_pnl=7.85 points
  [12sec] LONG  1:4  trades=9  hit_rate=22.22%  total_pnl=12.15 points
  [12sec] LONG  1:2  trades=3  hit_rate=33.33%  total_pnl=7.55 points
  [12sec] LONG  1:3  trades=3  hit_rate=33.33%  total_pnl=11.4 points
  [12sec] LONG  1:4  trades=3  hit_rate=33.33%  total_pnl=15.25 points
  [12sec] LONG  1:2  trades=11  hit_rate=27.27%  total_pnl=7.7 points
  [12sec] LONG  1:3  trades=11  hit_rate=27.27%  total_pnl=14.2 points
  [12sec] LONG  1:4  trades=11  hit_rate=27.27%  total_pnl=20.7 points
  [12sec] LONG  1:2  trades=3  hit_rate=33.33%  total_pnl=7.55 points
  [12sec] LONG  1:3  trades=3  hit_rate=33.33%  total_pnl=11.4 points
  [12sec] LONG  1:4  trades=3  hit_rate=33.33%  total_pnl=15.25 points
  [12sec] LONG  1:2  trades=9  hit_rate=22.22%  total_pnl=3.55 points
  [12sec] LONG  1:3  trades=9  hit_rate=22.22%  total_pnl=7.85 points
  [12sec] LONG  1:4  trades=9  hit_rate=22.22%  total_pnl=12.15 points
  [12sec] LONG  1:2  trades=3  hit_rate=33.33%  total_pnl=7.55 points
  [12sec] LONG  1:3  trades=3  hit_rate=33.33%  total_pnl=11.4 points
  [12sec] LONG  1:4  trades=3  hit_rate=33.33%  total_pnl=15.25 points
  [12sec] LONG  1:2  trades=10  hit_rate=20.0%  total_pnl=0.0 points
  [12sec] LONG  1:3  trades=10  hit_rate=20.0%  total_pnl=2.65 points
  [12sec] LONG  1:4  trades=10  hit_rate=20.0%  total_pnl=5.3 points
  [12sec] LONG  1:2  trades=2  hit_rate=0.0%  total_pnl=-0.15 points
  [12sec] LONG  1:3  trades=2  hit_rate=0.0%  total_pnl=-0.15 points
  [12sec] LONG  1:4  trades=2  hit_rate=0.0%  total_pnl=-0.15 points
  [12sec] LONG  1:2  trades=8  hit_rate=12.5%  total_pnl=-4.15 points
  [12sec] LONG  1:3  trades=8  hit_rate=12.5%  total_pnl=-3.7 points
  [12sec] LONG  1:4  trades=8  hit_rate=12.5%  total_pnl=-3.25 points
  [12sec] LONG  1:2  trades=2  hit_rate=0.0%  total_pnl=-0.15 points
  [12sec] LONG  1:3  trades=2  hit_rate=0.0%  total_pnl=-0.15 points
  [12sec] LONG  1:4  trades=2  hit_rate=0.0%  total_pnl=-0.15 points
  [12sec] LONG  1:2  trades=10  hit_rate=20.0%  total_pnl=0.0 points
  [12sec] LONG  1:3  trades=10  hit_rate=20.0%  total_pnl=2.65 points
  [12sec] LONG  1:4  trades=10  hit_rate=20.0%  total_pnl=5.3 points
  [12sec] LONG  1:2  trades=2  hit_rate=0.0%  total_pnl=-0.15 points
  [12sec] LONG  1:3  trades=2  hit_rate=0.0%  total_pnl=-0.15 points
  [12sec] LONG  1:4  trades=2  hit_rate=0.0%  total_pnl=-0.15 points
  [12sec] LONG  1:2  trades=8  hit_rate=12.5%  total_pnl=-4.15 points
  [12sec] LONG  1:3  trades=8  hit_rate=12.5%  total_pnl=-3.7 points
  [12sec] LONG  1:4  trades=8  hit_rate=12.5%  total_pnl=-3.25 points
  [12sec] LONG  1:2  trades=2  hit_rate=0.0%  total_pnl=-0.15 points
  [12sec] LONG  1:3  trades=2  hit_rate=0.0%  total_pnl=-0.15 points
  [12sec] LONG  1:4  trades=2  hit_rate=0.0%  total_pnl=-0.15 points
  [12sec] LONG  1:2  trades=10  hit_rate=20.0%  total_pnl=0.0 points
  [12sec] LONG  1:3  trades=10  hit_rate=20.0%  total_pnl=2.65 points
  [12sec] LONG  1:4  trades=10  hit_rate=20.0%  total_pnl=5.3 points
  [12sec] LONG  1:2  trades=2  hit_rate=0.0%  total_pnl=-0.15 points
  [12sec] LONG  1:3  trades=2  hit_rate=0.0%  total_pnl=-0.15 points
  [12sec] LONG  1:4  trades=2  hit_rate=0.0%  total_pnl=-0.15 points
  [12sec] LONG  1:2  trades=8  hit_rate=12.5%  total_pnl=-4.15 points
  [12sec] LONG  1:3  trades=8  hit_rate=12.5%  total_pnl=-3.7 points
  [12sec] LONG  1:4  trades=8  hit_rate=12.5%  total_pnl=-3.25 points
  [12sec] LONG  1:2  trades=2  hit_rate=0.0%  total_pnl=-0.15 points
  [12sec] LONG  1:3  trades=2  hit_rate=0.0%  total_pnl=-0.15 points
  [12sec] LONG  1:4  trades=2  hit_rate=0.0%  total_pnl=-0.15 points
  [12sec] LONG  1:2  trades=10  hit_rate=20.0%  total_pnl=0.0 points
  [12sec] LONG  1:3  trades=10  hit_rate=20.0%  total_pnl=2.65 points
  [12sec] LONG  1:4  trades=10  hit_rate=20.0%  total_pnl=5.3 points
  [12sec] LONG  1:2  trades=2  hit_rate=0.0%  total_pnl=-0.15 points
  [12sec] LONG  1:3  trades=2  hit_rate=0.0%  total_pnl=-0.15 points
  [12sec] LONG  1:4  trades=2  hit_rate=0.0%  total_pnl=-0.15 points
  [12sec] LONG  1:2  trades=8  hit_rate=12.5%  total_pnl=-4.15 points
  [12sec] LONG  1:3  trades=8  hit_rate=12.5%  total_pnl=-3.7 points
  [12sec] LONG  1:4  trades=8  hit_rate=12.5%  total_pnl=-3.25 points
  [12sec] LONG  1:2  trades=2  hit_rate=0.0%  total_pnl=-0.15 points
  [12sec] LONG  1:3  trades=2  hit_rate=0.0%  total_pnl=-0.15 points
  [12sec] LONG  1:4  trades=2  hit_rate=0.0%  total_pnl=-0.15 points
  [12sec] LONG  1:2  trades=10  hit_rate=20.0%  total_pnl=0.0 points
  [12sec] LONG  1:3  trades=10  hit_rate=20.0%  total_pnl=2.65 points
  [12sec] LONG  1:4  trades=10  hit_rate=20.0%  total_pnl=5.3 points
  [12sec] LONG  1:2  trades=2  hit_rate=0.0%  total_pnl=-0.15 points
  [12sec] LONG  1:3  trades=2  hit_rate=0.0%  total_pnl=-0.15 points
  [12sec] LONG  1:4  trades=2  hit_rate=0.0%  total_pnl=-0.15 points
  [12sec] LONG  1:2  trades=8  hit_rate=12.5%  total_pnl=-4.15 points
  [12sec] LONG  1:3  trades=8  hit_rate=12.5%  total_pnl=-3.7 points
  [12sec] LONG  1:4  trades=8  hit_rate=12.5%  total_pnl=-3.25 points
  [12sec] LONG  1:2  trades=2  hit_rate=0.0%  total_pnl=-0.15 points
  [12sec] LONG  1:3  trades=2  hit_rate=0.0%  total_pnl=-0.15 points
  [12sec] LONG  1:4  trades=2  hit_rate=0.0%  total_pnl=-0.15 points
  [12sec] LONG  1:2  trades=10  hit_rate=20.0%  total_pnl=0.0 points
  [12sec] LONG  1:3  trades=10  hit_rate=20.0%  total_pnl=2.65 points
  [12sec] LONG  1:4  trades=10  hit_rate=20.0%  total_pnl=5.3 points
  [12sec] LONG  1:2  trades=2  hit_rate=0.0%  total_pnl=-0.15 points
  [12sec] LONG  1:3  trades=2  hit_rate=0.0%  total_pnl=-0.15 points
  [12sec] LONG  1:4  trades=2  hit_rate=0.0%  total_pnl=-0.15 points
  [12sec] LONG  1:2  trades=8  hit_rate=12.5%  total_pnl=-4.15 points
  [12sec] LONG  1:3  trades=8  hit_rate=12.5%  total_pnl=-3.7 points
  [12sec] LONG  1:4  trades=8  hit_rate=12.5%  total_pnl=-3.25 points
  [12sec] LONG  1:2  trades=2  hit_rate=0.0%  total_pnl=-0.15 points
  [12sec] LONG  1:3  trades=2  hit_rate=0.0%  total_pnl=-0.15 points
  [12sec] LONG  1:4  trades=2  hit_rate=0.0%  total_pnl=-0.15 points
  [12sec] LONG  1:2  trades=10  hit_rate=20.0%  total_pnl=0.0 points
  [12sec] LONG  1:3  trades=10  hit_rate=20.0%  total_pnl=2.65 points
  [12sec] LONG  1:4  trades=10  hit_rate=20.0%  total_pnl=5.3 points
  [12sec] LONG  1:2  trades=2  hit_rate=0.0%  total_pnl=-0.15 points
  [12sec] LONG  1:3  trades=2  hit_rate=0.0%  total_pnl=-0.15 points
  [12sec] LONG  1:4  trades=2  hit_rate=0.0%  total_pnl=-0.15 points
  [12sec] LONG  1:2  trades=8  hit_rate=12.5%  total_pnl=-4.15 points
  [12sec] LONG  1:3  trades=8  hit_rate=12.5%  total_pnl=-3.7 points
  [12sec] LONG  1:4  trades=8  hit_rate=12.5%  total_pnl=-3.25 points
  [12sec] LONG  1:2  trades=2  hit_rate=0.0%  total_pnl=-0.15 points
  [12sec] LONG  1:3  trades=2  hit_rate=0.0%  total_pnl=-0.15 points
  [12sec] LONG  1:4  trades=2  hit_rate=0.0%  total_pnl=-0.15 points
  [12sec] LONG  1:2  trades=10  hit_rate=20.0%  total_pnl=0.0 points
  [12sec] LONG  1:3  trades=10  hit_rate=20.0%  total_pnl=2.65 points
  [12sec] LONG  1:4  trades=10  hit_rate=20.0%  total_pnl=5.3 points
  [12sec] LONG  1:2  trades=2  hit_rate=0.0%  total_pnl=-0.15 points
  [12sec] LONG  1:3  trades=2  hit_rate=0.0%  total_pnl=-0.15 points
  [12sec] LONG  1:4  trades=2  hit_rate=0.0%  total_pnl=-0.15 points
  [12sec] LONG  1:2  trades=8  hit_rate=12.5%  total_pnl=-4.15 points
  [12sec] LONG  1:3  trades=8  hit_rate=12.5%  total_pnl=-3.7 points
  [12sec] LONG  1:4  trades=8  hit_rate=12.5%  total_pnl=-3.25 points
  [12sec] LONG  1:2  trades=2  hit_rate=0.0%  total_pnl=-0.15 points
  [12sec] LONG  1:3  trades=2  hit_rate=0.0%  total_pnl=-0.15 points
  [12sec] LONG  1:4  trades=2  hit_rate=0.0%  total_pnl=-0.15 points
  [12sec] LONG  1:2  trades=10  hit_rate=20.0%  total_pnl=0.0 points
  [12sec] LONG  1:3  trades=10  hit_rate=20.0%  total_pnl=2.65 points
  [12sec] LONG  1:4  trades=10  hit_rate=20.0%  total_pnl=5.3 points
  [12sec] LONG  1:2  trades=2  hit_rate=0.0%  total_pnl=-0.15 points
  [12sec] LONG  1:3  trades=2  hit_rate=0.0%  total_pnl=-0.15 points
  [12sec] LONG  1:4  trades=2  hit_rate=0.0%  total_pnl=-0.15 points
  [12sec] LONG  1:2  trades=8  hit_rate=12.5%  total_pnl=-4.15 points
  [12sec] LONG  1:3  trades=8  hit_rate=12.5%  total_pnl=-3.7 points
  [12sec] LONG  1:4  trades=8  hit_rate=12.5%  total_pnl=-3.25 points
  [12sec] LONG  1:2  trades=2  hit_rate=0.0%  total_pnl=-0.15 points
  [12sec] LONG  1:3  trades=2  hit_rate=0.0%  total_pnl=-0.15 points
  [12sec] LONG  1:4  trades=2  hit_rate=0.0%  total_pnl=-0.15 points
  [12sec] LONG  1:2  trades=8  hit_rate=25.0%  total_pnl=1.1 points
  [12sec] LONG  1:3  trades=8  hit_rate=25.0%  total_pnl=3.75 points
  [12sec] LONG  1:4  trades=8  hit_rate=25.0%  total_pnl=6.4 points
  [12sec] LONG  1:2  trades=1  hit_rate=0.0%  total_pnl=-0.05 points
  [12sec] LONG  1:3  trades=1  hit_rate=0.0%  total_pnl=-0.05 points
  [12sec] LONG  1:4  trades=1  hit_rate=0.0%  total_pnl=-0.05 points
  [12sec] LONG  1:2  trades=6  hit_rate=16.67%  total_pnl=-3.05 points
  [12sec] LONG  1:3  trades=6  hit_rate=16.67%  total_pnl=-2.6 points
  [12sec] LONG  1:4  trades=6  hit_rate=16.67%  total_pnl=-2.15 points
  [12sec] LONG  1:2  trades=1  hit_rate=0.0%  total_pnl=-0.05 points
  [12sec] LONG  1:3  trades=1  hit_rate=0.0%  total_pnl=-0.05 points
  [12sec] LONG  1:4  trades=1  hit_rate=0.0%  total_pnl=-0.05 points
  [12sec] LONG  1:2  trades=8  hit_rate=25.0%  total_pnl=1.1 points
  [12sec] LONG  1:3  trades=8  hit_rate=25.0%  total_pnl=3.75 points
  [12sec] LONG  1:4  trades=8  hit_rate=25.0%  total_pnl=6.4 points
  [12sec] LONG  1:2  trades=1  hit_rate=0.0%  total_pnl=-0.05 points
  [12sec] LONG  1:3  trades=1  hit_rate=0.0%  total_pnl=-0.05 points
  [12sec] LONG  1:4  trades=1  hit_rate=0.0%  total_pnl=-0.05 points
  [12sec] LONG  1:2  trades=6  hit_rate=16.67%  total_pnl=-3.05 points
  [12sec] LONG  1:3  trades=6  hit_rate=16.67%  total_pnl=-2.6 points
  [12sec] LONG  1:4  trades=6  hit_rate=16.67%  total_pnl=-2.15 points
  [12sec] LONG  1:2  trades=1  hit_rate=0.0%  total_pnl=-0.05 points
  [12sec] LONG  1:3  trades=1  hit_rate=0.0%  total_pnl=-0.05 points
  [12sec] LONG  1:4  trades=1  hit_rate=0.0%  total_pnl=-0.05 points
  [12sec] LONG  1:2  trades=7  hit_rate=14.29%  total_pnl=0.2 points
  [12sec] LONG  1:3  trades=7  hit_rate=14.29%  total_pnl=2.4 points
  [12sec] LONG  1:4  trades=7  hit_rate=14.29%  total_pnl=4.6 points
  [12sec] LONG  1:2  trades=1  hit_rate=0.0%  total_pnl=-0.05 points
  [12sec] LONG  1:3  trades=1  hit_rate=0.0%  total_pnl=-0.05 points
  [12sec] LONG  1:4  trades=1  hit_rate=0.0%  total_pnl=-0.05 points
  [12sec] LONG  1:2  trades=5  hit_rate=0.0%  total_pnl=-3.95 points
  [12sec] LONG  1:3  trades=5  hit_rate=0.0%  total_pnl=-3.95 points
  [12sec] LONG  1:4  trades=5  hit_rate=0.0%  total_pnl=-3.95 points
  [12sec] LONG  1:2  trades=1  hit_rate=0.0%  total_pnl=-0.05 points
  [12sec] LONG  1:3  trades=1  hit_rate=0.0%  total_pnl=-0.05 points
  [12sec] LONG  1:4  trades=1  hit_rate=0.0%  total_pnl=-0.05 points
  [12sec] LONG  1:2  trades=6  hit_rate=0.0%  total_pnl=-4.2 points
  [12sec] LONG  1:3  trades=6  hit_rate=0.0%  total_pnl=-4.2 points
  [12sec] LONG  1:4  trades=6  hit_rate=0.0%  total_pnl=-4.2 points
  [12sec] LONG  1:2  trades=1  hit_rate=0.0%  total_pnl=-0.05 points
  [12sec] LONG  1:3  trades=1  hit_rate=0.0%  total_pnl=-0.05 points
  [12sec] LONG  1:4  trades=1  hit_rate=0.0%  total_pnl=-0.05 points
  [12sec] LONG  1:2  trades=5  hit_rate=0.0%  total_pnl=-3.95 points
  [12sec] LONG  1:3  trades=5  hit_rate=0.0%  total_pnl=-3.95 points
  [12sec] LONG  1:4  trades=5  hit_rate=0.0%  total_pnl=-3.95 points
  [12sec] LONG  1:2  trades=1  hit_rate=0.0%  total_pnl=-0.05 points
  [12sec] LONG  1:3  trades=1  hit_rate=0.0%  total_pnl=-0.05 points
  [12sec] LONG  1:4  trades=1  hit_rate=0.0%  total_pnl=-0.05 points
  [12sec] LONG  1:2  trades=11  hit_rate=27.27%  total_pnl=7.7 points
  [12sec] LONG  1:3  trades=11  hit_rate=27.27%  total_pnl=14.2 points
  [12sec] LONG  1:4  trades=11  hit_rate=27.27%  total_pnl=20.7 points
  [12sec] LONG  1:2  trades=3  hit_rate=33.33%  total_pnl=7.55 points
  [12sec] LONG  1:3  trades=3  hit_rate=33.33%  total_pnl=11.4 points
  [12sec] LONG  1:4  trades=3  hit_rate=33.33%  total_pnl=15.25 points
  [12sec] LONG  1:2  trades=9  hit_rate=22.22%  total_pnl=3.55 points
  [12sec] LONG  1:3  trades=9  hit_rate=22.22%  total_pnl=7.85 points
  [12sec] LONG  1:4  trades=9  hit_rate=22.22%  total_pnl=12.15 points
  [12sec] LONG  1:2  trades=3  hit_rate=33.33%  total_pnl=7.55 points
  [12sec] LONG  1:3  trades=3  hit_rate=33.33%  total_pnl=11.4 points
  [12sec] LONG  1:4  trades=3  hit_rate=33.33%  total_pnl=15.25 points
  [12sec] LONG  1:2  trades=11  hit_rate=27.27%  total_pnl=7.7 points
  [12sec] LONG  1:3  trades=11  hit_rate=27.27%  total_pnl=14.2 points
  [12sec] LONG  1:4  trades=11  hit_rate=27.27%  total_pnl=20.7 points
  [12sec] LONG  1:2  trades=3  hit_rate=33.33%  total_pnl=7.55 points
  [12sec] LONG  1:3  trades=3  hit_rate=33.33%  total_pnl=11.4 points
  [12sec] LONG  1:4  trades=3  hit_rate=33.33%  total_pnl=15.25 points
  [12sec] LONG  1:2  trades=9  hit_rate=22.22%  total_pnl=3.55 points
  [12sec] LONG  1:3  trades=9  hit_rate=22.22%  total_pnl=7.85 points
  [12sec] LONG  1:4  trades=9  hit_rate=22.22%  total_pnl=12.15 points
  [12sec] LONG  1:2  trades=3  hit_rate=33.33%  total_pnl=7.55 points
  [12sec] LONG  1:3  trades=3  hit_rate=33.33%  total_pnl=11.4 points
  [12sec] LONG  1:4  trades=3  hit_rate=33.33%  total_pnl=15.25 points
  [12sec] LONG  1:2  trades=11  hit_rate=27.27%  total_pnl=7.7 points
  [12sec] LONG  1:3  trades=11  hit_rate=27.27%  total_pnl=14.2 points
  [12sec] LONG  1:4  trades=11  hit_rate=27.27%  total_pnl=20.7 points
  [12sec] LONG  1:2  trades=3  hit_rate=33.33%  total_pnl=7.55 points
  [12sec] LONG  1:3  trades=3  hit_rate=33.33%  total_pnl=11.4 points
  [12sec] LONG  1:4  trades=3  hit_rate=33.33%  total_pnl=15.25 points
  [12sec] LONG  1:2  trades=9  hit_rate=22.22%  total_pnl=3.55 points
  [12sec] LONG  1:3  trades=9  hit_rate=22.22%  total_pnl=7.85 points
  [12sec] LONG  1:4  trades=9  hit_rate=22.22%  total_pnl=12.15 points
  [12sec] LONG  1:2  trades=3  hit_rate=33.33%  total_pnl=7.55 points
  [12sec] LONG  1:3  trades=3  hit_rate=33.33%  total_pnl=11.4 points
  [12sec] LONG  1:4  trades=3  hit_rate=33.33%  total_pnl=15.25 points
  [12sec] LONG  1:2  trades=11  hit_rate=27.27%  total_pnl=7.7 points
  [12sec] LONG  1:3  trades=11  hit_rate=27.27%  total_pnl=14.2 points
  [12sec] LONG  1:4  trades=11  hit_rate=27.27%  total_pnl=20.7 points
  [12sec] LONG  1:2  trades=3  hit_rate=33.33%  total_pnl=7.55 points
  [12sec] LONG  1:3  trades=3  hit_rate=33.33%  total_pnl=11.4 points
  [12sec] LONG  1:4  trades=3  hit_rate=33.33%  total_pnl=15.25 points
  [12sec] LONG  1:2  trades=9  hit_rate=22.22%  total_pnl=3.55 points
  [12sec] LONG  1:3  trades=9  hit_rate=22.22%  total_pnl=7.85 points
  [12sec] LONG  1:4  trades=9  hit_rate=22.22%  total_pnl=12.15 points
  [12sec] LONG  1:2  trades=3  hit_rate=33.33%  total_pnl=7.55 points
  [12sec] LONG  1:3  trades=3  hit_rate=33.33%  total_pnl=11.4 points
  [12sec] LONG  1:4  trades=3  hit_rate=33.33%  total_pnl=15.25 points
  [12sec] LONG  1:2  trades=11  hit_rate=27.27%  total_pnl=7.7 points
  [12sec] LONG  1:3  trades=11  hit_rate=27.27%  total_pnl=14.2 points
  [12sec] LONG  1:4  trades=11  hit_rate=27.27%  total_pnl=20.7 points
  [12sec] LONG  1:2  trades=3  hit_rate=33.33%  total_pnl=7.55 points
  [12sec] LONG  1:3  trades=3  hit_rate=33.33%  total_pnl=11.4 points
  [12sec] LONG  1:4  trades=3  hit_rate=33.33%  total_pnl=15.25 points
  [12sec] LONG  1:2  trades=9  hit_rate=22.22%  total_pnl=3.55 points
  [12sec] LONG  1:3  trades=9  hit_rate=22.22%  total_pnl=7.85 points
  [12sec] LONG  1:4  trades=9  hit_rate=22.22%  total_pnl=12.15 points
  [12sec] LONG  1:2  trades=3  hit_rate=33.33%  total_pnl=7.55 points
  [12sec] LONG  1:3  trades=3  hit_rate=33.33%  total_pnl=11.4 points
  [12sec] LONG  1:4  trades=3  hit_rate=33.33%  total_pnl=15.25 points
  [12sec] LONG  1:2  trades=11  hit_rate=27.27%  total_pnl=7.7 points
  [12sec] LONG  1:3  trades=11  hit_rate=27.27%  total_pnl=14.2 points
  [12sec] LONG  1:4  trades=11  hit_rate=27.27%  total_pnl=20.7 points
  [12sec] LONG  1:2  trades=3  hit_rate=33.33%  total_pnl=7.55 points
  [12sec] LONG  1:3  trades=3  hit_rate=33.33%  total_pnl=11.4 points
  [12sec] LONG  1:4  trades=3  hit_rate=33.33%  total_pnl=15.25 points
  [12sec] LONG  1:2  trades=9  hit_rate=22.22%  total_pnl=3.55 points
  [12sec] LONG  1:3  trades=9  hit_rate=22.22%  total_pnl=7.85 points
  [12sec] LONG  1:4  trades=9  hit_rate=22.22%  total_pnl=12.15 points
  [12sec] LONG  1:2  trades=3  hit_rate=33.33%  total_pnl=7.55 points
  [12sec] LONG  1:3  trades=3  hit_rate=33.33%  total_pnl=11.4 points
  [12sec] LONG  1:4  trades=3  hit_rate=33.33%  total_pnl=15.25 points
  [12sec] LONG  1:2  trades=11  hit_rate=27.27%  total_pnl=7.7 points
  [12sec] LONG  1:3  trades=11  hit_rate=27.27%  total_pnl=14.2 points
  [12sec] LONG  1:4  trades=11  hit_rate=27.27%  total_pnl=20.7 points
  [12sec] LONG  1:2  trades=3  hit_rate=33.33%  total_pnl=7.55 points
  [12sec] LONG  1:3  trades=3  hit_rate=33.33%  total_pnl=11.4 points
  [12sec] LONG  1:4  trades=3  hit_rate=33.33%  total_pnl=15.25 points
  [12sec] LONG  1:2  trades=9  hit_rate=22.22%  total_pnl=3.55 points
  [12sec] LONG  1:3  trades=9  hit_rate=22.22%  total_pnl=7.85 points
  [12sec] LONG  1:4  trades=9  hit_rate=22.22%  total_pnl=12.15 points
  [12sec] LONG  1:2  trades=3  hit_rate=33.33%  total_pnl=7.55 points
  [12sec] LONG  1:3  trades=3  hit_rate=33.33%  total_pnl=11.4 points
  [12sec] LONG  1:4  trades=3  hit_rate=33.33%  total_pnl=15.25 points
  [12sec] LONG  1:2  trades=11  hit_rate=27.27%  total_pnl=7.7 points
  [12sec] LONG  1:3  trades=11  hit_rate=27.27%  total_pnl=14.2 points
  [12sec] LONG  1:4  trades=11  hit_rate=27.27%  total_pnl=20.7 points
  [12sec] LONG  1:2  trades=3  hit_rate=33.33%  total_pnl=7.55 points
  [12sec] LONG  1:3  trades=3  hit_rate=33.33%  total_pnl=11.4 points
  [12sec] LONG  1:4  trades=3  hit_rate=33.33%  total_pnl=15.25 points
  [12sec] LONG  1:2  trades=9  hit_rate=22.22%  total_pnl=3.55 points
  [12sec] LONG  1:3  trades=9  hit_rate=22.22%  total_pnl=7.85 points
  [12sec] LONG  1:4  trades=9  hit_rate=22.22%  total_pnl=12.15 points
  [12sec] LONG  1:2  trades=3  hit_rate=33.33%  total_pnl=7.55 points
  [12sec] LONG  1:3  trades=3  hit_rate=33.33%  total_pnl=11.4 points
  [12sec] LONG  1:4  trades=3  hit_rate=33.33%  total_pnl=15.25 points
  [12sec] LONG  1:2  trades=11  hit_rate=27.27%  total_pnl=7.7 points
  [12sec] LONG  1:3  trades=11  hit_rate=27.27%  total_pnl=14.2 points
  [12sec] LONG  1:4  trades=11  hit_rate=27.27%  total_pnl=20.7 points
  [12sec] LONG  1:2  trades=3  hit_rate=33.33%  total_pnl=7.55 points
  [12sec] LONG  1:3  trades=3  hit_rate=33.33%  total_pnl=11.4 points
  [12sec] LONG  1:4  trades=3  hit_rate=33.33%  total_pnl=15.25 points
  [12sec] LONG  1:2  trades=9  hit_rate=22.22%  total_pnl=3.55 points
  [12sec] LONG  1:3  trades=9  hit_rate=22.22%  total_pnl=7.85 points
  [12sec] LONG  1:4  trades=9  hit_rate=22.22%  total_pnl=12.15 points
  [12sec] LONG  1:2  trades=3  hit_rate=33.33%  total_pnl=7.55 points
  [12sec] LONG  1:3  trades=3  hit_rate=33.33%  total_pnl=11.4 points
  [12sec] LONG  1:4  trades=3  hit_rate=33.33%  total_pnl=15.25 points
  [12sec] LONG  1:2  trades=11  hit_rate=27.27%  total_pnl=7.7 points
  [12sec] LONG  1:3  trades=11  hit_rate=27.27%  total_pnl=14.2 points
  [12sec] LONG  1:4  trades=11  hit_rate=27.27%  total_pnl=20.7 points
  [12sec] LONG  1:2  trades=3  hit_rate=33.33%  total_pnl=7.55 points
  [12sec] LONG  1:3  trades=3  hit_rate=33.33%  total_pnl=11.4 points
  [12sec] LONG  1:4  trades=3  hit_rate=33.33%  total_pnl=15.25 points
  [12sec] LONG  1:2  trades=9  hit_rate=22.22%  total_pnl=3.55 points
  [12sec] LONG  1:3  trades=9  hit_rate=22.22%  total_pnl=7.85 points
  [12sec] LONG  1:4  trades=9  hit_rate=22.22%  total_pnl=12.15 points
  [12sec] LONG  1:2  trades=3  hit_rate=33.33%  total_pnl=7.55 points
  [12sec] LONG  1:3  trades=3  hit_rate=33.33%  total_pnl=11.4 points
  [12sec] LONG  1:4  trades=3  hit_rate=33.33%  total_pnl=15.25 points
  [12sec] LONG  1:2  trades=11  hit_rate=27.27%  total_pnl=7.7 points
  [12sec] LONG  1:3  trades=11  hit_rate=27.27%  total_pnl=14.2 points
  [12sec] LONG  1:4  trades=11  hit_rate=27.27%  total_pnl=20.7 points
  [12sec] LONG  1:2  trades=3  hit_rate=33.33%  total_pnl=7.55 points
  [12sec] LONG  1:3  trades=3  hit_rate=33.33%  total_pnl=11.4 points
  [12sec] LONG  1:4  trades=3  hit_rate=33.33%  total_pnl=15.25 points
  [12sec] LONG  1:2  trades=9  hit_rate=22.22%  total_pnl=3.55 points
  [12sec] LONG  1:3  trades=9  hit_rate=22.22%  total_pnl=7.85 points
  [12sec] LONG  1:4  trades=9  hit_rate=22.22%  total_pnl=12.15 points
  [12sec] LONG  1:2  trades=3  hit_rate=33.33%  total_pnl=7.55 points
  [12sec] LONG  1:3  trades=3  hit_rate=33.33%  total_pnl=11.4 points
  [12sec] LONG  1:4  trades=3  hit_rate=33.33%  total_pnl=15.25 points
  [12sec] LONG  1:2  trades=10  hit_rate=20.0%  total_pnl=0.0 points
  [12sec] LONG  1:3  trades=10  hit_rate=20.0%  total_pnl=2.65 points
  [12sec] LONG  1:4  trades=10  hit_rate=20.0%  total_pnl=5.3 points
  [12sec] LONG  1:2  trades=2  hit_rate=0.0%  total_pnl=-0.15 points
  [12sec] LONG  1:3  trades=2  hit_rate=0.0%  total_pnl=-0.15 points
  [12sec] LONG  1:4  trades=2  hit_rate=0.0%  total_pnl=-0.15 points
  [12sec] LONG  1:2  trades=8  hit_rate=12.5%  total_pnl=-4.15 points
  [12sec] LONG  1:3  trades=8  hit_rate=12.5%  total_pnl=-3.7 points
  [12sec] LONG  1:4  trades=8  hit_rate=12.5%  total_pnl=-3.25 points
  [12sec] LONG  1:2  trades=2  hit_rate=0.0%  total_pnl=-0.15 points
  [12sec] LONG  1:3  trades=2  hit_rate=0.0%  total_pnl=-0.15 points
  [12sec] LONG  1:4  trades=2  hit_rate=0.0%  total_pnl=-0.15 points
  [12sec] LONG  1:2  trades=10  hit_rate=20.0%  total_pnl=0.0 points
  [12sec] LONG  1:3  trades=10  hit_rate=20.0%  total_pnl=2.65 points
  [12sec] LONG  1:4  trades=10  hit_rate=20.0%  total_pnl=5.3 points
  [12sec] LONG  1:2  trades=2  hit_rate=0.0%  total_pnl=-0.15 points
  [12sec] LONG  1:3  trades=2  hit_rate=0.0%  total_pnl=-0.15 points
  [12sec] LONG  1:4  trades=2  hit_rate=0.0%  total_pnl=-0.15 points
  [12sec] LONG  1:2  trades=8  hit_rate=12.5%  total_pnl=-4.15 points
  [12sec] LONG  1:3  trades=8  hit_rate=12.5%  total_pnl=-3.7 points
  [12sec] LONG  1:4  trades=8  hit_rate=12.5%  total_pnl=-3.25 points
  [12sec] LONG  1:2  trades=2  hit_rate=0.0%  total_pnl=-0.15 points
  [12sec] LONG  1:3  trades=2  hit_rate=0.0%  total_pnl=-0.15 points
  [12sec] LONG  1:4  trades=2  hit_rate=0.0%  total_pnl=-0.15 points
  [12sec] LONG  1:2  trades=10  hit_rate=20.0%  total_pnl=0.0 points
  [12sec] LONG  1:3  trades=10  hit_rate=20.0%  total_pnl=2.65 points
  [12sec] LONG  1:4  trades=10  hit_rate=20.0%  total_pnl=5.3 points
  [12sec] LONG  1:2  trades=2  hit_rate=0.0%  total_pnl=-0.15 points
  [12sec] LONG  1:3  trades=2  hit_rate=0.0%  total_pnl=-0.15 points
  [12sec] LONG  1:4  trades=2  hit_rate=0.0%  total_pnl=-0.15 points
  [12sec] LONG  1:2  trades=8  hit_rate=12.5%  total_pnl=-4.15 points
  [12sec] LONG  1:3  trades=8  hit_rate=12.5%  total_pnl=-3.7 points
  [12sec] LONG  1:4  trades=8  hit_rate=12.5%  total_pnl=-3.25 points
  [12sec] LONG  1:2  trades=2  hit_rate=0.0%  total_pnl=-0.15 points
  [12sec] LONG  1:3  trades=2  hit_rate=0.0%  total_pnl=-0.15 points
  [12sec] LONG  1:4  trades=2  hit_rate=0.0%  total_pnl=-0.15 points
  [12sec] LONG  1:2  trades=10  hit_rate=20.0%  total_pnl=0.0 points
  [12sec] LONG  1:3  trades=10  hit_rate=20.0%  total_pnl=2.65 points
  [12sec] LONG  1:4  trades=10  hit_rate=20.0%  total_pnl=5.3 points
  [12sec] LONG  1:2  trades=2  hit_rate=0.0%  total_pnl=-0.15 points
  [12sec] LONG  1:3  trades=2  hit_rate=0.0%  total_pnl=-0.15 points
  [12sec] LONG  1:4  trades=2  hit_rate=0.0%  total_pnl=-0.15 points
  [12sec] LONG  1:2  trades=8  hit_rate=12.5%  total_pnl=-4.15 points
  [12sec] LONG  1:3  trades=8  hit_rate=12.5%  total_pnl=-3.7 points
  [12sec] LONG  1:4  trades=8  hit_rate=12.5%  total_pnl=-3.25 points
  [12sec] LONG  1:2  trades=2  hit_rate=0.0%  total_pnl=-0.15 points
  [12sec] LONG  1:3  trades=2  hit_rate=0.0%  total_pnl=-0.15 points
  [12sec] LONG  1:4  trades=2  hit_rate=0.0%  total_pnl=-0.15 points
  [12sec] LONG  1:2  trades=10  hit_rate=20.0%  total_pnl=0.0 points
  [12sec] LONG  1:3  trades=10  hit_rate=20.0%  total_pnl=2.65 points
  [12sec] LONG  1:4  trades=10  hit_rate=20.0%  total_pnl=5.3 points
  [12sec] LONG  1:2  trades=2  hit_rate=0.0%  total_pnl=-0.15 points
  [12sec] LONG  1:3  trades=2  hit_rate=0.0%  total_pnl=-0.15 points
  [12sec] LONG  1:4  trades=2  hit_rate=0.0%  total_pnl=-0.15 points
  [12sec] LONG  1:2  trades=8  hit_rate=12.5%  total_pnl=-4.15 points
  [12sec] LONG  1:3  trades=8  hit_rate=12.5%  total_pnl=-3.7 points
  [12sec] LONG  1:4  trades=8  hit_rate=12.5%  total_pnl=-3.25 points
  [12sec] LONG  1:2  trades=2  hit_rate=0.0%  total_pnl=-0.15 points
  [12sec] LONG  1:3  trades=2  hit_rate=0.0%  total_pnl=-0.15 points
  [12sec] LONG  1:4  trades=2  hit_rate=0.0%  total_pnl=-0.15 points
  [12sec] LONG  1:2  trades=10  hit_rate=20.0%  total_pnl=0.0 points
  [12sec] LONG  1:3  trades=10  hit_rate=20.0%  total_pnl=2.65 points
  [12sec] LONG  1:4  trades=10  hit_rate=20.0%  total_pnl=5.3 points
  [12sec] LONG  1:2  trades=2  hit_rate=0.0%  total_pnl=-0.15 points
  [12sec] LONG  1:3  trades=2  hit_rate=0.0%  total_pnl=-0.15 points
  [12sec] LONG  1:4  trades=2  hit_rate=0.0%  total_pnl=-0.15 points
  [12sec] LONG  1:2  trades=8  hit_rate=12.5%  total_pnl=-4.15 points
  [12sec] LONG  1:3  trades=8  hit_rate=12.5%  total_pnl=-3.7 points
  [12sec] LONG  1:4  trades=8  hit_rate=12.5%  total_pnl=-3.25 points
  [12sec] LONG  1:2  trades=2  hit_rate=0.0%  total_pnl=-0.15 points
  [12sec] LONG  1:3  trades=2  hit_rate=0.0%  total_pnl=-0.15 points
  [12sec] LONG  1:4  trades=2  hit_rate=0.0%  total_pnl=-0.15 points
  [12sec] LONG  1:2  trades=10  hit_rate=20.0%  total_pnl=0.0 points
  [12sec] LONG  1:3  trades=10  hit_rate=20.0%  total_pnl=2.65 points
  [12sec] LONG  1:4  trades=10  hit_rate=20.0%  total_pnl=5.3 points
  [12sec] LONG  1:2  trades=2  hit_rate=0.0%  total_pnl=-0.15 points
  [12sec] LONG  1:3  trades=2  hit_rate=0.0%  total_pnl=-0.15 points
  [12sec] LONG  1:4  trades=2  hit_rate=0.0%  total_pnl=-0.15 points
  [12sec] LONG  1:2  trades=8  hit_rate=12.5%  total_pnl=-4.15 points
  [12sec] LONG  1:3  trades=8  hit_rate=12.5%  total_pnl=-3.7 points
  [12sec] LONG  1:4  trades=8  hit_rate=12.5%  total_pnl=-3.25 points
  [12sec] LONG  1:2  trades=2  hit_rate=0.0%  total_pnl=-0.15 points
  [12sec] LONG  1:3  trades=2  hit_rate=0.0%  total_pnl=-0.15 points
  [12sec] LONG  1:4  trades=2  hit_rate=0.0%  total_pnl=-0.15 points
  [12sec] LONG  1:2  trades=10  hit_rate=20.0%  total_pnl=0.0 points
  [12sec] LONG  1:3  trades=10  hit_rate=20.0%  total_pnl=2.65 points
  [12sec] LONG  1:4  trades=10  hit_rate=20.0%  total_pnl=5.3 points
  [12sec] LONG  1:2  trades=2  hit_rate=0.0%  total_pnl=-0.15 points
  [12sec] LONG  1:3  trades=2  hit_rate=0.0%  total_pnl=-0.15 points
  [12sec] LONG  1:4  trades=2  hit_rate=0.0%  total_pnl=-0.15 points
  [12sec] LONG  1:2  trades=8  hit_rate=12.5%  total_pnl=-4.15 points
  [12sec] LONG  1:3  trades=8  hit_rate=12.5%  total_pnl=-3.7 points
  [12sec] LONG  1:4  trades=8  hit_rate=12.5%  total_pnl=-3.25 points
  [12sec] LONG  1:2  trades=2  hit_rate=0.0%  total_pnl=-0.15 points
  [12sec] LONG  1:3  trades=2  hit_rate=0.0%  total_pnl=-0.15 points
  [12sec] LONG  1:4  trades=2  hit_rate=0.0%  total_pnl=-0.15 points
  [12sec] LONG  1:2  trades=10  hit_rate=20.0%  total_pnl=0.0 points
  [12sec] LONG  1:3  trades=10  hit_rate=20.0%  total_pnl=2.65 points
  [12sec] LONG  1:4  trades=10  hit_rate=20.0%  total_pnl=5.3 points
  [12sec] LONG  1:2  trades=2  hit_rate=0.0%  total_pnl=-0.15 points
  [12sec] LONG  1:3  trades=2  hit_rate=0.0%  total_pnl=-0.15 points
  [12sec] LONG  1:4  trades=2  hit_rate=0.0%  total_pnl=-0.15 points
  [12sec] LONG  1:2  trades=8  hit_rate=12.5%  total_pnl=-4.15 points
  [12sec] LONG  1:3  trades=8  hit_rate=12.5%  total_pnl=-3.7 points
  [12sec] LONG  1:4  trades=8  hit_rate=12.5%  total_pnl=-3.25 points
  [12sec] LONG  1:2  trades=2  hit_rate=0.0%  total_pnl=-0.15 points
  [12sec] LONG  1:3  trades=2  hit_rate=0.0%  total_pnl=-0.15 points
  [12sec] LONG  1:4  trades=2  hit_rate=0.0%  total_pnl=-0.15 points
  [1min] LONG  1:2  trades=2  hit_rate=0.0%  total_pnl=-4.0 points
  [1min] LONG  1:3  trades=2  hit_rate=0.0%  total_pnl=-4.0 points
  [1min] LONG  1:4  trades=2  hit_rate=0.0%  total_pnl=-4.0 points
  [1min] LONG  1:2  trades=2  hit_rate=0.0%  total_pnl=-4.0 points
  [1min] LONG  1:3  trades=2  hit_rate=0.0%  total_pnl=-4.0 points
  [1min] LONG  1:4  trades=2  hit_rate=0.0%  total_pnl=-4.0 points
  [1min] LONG  1:2  trades=2  hit_rate=0.0%  total_pnl=-4.0 points
  [1min] LONG  1:3  trades=2  hit_rate=0.0%  total_pnl=-4.0 points
  [1min] LONG  1:4  trades=2  hit_rate=0.0%  total_pnl=-4.0 points
  [1min] LONG  1:2  trades=2  hit_rate=0.0%  total_pnl=-4.0 points
  [1min] LONG  1:3  trades=2  hit_rate=0.0%  total_pnl=-4.0 points
  [1min] LONG  1:4  trades=2  hit_rate=0.0%  total_pnl=-4.0 points
  [1min] LONG  1:2  trades=2  hit_rate=0.0%  total_pnl=-4.0 points
  [1min] LONG  1:3  trades=2  hit_rate=0.0%  total_pnl=-4.0 points
  [1min] LONG  1:4  trades=2  hit_rate=0.0%  total_pnl=-4.0 points
  [1min] LONG  1:2  trades=2  hit_rate=0.0%  total_pnl=-4.0 points
  [1min] LONG  1:3  trades=2  hit_rate=0.0%  total_pnl=-4.0 points
  [1min] LONG  1:4  trades=2  hit_rate=0.0%  total_pnl=-4.0 points
  [1min] LONG  1:2  trades=2  hit_rate=0.0%  total_pnl=-4.0 points
  [1min] LONG  1:3  trades=2  hit_rate=0.0%  total_pnl=-4.0 points
  [1min] LONG  1:4  trades=2  hit_rate=0.0%  total_pnl=-4.0 points
  [1min] LONG  1:2  trades=2  hit_rate=0.0%  total_pnl=-4.0 points
  [1min] LONG  1:3  trades=2  hit_rate=0.0%  total_pnl=-4.0 points
  [1min] LONG  1:4  trades=2  hit_rate=0.0%  total_pnl=-4.0 points
  [1min] LONG  1:2  trades=2  hit_rate=0.0%  total_pnl=-4.0 points
  [1min] LONG  1:3  trades=2  hit_rate=0.0%  total_pnl=-4.0 points
  [1min] LONG  1:4  trades=2  hit_rate=0.0%  total_pnl=-4.0 points
  [1min] LONG  1:2  trades=2  hit_rate=0.0%  total_pnl=-4.0 points
  [1min] LONG  1:3  trades=2  hit_rate=0.0%  total_pnl=-4.0 points
  [1min] LONG  1:4  trades=2  hit_rate=0.0%  total_pnl=-4.0 points
  [1min] LONG  1:2  trades=2  hit_rate=0.0%  total_pnl=-4.0 points
  [1min] LONG  1:3  trades=2  hit_rate=0.0%  total_pnl=-4.0 points
  [1min] LONG  1:4  trades=2  hit_rate=0.0%  total_pnl=-4.0 points
  [1min] LONG  1:2  trades=2  hit_rate=0.0%  total_pnl=-4.0 points
  [1min] LONG  1:3  trades=2  hit_rate=0.0%  total_pnl=-4.0 points
  [1min] LONG  1:4  trades=2  hit_rate=0.0%  total_pnl=-4.0 points
  [1min] LONG  1:2  trades=1  hit_rate=0.0%  total_pnl=-2.5 points
  [1min] LONG  1:3  trades=1  hit_rate=0.0%  total_pnl=-2.5 points
  [1min] LONG  1:4  trades=1  hit_rate=0.0%  total_pnl=-2.5 points
  [1min] LONG  1:2  trades=2  hit_rate=0.0%  total_pnl=-4.0 points
  [1min] LONG  1:3  trades=2  hit_rate=0.0%  total_pnl=-4.0 points
  [1min] LONG  1:4  trades=2  hit_rate=0.0%  total_pnl=-4.0 points
  [1min] LONG  1:2  trades=2  hit_rate=0.0%  total_pnl=-4.0 points
  [1min] LONG  1:3  trades=2  hit_rate=0.0%  total_pnl=-4.0 points
  [1min] LONG  1:4  trades=2  hit_rate=0.0%  total_pnl=-4.0 points
  [1min] LONG  1:2  trades=2  hit_rate=0.0%  total_pnl=-4.0 points
  [1min] LONG  1:3  trades=2  hit_rate=0.0%  total_pnl=-4.0 points
  [1min] LONG  1:4  trades=2  hit_rate=0.0%  total_pnl=-4.0 points
  [1min] LONG  1:2  trades=2  hit_rate=0.0%  total_pnl=-4.0 points
  [1min] LONG  1:3  trades=2  hit_rate=0.0%  total_pnl=-4.0 points
  [1min] LONG  1:4  trades=2  hit_rate=0.0%  total_pnl=-4.0 points
  [1min] LONG  1:2  trades=2  hit_rate=0.0%  total_pnl=-4.0 points
  [1min] LONG  1:3  trades=2  hit_rate=0.0%  total_pnl=-4.0 points
  [1min] LONG  1:4  trades=2  hit_rate=0.0%  total_pnl=-4.0 points
  [1min] LONG  1:2  trades=2  hit_rate=0.0%  total_pnl=-4.0 points
  [1min] LONG  1:3  trades=2  hit_rate=0.0%  total_pnl=-4.0 points
  [1min] LONG  1:4  trades=2  hit_rate=0.0%  total_pnl=-4.0 points
  [1min] LONG  1:2  trades=2  hit_rate=0.0%  total_pnl=-4.0 points
  [1min] LONG  1:3  trades=2  hit_rate=0.0%  total_pnl=-4.0 points
  [1min] LONG  1:4  trades=2  hit_rate=0.0%  total_pnl=-4.0 points
  [1min] LONG  1:2  trades=2  hit_rate=0.0%  total_pnl=-4.0 points
  [1min] LONG  1:3  trades=2  hit_rate=0.0%  total_pnl=-4.0 points
  [1min] LONG  1:4  trades=2  hit_rate=0.0%  total_pnl=-4.0 points
  [1min] LONG  1:2  trades=2  hit_rate=0.0%  total_pnl=-4.0 points
  [1min] LONG  1:3  trades=2  hit_rate=0.0%  total_pnl=-4.0 points
  [1min] LONG  1:4  trades=2  hit_rate=0.0%  total_pnl=-4.0 points
  [1min] LONG  1:2  trades=1  hit_rate=0.0%  total_pnl=-2.5 points
  [1min] LONG  1:3  trades=1  hit_rate=0.0%  total_pnl=-2.5 points
  [1min] LONG  1:4  trades=1  hit_rate=0.0%  total_pnl=-2.5 points
  [3min] LONG  1:2  trades=2  hit_rate=0.0%  total_pnl=-17.35 points
  [3min] LONG  1:3  trades=2  hit_rate=0.0%  total_pnl=-17.35 points
  [3min] LONG  1:4  trades=2  hit_rate=0.0%  total_pnl=-17.35 points
  [3min] LONG  1:2  trades=2  hit_rate=0.0%  total_pnl=-17.35 points
  [3min] LONG  1:3  trades=2  hit_rate=0.0%  total_pnl=-17.35 points
  [3min] LONG  1:4  trades=2  hit_rate=0.0%  total_pnl=-17.35 points
  [3min] LONG  1:2  trades=2  hit_rate=0.0%  total_pnl=-17.35 points
  [3min] LONG  1:3  trades=2  hit_rate=0.0%  total_pnl=-17.35 points
  [3min] LONG  1:4  trades=2  hit_rate=0.0%  total_pnl=-17.35 points
  [3min] LONG  1:2  trades=2  hit_rate=0.0%  total_pnl=-17.35 points
  [3min] LONG  1:3  trades=2  hit_rate=0.0%  total_pnl=-17.35 points
  [3min] LONG  1:4  trades=2  hit_rate=0.0%  total_pnl=-17.35 points
  [3min] LONG  1:2  trades=2  hit_rate=0.0%  total_pnl=-17.35 points
  [3min] LONG  1:3  trades=2  hit_rate=0.0%  total_pnl=-17.35 points
  [3min] LONG  1:4  trades=2  hit_rate=0.0%  total_pnl=-17.35 points
  [3min] LONG  1:2  trades=2  hit_rate=0.0%  total_pnl=-17.35 points
  [3min] LONG  1:3  trades=2  hit_rate=0.0%  total_pnl=-17.35 points
  [3min] LONG  1:4  trades=2  hit_rate=0.0%  total_pnl=-17.35 points
  [3min] LONG  1:2  trades=1  hit_rate=0.0%  total_pnl=-16.75 points
  [3min] LONG  1:3  trades=1  hit_rate=0.0%  total_pnl=-16.75 points
  [3min] LONG  1:4  trades=1  hit_rate=0.0%  total_pnl=-16.75 points
  [3min] LONG  1:2  trades=1  hit_rate=0.0%  total_pnl=-16.75 points
  [3min] LONG  1:3  trades=1  hit_rate=0.0%  total_pnl=-16.75 points
  [3min] LONG  1:4  trades=1  hit_rate=0.0%  total_pnl=-16.75 points
  [3min] LONG  1:2  trades=2  hit_rate=0.0%  total_pnl=-17.35 points
  [3min] LONG  1:3  trades=2  hit_rate=0.0%  total_pnl=-17.35 points
  [3min] LONG  1:4  trades=2  hit_rate=0.0%  total_pnl=-17.35 points
  [3min] LONG  1:2  trades=2  hit_rate=0.0%  total_pnl=-17.35 points
  [3min] LONG  1:3  trades=2  hit_rate=0.0%  total_pnl=-17.35 points
  [3min] LONG  1:4  trades=2  hit_rate=0.0%  total_pnl=-17.35 points
  [3min] LONG  1:2  trades=2  hit_rate=0.0%  total_pnl=-17.35 points
  [3min] LONG  1:3  trades=2  hit_rate=0.0%  total_pnl=-17.35 points
  [3min] LONG  1:4  trades=2  hit_rate=0.0%  total_pnl=-17.35 points
  [3min] LONG  1:2  trades=2  hit_rate=0.0%  total_pnl=-17.35 points
  [3min] LONG  1:3  trades=2  hit_rate=0.0%  total_pnl=-17.35 points
  [3min] LONG  1:4  trades=2  hit_rate=0.0%  total_pnl=-17.35 points
  [3min] LONG  1:2  trades=1  hit_rate=0.0%  total_pnl=-16.75 points
  [3min] LONG  1:3  trades=1  hit_rate=0.0%  total_pnl=-16.75 points
  [3min] LONG  1:4  trades=1  hit_rate=0.0%  total_pnl=-16.75 points
  [3min] LONG  1:2  trades=1  hit_rate=0.0%  total_pnl=-16.75 points
  [3min] LONG  1:3  trades=1  hit_rate=0.0%  total_pnl=-16.75 points
  [3min] LONG  1:4  trades=1  hit_rate=0.0%  total_pnl=-16.75 points
  [3min] LONG  1:2  trades=1  hit_rate=0.0%  total_pnl=-16.75 points
  [3min] LONG  1:3  trades=1  hit_rate=0.0%  total_pnl=-16.75 points
  [3min] LONG  1:4  trades=1  hit_rate=0.0%  total_pnl=-16.75 points
  [3min] LONG  1:2  trades=1  hit_rate=0.0%  total_pnl=-16.75 points
  [3min] LONG  1:3  trades=1  hit_rate=0.0%  total_pnl=-16.75 points
  [3min] LONG  1:4  trades=1  hit_rate=0.0%  total_pnl=-16.75 points
  [3min] LONG  1:2  trades=1  hit_rate=0.0%  total_pnl=-16.75 points
  [3min] LONG  1:3  trades=1  hit_rate=0.0%  total_pnl=-16.75 points
  [3min] LONG  1:4  trades=1  hit_rate=0.0%  total_pnl=-16.75 points
  [3min] LONG  1:2  trades=1  hit_rate=0.0%  total_pnl=-16.75 points
  [3min] LONG  1:3  trades=1  hit_rate=0.0%  total_pnl=-16.75 points
  [3min] LONG  1:4  trades=1  hit_rate=0.0%  total_pnl=-16.75 points
  [3min] LONG  1:2  trades=2  hit_rate=0.0%  total_pnl=-17.35 points
  [3min] LONG  1:3  trades=2  hit_rate=0.0%  total_pnl=-17.35 points
  [3min] LONG  1:4  trades=2  hit_rate=0.0%  total_pnl=-17.35 points
  [3min] LONG  1:2  trades=2  hit_rate=0.0%  total_pnl=-17.35 points
  [3min] LONG  1:3  trades=2  hit_rate=0.0%  total_pnl=-17.35 points
  [3min] LONG  1:4  trades=2  hit_rate=0.0%  total_pnl=-17.35 points
  [3min] LONG  1:2  trades=1  hit_rate=0.0%  total_pnl=-16.75 points
  [3min] LONG  1:3  trades=1  hit_rate=0.0%  total_pnl=-16.75 points
  [3min] LONG  1:4  trades=1  hit_rate=0.0%  total_pnl=-16.75 points
  [3min] LONG  1:2  trades=1  hit_rate=0.0%  total_pnl=-16.75 points
  [3min] LONG  1:3  trades=1  hit_rate=0.0%  total_pnl=-16.75 points
  [3min] LONG  1:4  trades=1  hit_rate=0.0%  total_pnl=-16.75 points
  [3min] LONG  1:2  trades=1  hit_rate=0.0%  total_pnl=-16.75 points
  [3min] LONG  1:3  trades=1  hit_rate=0.0%  total_pnl=-16.75 points
  [3min] LONG  1:4  trades=1  hit_rate=0.0%  total_pnl=-16.75 points
  [3min] LONG  1:2  trades=1  hit_rate=0.0%  total_pnl=-16.75 points
  [3min] LONG  1:3  trades=1  hit_rate=0.0%  total_pnl=-16.75 points
  [3min] LONG  1:4  trades=1  hit_rate=0.0%  total_pnl=-16.75 points
  [3min] LONG  1:2  trades=1  hit_rate=0.0%  total_pnl=-16.75 points
  [3min] LONG  1:3  trades=1  hit_rate=0.0%  total_pnl=-16.75 points
  [3min] LONG  1:4  trades=1  hit_rate=0.0%  total_pnl=-16.75 points
  [3min] LONG  1:2  trades=1  hit_rate=0.0%  total_pnl=-16.75 points
  [3min] LONG  1:3  trades=1  hit_rate=0.0%  total_pnl=-16.75 points
  [3min] LONG  1:4  trades=1  hit_rate=0.0%  total_pnl=-16.75 points

----------------------------------------------------------------------------------------------------
[7/14] NIFTY_2026-09-17_DASHBOARD.json
----------------------------------------------------------------------------------------------------
Process started for the file : D:/Git/fresh_dashboard/app/data
Timeframes tested : ['12sec', '1min', '3min']
Entry candle rule : disabled — the trigger candle itself is the entry candle (entry at its close, SL at its low/high)
R:R multiples     : [2.0, 3.0, 4.0]
Total no of variation : 3 timeframes x 2 directions x 4 candles x 20 atr_multiplier x 2 bb_period x 2 bb_num_std x 3 R:R = 1920
Workers : 12 (of 14 CPU cores available)
Completed 1920 variations in 10.9s using 12 worker(s)
  Triggers: 21   Trades entered: 21   No Entry: 0
  [12sec] LONG  1:2  trades=15  hit_rate=40.0%  total_pnl=4.1 points
  [12sec] LONG  1:3  trades=15  hit_rate=33.33%  total_pnl=2.55 points
  [12sec] LONG  1:4  trades=15  hit_rate=33.33%  total_pnl=7.6 points
  [12sec] LONG  1:2  trades=6  hit_rate=33.33%  total_pnl=-1.35 points
  [12sec] LONG  1:3  trades=6  hit_rate=33.33%  total_pnl=-0.15 points
  [12sec] LONG  1:4  trades=6  hit_rate=33.33%  total_pnl=1.05 points
  [12sec] LONG  1:2  trades=14  hit_rate=35.71%  total_pnl=1.0 points
  [12sec] LONG  1:3  trades=14  hit_rate=28.57%  total_pnl=-2.1 points
  [12sec] LONG  1:4  trades=14  hit_rate=28.57%  total_pnl=1.4 points
  [12sec] LONG  1:2  trades=3  hit_rate=0.0%  total_pnl=-2.25 points
  [12sec] LONG  1:3  trades=3  hit_rate=0.0%  total_pnl=-2.25 points
  [12sec] LONG  1:4  trades=3  hit_rate=0.0%  total_pnl=-2.25 points
  [12sec] LONG  1:2  trades=14  hit_rate=42.86%  total_pnl=5.6 points
  [12sec] LONG  1:3  trades=14  hit_rate=35.71%  total_pnl=4.05 points
  [12sec] LONG  1:4  trades=14  hit_rate=35.71%  total_pnl=9.1 points
  [12sec] LONG  1:2  trades=5  hit_rate=40.0%  total_pnl=0.15 points
  [12sec] LONG  1:3  trades=5  hit_rate=40.0%  total_pnl=1.35 points
  [12sec] LONG  1:4  trades=5  hit_rate=40.0%  total_pnl=2.55 points
  [12sec] LONG  1:2  trades=13  hit_rate=38.46%  total_pnl=2.5 points
  [12sec] LONG  1:3  trades=13  hit_rate=30.77%  total_pnl=-0.6 points
  [12sec] LONG  1:4  trades=13  hit_rate=30.77%  total_pnl=2.9 points
  [12sec] LONG  1:2  trades=3  hit_rate=0.0%  total_pnl=-2.25 points
  [12sec] LONG  1:3  trades=3  hit_rate=0.0%  total_pnl=-2.25 points
  [12sec] LONG  1:4  trades=3  hit_rate=0.0%  total_pnl=-2.25 points
  [12sec] LONG  1:2  trades=13  hit_rate=38.46%  total_pnl=1.2 points
  [12sec] LONG  1:3  trades=13  hit_rate=38.46%  total_pnl=6.25 points
  [12sec] LONG  1:4  trades=13  hit_rate=38.46%  total_pnl=11.3 points
  [12sec] LONG  1:2  trades=5  hit_rate=40.0%  total_pnl=0.15 points
  [12sec] LONG  1:3  trades=5  hit_rate=40.0%  total_pnl=1.35 points
  [12sec] LONG  1:4  trades=5  hit_rate=40.0%  total_pnl=2.55 points
  [12sec] LONG  1:2  trades=12  hit_rate=33.33%  total_pnl=-1.9 points
  [12sec] LONG  1:3  trades=12  hit_rate=33.33%  total_pnl=1.6 points
  [12sec] LONG  1:4  trades=12  hit_rate=33.33%  total_pnl=5.1 points
  [12sec] LONG  1:2  trades=3  hit_rate=0.0%  total_pnl=-2.25 points
  [12sec] LONG  1:3  trades=3  hit_rate=0.0%  total_pnl=-2.25 points
  [12sec] LONG  1:4  trades=3  hit_rate=0.0%  total_pnl=-2.25 points
  [12sec] LONG  1:2  trades=13  hit_rate=38.46%  total_pnl=1.2 points
  [12sec] LONG  1:3  trades=13  hit_rate=38.46%  total_pnl=6.25 points
  [12sec] LONG  1:4  trades=13  hit_rate=38.46%  total_pnl=11.3 points
  [12sec] LONG  1:2  trades=5  hit_rate=40.0%  total_pnl=0.15 points
  [12sec] LONG  1:3  trades=5  hit_rate=40.0%  total_pnl=1.35 points
  [12sec] LONG  1:4  trades=5  hit_rate=40.0%  total_pnl=2.55 points
  [12sec] LONG  1:2  trades=12  hit_rate=33.33%  total_pnl=-1.9 points
  [12sec] LONG  1:3  trades=12  hit_rate=33.33%  total_pnl=1.6 points
  [12sec] LONG  1:4  trades=12  hit_rate=33.33%  total_pnl=5.1 points
  [12sec] LONG  1:2  trades=3  hit_rate=0.0%  total_pnl=-2.25 points
  [12sec] LONG  1:3  trades=3  hit_rate=0.0%  total_pnl=-2.25 points
  [12sec] LONG  1:4  trades=3  hit_rate=0.0%  total_pnl=-2.25 points
  [12sec] LONG  1:2  trades=13  hit_rate=38.46%  total_pnl=1.2 points
  [12sec] LONG  1:3  trades=13  hit_rate=38.46%  total_pnl=6.25 points
  [12sec] LONG  1:4  trades=13  hit_rate=38.46%  total_pnl=11.3 points
  [12sec] LONG  1:2  trades=5  hit_rate=40.0%  total_pnl=0.15 points
  [12sec] LONG  1:3  trades=5  hit_rate=40.0%  total_pnl=1.35 points
  [12sec] LONG  1:4  trades=5  hit_rate=40.0%  total_pnl=2.55 points
  [12sec] LONG  1:2  trades=12  hit_rate=33.33%  total_pnl=-1.9 points
  [12sec] LONG  1:3  trades=12  hit_rate=33.33%  total_pnl=1.6 points
  [12sec] LONG  1:4  trades=12  hit_rate=33.33%  total_pnl=5.1 points
  [12sec] LONG  1:2  trades=3  hit_rate=0.0%  total_pnl=-2.25 points
  [12sec] LONG  1:3  trades=3  hit_rate=0.0%  total_pnl=-2.25 points
  [12sec] LONG  1:4  trades=3  hit_rate=0.0%  total_pnl=-2.25 points
  [12sec] LONG  1:2  trades=11  hit_rate=36.36%  total_pnl=1.75 points
  [12sec] LONG  1:3  trades=11  hit_rate=36.36%  total_pnl=5.25 points
  [12sec] LONG  1:4  trades=11  hit_rate=36.36%  total_pnl=8.75 points
  [12sec] LONG  1:2  trades=5  hit_rate=40.0%  total_pnl=0.15 points
  [12sec] LONG  1:3  trades=5  hit_rate=40.0%  total_pnl=1.35 points
  [12sec] LONG  1:4  trades=5  hit_rate=40.0%  total_pnl=2.55 points
  [12sec] LONG  1:2  trades=11  hit_rate=36.36%  total_pnl=1.75 points
  [12sec] LONG  1:3  trades=11  hit_rate=36.36%  total_pnl=5.25 points
  [12sec] LONG  1:4  trades=11  hit_rate=36.36%  total_pnl=8.75 points
  [12sec] LONG  1:2  trades=3  hit_rate=0.0%  total_pnl=-2.25 points
  [12sec] LONG  1:3  trades=3  hit_rate=0.0%  total_pnl=-2.25 points
  [12sec] LONG  1:4  trades=3  hit_rate=0.0%  total_pnl=-2.25 points
  [12sec] LONG  1:2  trades=5  hit_rate=40.0%  total_pnl=0.95 points
  [12sec] LONG  1:3  trades=5  hit_rate=40.0%  total_pnl=2.55 points
  [12sec] LONG  1:4  trades=5  hit_rate=40.0%  total_pnl=4.15 points
  [12sec] LONG  1:2  trades=1  hit_rate=100.0%  total_pnl=1.0 points
  [12sec] LONG  1:3  trades=1  hit_rate=100.0%  total_pnl=1.5 points
  [12sec] LONG  1:4  trades=1  hit_rate=100.0%  total_pnl=2.0 points
  [12sec] LONG  1:2  trades=5  hit_rate=40.0%  total_pnl=0.95 points
  [12sec] LONG  1:3  trades=5  hit_rate=40.0%  total_pnl=2.55 points
  [12sec] LONG  1:4  trades=5  hit_rate=40.0%  total_pnl=4.15 points
  [12sec] LONG  1:2  trades=1  hit_rate=100.0%  total_pnl=2.2 points
  [12sec] LONG  1:3  trades=1  hit_rate=100.0%  total_pnl=3.3 points
  [12sec] LONG  1:4  trades=1  hit_rate=100.0%  total_pnl=4.4 points
  [12sec] LONG  1:2  trades=1  hit_rate=100.0%  total_pnl=2.2 points
  [12sec] LONG  1:3  trades=1  hit_rate=100.0%  total_pnl=3.3 points
  [12sec] LONG  1:4  trades=1  hit_rate=100.0%  total_pnl=4.4 points
  [12sec] LONG  1:2  trades=1  hit_rate=100.0%  total_pnl=2.2 points
  [12sec] LONG  1:3  trades=1  hit_rate=100.0%  total_pnl=3.3 points
  [12sec] LONG  1:4  trades=1  hit_rate=100.0%  total_pnl=4.4 points
  [12sec] LONG  1:2  trades=1  hit_rate=100.0%  total_pnl=2.2 points
  [12sec] LONG  1:3  trades=1  hit_rate=100.0%  total_pnl=3.3 points
  [12sec] LONG  1:4  trades=1  hit_rate=100.0%  total_pnl=4.4 points
  [12sec] LONG  1:2  trades=1  hit_rate=100.0%  total_pnl=2.2 points
  [12sec] LONG  1:3  trades=1  hit_rate=100.0%  total_pnl=3.3 points
  [12sec] LONG  1:4  trades=1  hit_rate=100.0%  total_pnl=4.4 points
  [12sec] LONG  1:2  trades=1  hit_rate=100.0%  total_pnl=2.2 points
  [12sec] LONG  1:3  trades=1  hit_rate=100.0%  total_pnl=3.3 points
  [12sec] LONG  1:4  trades=1  hit_rate=100.0%  total_pnl=4.4 points
  [12sec] LONG  1:2  trades=15  hit_rate=40.0%  total_pnl=4.1 points
  [12sec] LONG  1:3  trades=15  hit_rate=33.33%  total_pnl=2.55 points
  [12sec] LONG  1:4  trades=15  hit_rate=33.33%  total_pnl=7.6 points
  [12sec] LONG  1:2  trades=6  hit_rate=33.33%  total_pnl=-1.35 points
  [12sec] LONG  1:3  trades=6  hit_rate=33.33%  total_pnl=-0.15 points
  [12sec] LONG  1:4  trades=6  hit_rate=33.33%  total_pnl=1.05 points
  [12sec] LONG  1:2  trades=14  hit_rate=35.71%  total_pnl=1.0 points
  [12sec] LONG  1:3  trades=14  hit_rate=28.57%  total_pnl=-2.1 points
  [12sec] LONG  1:4  trades=14  hit_rate=28.57%  total_pnl=1.4 points
  [12sec] LONG  1:2  trades=3  hit_rate=0.0%  total_pnl=-2.25 points
  [12sec] LONG  1:3  trades=3  hit_rate=0.0%  total_pnl=-2.25 points
  [12sec] LONG  1:4  trades=3  hit_rate=0.0%  total_pnl=-2.25 points
  [12sec] LONG  1:2  trades=15  hit_rate=40.0%  total_pnl=4.1 points
  [12sec] LONG  1:3  trades=15  hit_rate=33.33%  total_pnl=2.55 points
  [12sec] LONG  1:4  trades=15  hit_rate=33.33%  total_pnl=7.6 points
  [12sec] LONG  1:2  trades=6  hit_rate=33.33%  total_pnl=-1.35 points
  [12sec] LONG  1:3  trades=6  hit_rate=33.33%  total_pnl=-0.15 points
  [12sec] LONG  1:4  trades=6  hit_rate=33.33%  total_pnl=1.05 points
  [12sec] LONG  1:2  trades=14  hit_rate=35.71%  total_pnl=1.0 points
  [12sec] LONG  1:3  trades=14  hit_rate=28.57%  total_pnl=-2.1 points
  [12sec] LONG  1:4  trades=14  hit_rate=28.57%  total_pnl=1.4 points
  [12sec] LONG  1:2  trades=3  hit_rate=0.0%  total_pnl=-2.25 points
  [12sec] LONG  1:3  trades=3  hit_rate=0.0%  total_pnl=-2.25 points
  [12sec] LONG  1:4  trades=3  hit_rate=0.0%  total_pnl=-2.25 points
  [12sec] LONG  1:2  trades=15  hit_rate=40.0%  total_pnl=4.1 points
  [12sec] LONG  1:3  trades=15  hit_rate=33.33%  total_pnl=2.55 points
  [12sec] LONG  1:4  trades=15  hit_rate=33.33%  total_pnl=7.6 points
  [12sec] LONG  1:2  trades=6  hit_rate=33.33%  total_pnl=-1.35 points
  [12sec] LONG  1:3  trades=6  hit_rate=33.33%  total_pnl=-0.15 points
  [12sec] LONG  1:4  trades=6  hit_rate=33.33%  total_pnl=1.05 points
  [12sec] LONG  1:2  trades=14  hit_rate=35.71%  total_pnl=1.0 points
  [12sec] LONG  1:3  trades=14  hit_rate=28.57%  total_pnl=-2.1 points
  [12sec] LONG  1:4  trades=14  hit_rate=28.57%  total_pnl=1.4 points
  [12sec] LONG  1:2  trades=3  hit_rate=0.0%  total_pnl=-2.25 points
  [12sec] LONG  1:3  trades=3  hit_rate=0.0%  total_pnl=-2.25 points
  [12sec] LONG  1:4  trades=3  hit_rate=0.0%  total_pnl=-2.25 points
  [12sec] LONG  1:2  trades=14  hit_rate=35.71%  total_pnl=-0.3 points
  [12sec] LONG  1:3  trades=14  hit_rate=35.71%  total_pnl=4.75 points
  [12sec] LONG  1:4  trades=14  hit_rate=35.71%  total_pnl=9.8 points
  [12sec] LONG  1:2  trades=6  hit_rate=33.33%  total_pnl=-1.35 points
  [12sec] LONG  1:3  trades=6  hit_rate=33.33%  total_pnl=-0.15 points
  [12sec] LONG  1:4  trades=6  hit_rate=33.33%  total_pnl=1.05 points
  [12sec] LONG  1:2  trades=13  hit_rate=30.77%  total_pnl=-3.4 points
  [12sec] LONG  1:3  trades=13  hit_rate=30.77%  total_pnl=0.1 points
  [12sec] LONG  1:4  trades=13  hit_rate=30.77%  total_pnl=3.6 points
  [12sec] LONG  1:2  trades=3  hit_rate=0.0%  total_pnl=-2.25 points
  [12sec] LONG  1:3  trades=3  hit_rate=0.0%  total_pnl=-2.25 points
  [12sec] LONG  1:4  trades=3  hit_rate=0.0%  total_pnl=-2.25 points
  [12sec] LONG  1:2  trades=14  hit_rate=35.71%  total_pnl=-0.3 points
  [12sec] LONG  1:3  trades=14  hit_rate=35.71%  total_pnl=4.75 points
  [12sec] LONG  1:4  trades=14  hit_rate=35.71%  total_pnl=9.8 points
  [12sec] LONG  1:2  trades=6  hit_rate=33.33%  total_pnl=-1.35 points
  [12sec] LONG  1:3  trades=6  hit_rate=33.33%  total_pnl=-0.15 points
  [12sec] LONG  1:4  trades=6  hit_rate=33.33%  total_pnl=1.05 points
  [12sec] LONG  1:2  trades=13  hit_rate=30.77%  total_pnl=-3.4 points
  [12sec] LONG  1:3  trades=13  hit_rate=30.77%  total_pnl=0.1 points
  [12sec] LONG  1:4  trades=13  hit_rate=30.77%  total_pnl=3.6 points
  [12sec] LONG  1:2  trades=3  hit_rate=0.0%  total_pnl=-2.25 points
  [12sec] LONG  1:3  trades=3  hit_rate=0.0%  total_pnl=-2.25 points
  [12sec] LONG  1:4  trades=3  hit_rate=0.0%  total_pnl=-2.25 points
  [12sec] LONG  1:2  trades=14  hit_rate=35.71%  total_pnl=-0.3 points
  [12sec] LONG  1:3  trades=14  hit_rate=35.71%  total_pnl=4.75 points
  [12sec] LONG  1:4  trades=14  hit_rate=35.71%  total_pnl=9.8 points
  [12sec] LONG  1:2  trades=6  hit_rate=33.33%  total_pnl=-1.35 points
  [12sec] LONG  1:3  trades=6  hit_rate=33.33%  total_pnl=-0.15 points
  [12sec] LONG  1:4  trades=6  hit_rate=33.33%  total_pnl=1.05 points
  [12sec] LONG  1:2  trades=13  hit_rate=30.77%  total_pnl=-3.4 points
  [12sec] LONG  1:3  trades=13  hit_rate=30.77%  total_pnl=0.1 points
  [12sec] LONG  1:4  trades=13  hit_rate=30.77%  total_pnl=3.6 points
  [12sec] LONG  1:2  trades=3  hit_rate=0.0%  total_pnl=-2.25 points
  [12sec] LONG  1:3  trades=3  hit_rate=0.0%  total_pnl=-2.25 points
  [12sec] LONG  1:4  trades=3  hit_rate=0.0%  total_pnl=-2.25 points
  [12sec] LONG  1:2  trades=13  hit_rate=38.46%  total_pnl=1.2 points
  [12sec] LONG  1:3  trades=13  hit_rate=38.46%  total_pnl=6.25 points
  [12sec] LONG  1:4  trades=13  hit_rate=38.46%  total_pnl=11.3 points
  [12sec] LONG  1:2  trades=5  hit_rate=40.0%  total_pnl=0.15 points
  [12sec] LONG  1:3  trades=5  hit_rate=40.0%  total_pnl=1.35 points
  [12sec] LONG  1:4  trades=5  hit_rate=40.0%  total_pnl=2.55 points
  [12sec] LONG  1:2  trades=12  hit_rate=33.33%  total_pnl=-1.9 points
  [12sec] LONG  1:3  trades=12  hit_rate=33.33%  total_pnl=1.6 points
  [12sec] LONG  1:4  trades=12  hit_rate=33.33%  total_pnl=5.1 points
  [12sec] LONG  1:2  trades=3  hit_rate=0.0%  total_pnl=-2.25 points
  [12sec] LONG  1:3  trades=3  hit_rate=0.0%  total_pnl=-2.25 points
  [12sec] LONG  1:4  trades=3  hit_rate=0.0%  total_pnl=-2.25 points
  [12sec] LONG  1:2  trades=13  hit_rate=38.46%  total_pnl=1.2 points
  [12sec] LONG  1:3  trades=13  hit_rate=38.46%  total_pnl=6.25 points
  [12sec] LONG  1:4  trades=13  hit_rate=38.46%  total_pnl=11.3 points
  [12sec] LONG  1:2  trades=5  hit_rate=40.0%  total_pnl=0.15 points
  [12sec] LONG  1:3  trades=5  hit_rate=40.0%  total_pnl=1.35 points
  [12sec] LONG  1:4  trades=5  hit_rate=40.0%  total_pnl=2.55 points
  [12sec] LONG  1:2  trades=12  hit_rate=33.33%  total_pnl=-1.9 points
  [12sec] LONG  1:3  trades=12  hit_rate=33.33%  total_pnl=1.6 points
  [12sec] LONG  1:4  trades=12  hit_rate=33.33%  total_pnl=5.1 points
  [12sec] LONG  1:2  trades=3  hit_rate=0.0%  total_pnl=-2.25 points
  [12sec] LONG  1:3  trades=3  hit_rate=0.0%  total_pnl=-2.25 points
  [12sec] LONG  1:4  trades=3  hit_rate=0.0%  total_pnl=-2.25 points
  [12sec] LONG  1:2  trades=13  hit_rate=38.46%  total_pnl=1.2 points
  [12sec] LONG  1:3  trades=13  hit_rate=38.46%  total_pnl=6.25 points
  [12sec] LONG  1:4  trades=13  hit_rate=38.46%  total_pnl=11.3 points
  [12sec] LONG  1:2  trades=5  hit_rate=40.0%  total_pnl=0.15 points
  [12sec] LONG  1:3  trades=5  hit_rate=40.0%  total_pnl=1.35 points
  [12sec] LONG  1:4  trades=5  hit_rate=40.0%  total_pnl=2.55 points
  [12sec] LONG  1:2  trades=12  hit_rate=33.33%  total_pnl=-1.9 points
  [12sec] LONG  1:3  trades=12  hit_rate=33.33%  total_pnl=1.6 points
  [12sec] LONG  1:4  trades=12  hit_rate=33.33%  total_pnl=5.1 points
  [12sec] LONG  1:2  trades=3  hit_rate=0.0%  total_pnl=-2.25 points
  [12sec] LONG  1:3  trades=3  hit_rate=0.0%  total_pnl=-2.25 points
  [12sec] LONG  1:4  trades=3  hit_rate=0.0%  total_pnl=-2.25 points
  [12sec] LONG  1:2  trades=11  hit_rate=36.36%  total_pnl=3.45 points
  [12sec] LONG  1:3  trades=11  hit_rate=36.36%  total_pnl=7.8 points
  [12sec] LONG  1:4  trades=11  hit_rate=36.36%  total_pnl=12.15 points
  [12sec] LONG  1:2  trades=4  hit_rate=25.0%  total_pnl=-1.25 points
  [12sec] LONG  1:3  trades=4  hit_rate=25.0%  total_pnl=-0.75 points
  [12sec] LONG  1:4  trades=4  hit_rate=25.0%  total_pnl=-0.25 points
  [12sec] LONG  1:2  trades=10  hit_rate=30.0%  total_pnl=0.35 points
  [12sec] LONG  1:3  trades=10  hit_rate=30.0%  total_pnl=3.15 points
  [12sec] LONG  1:4  trades=10  hit_rate=30.0%  total_pnl=5.95 points
  [12sec] LONG  1:2  trades=3  hit_rate=0.0%  total_pnl=-2.25 points
  [12sec] LONG  1:3  trades=3  hit_rate=0.0%  total_pnl=-2.25 points
  [12sec] LONG  1:4  trades=3  hit_rate=0.0%  total_pnl=-2.25 points
  [12sec] LONG  1:2  trades=8  hit_rate=37.5%  total_pnl=2.2 points
  [12sec] LONG  1:3  trades=8  hit_rate=37.5%  total_pnl=5.0 points
  [12sec] LONG  1:4  trades=8  hit_rate=37.5%  total_pnl=7.8 points
  [12sec] LONG  1:2  trades=3  hit_rate=33.33%  total_pnl=-0.4 points
  [12sec] LONG  1:3  trades=3  hit_rate=33.33%  total_pnl=0.1 points
  [12sec] LONG  1:4  trades=3  hit_rate=33.33%  total_pnl=0.6 points
  [12sec] LONG  1:2  trades=8  hit_rate=37.5%  total_pnl=2.2 points
  [12sec] LONG  1:3  trades=8  hit_rate=37.5%  total_pnl=5.0 points
  [12sec] LONG  1:4  trades=8  hit_rate=37.5%  total_pnl=7.8 points
  [12sec] LONG  1:2  trades=2  hit_rate=0.0%  total_pnl=-1.4 points
  [12sec] LONG  1:3  trades=2  hit_rate=0.0%  total_pnl=-1.4 points
  [12sec] LONG  1:4  trades=2  hit_rate=0.0%  total_pnl=-1.4 points
  [12sec] LONG  1:2  trades=6  hit_rate=50.0%  total_pnl=3.6 points
  [12sec] LONG  1:3  trades=6  hit_rate=50.0%  total_pnl=6.4 points
  [12sec] LONG  1:4  trades=6  hit_rate=50.0%  total_pnl=9.2 points
  [12sec] LONG  1:2  trades=1  hit_rate=100.0%  total_pnl=1.0 points
  [12sec] LONG  1:3  trades=1  hit_rate=100.0%  total_pnl=1.5 points
  [12sec] LONG  1:4  trades=1  hit_rate=100.0%  total_pnl=2.0 points
  [12sec] LONG  1:2  trades=6  hit_rate=50.0%  total_pnl=3.6 points
  [12sec] LONG  1:3  trades=6  hit_rate=50.0%  total_pnl=6.4 points
  [12sec] LONG  1:4  trades=6  hit_rate=50.0%  total_pnl=9.2 points
  [12sec] LONG  1:2  trades=5  hit_rate=40.0%  total_pnl=1.2 points
  [12sec] LONG  1:3  trades=5  hit_rate=40.0%  total_pnl=2.8 points
  [12sec] LONG  1:4  trades=5  hit_rate=40.0%  total_pnl=4.4 points
  [12sec] LONG  1:2  trades=1  hit_rate=100.0%  total_pnl=1.0 points
  [12sec] LONG  1:3  trades=1  hit_rate=100.0%  total_pnl=1.5 points
  [12sec] LONG  1:4  trades=1  hit_rate=100.0%  total_pnl=2.0 points
  [12sec] LONG  1:2  trades=5  hit_rate=40.0%  total_pnl=1.2 points
  [12sec] LONG  1:3  trades=5  hit_rate=40.0%  total_pnl=2.8 points
  [12sec] LONG  1:4  trades=5  hit_rate=40.0%  total_pnl=4.4 points
  [12sec] LONG  1:2  trades=4  hit_rate=50.0%  total_pnl=1.95 points
  [12sec] LONG  1:3  trades=4  hit_rate=50.0%  total_pnl=3.55 points
  [12sec] LONG  1:4  trades=4  hit_rate=50.0%  total_pnl=5.15 points
  [12sec] LONG  1:2  trades=1  hit_rate=100.0%  total_pnl=1.0 points
  [12sec] LONG  1:3  trades=1  hit_rate=100.0%  total_pnl=1.5 points
  [12sec] LONG  1:4  trades=1  hit_rate=100.0%  total_pnl=2.0 points
  [12sec] LONG  1:2  trades=4  hit_rate=50.0%  total_pnl=1.95 points
  [12sec] LONG  1:3  trades=4  hit_rate=50.0%  total_pnl=3.55 points
  [12sec] LONG  1:4  trades=4  hit_rate=50.0%  total_pnl=5.15 points
  [12sec] LONG  1:2  trades=4  hit_rate=50.0%  total_pnl=1.95 points
  [12sec] LONG  1:3  trades=4  hit_rate=50.0%  total_pnl=3.55 points
  [12sec] LONG  1:4  trades=4  hit_rate=50.0%  total_pnl=5.15 points
  [12sec] LONG  1:2  trades=1  hit_rate=100.0%  total_pnl=1.0 points
  [12sec] LONG  1:3  trades=1  hit_rate=100.0%  total_pnl=1.5 points
  [12sec] LONG  1:4  trades=1  hit_rate=100.0%  total_pnl=2.0 points
  [12sec] LONG  1:2  trades=4  hit_rate=50.0%  total_pnl=1.95 points
  [12sec] LONG  1:3  trades=4  hit_rate=50.0%  total_pnl=3.55 points
  [12sec] LONG  1:4  trades=4  hit_rate=50.0%  total_pnl=5.15 points
  [12sec] LONG  1:2  trades=15  hit_rate=40.0%  total_pnl=4.1 points
  [12sec] LONG  1:3  trades=15  hit_rate=33.33%  total_pnl=2.55 points
  [12sec] LONG  1:4  trades=15  hit_rate=33.33%  total_pnl=7.6 points
  [12sec] LONG  1:2  trades=6  hit_rate=33.33%  total_pnl=-1.35 points
  [12sec] LONG  1:3  trades=6  hit_rate=33.33%  total_pnl=-0.15 points
  [12sec] LONG  1:4  trades=6  hit_rate=33.33%  total_pnl=1.05 points
  [12sec] LONG  1:2  trades=14  hit_rate=35.71%  total_pnl=1.0 points
  [12sec] LONG  1:3  trades=14  hit_rate=28.57%  total_pnl=-2.1 points
  [12sec] LONG  1:4  trades=14  hit_rate=28.57%  total_pnl=1.4 points
  [12sec] LONG  1:2  trades=3  hit_rate=0.0%  total_pnl=-2.25 points
  [12sec] LONG  1:3  trades=3  hit_rate=0.0%  total_pnl=-2.25 points
  [12sec] LONG  1:4  trades=3  hit_rate=0.0%  total_pnl=-2.25 points
  [12sec] LONG  1:2  trades=15  hit_rate=40.0%  total_pnl=4.1 points
  [12sec] LONG  1:3  trades=15  hit_rate=33.33%  total_pnl=2.55 points
  [12sec] LONG  1:4  trades=15  hit_rate=33.33%  total_pnl=7.6 points
  [12sec] LONG  1:2  trades=6  hit_rate=33.33%  total_pnl=-1.35 points
  [12sec] LONG  1:3  trades=6  hit_rate=33.33%  total_pnl=-0.15 points
  [12sec] LONG  1:4  trades=6  hit_rate=33.33%  total_pnl=1.05 points
  [12sec] LONG  1:2  trades=14  hit_rate=35.71%  total_pnl=1.0 points
  [12sec] LONG  1:3  trades=14  hit_rate=28.57%  total_pnl=-2.1 points
  [12sec] LONG  1:4  trades=14  hit_rate=28.57%  total_pnl=1.4 points
  [12sec] LONG  1:2  trades=3  hit_rate=0.0%  total_pnl=-2.25 points
  [12sec] LONG  1:3  trades=3  hit_rate=0.0%  total_pnl=-2.25 points
  [12sec] LONG  1:4  trades=3  hit_rate=0.0%  total_pnl=-2.25 points
  [12sec] LONG  1:2  trades=15  hit_rate=40.0%  total_pnl=4.1 points
  [12sec] LONG  1:3  trades=15  hit_rate=33.33%  total_pnl=2.55 points
  [12sec] LONG  1:4  trades=15  hit_rate=33.33%  total_pnl=7.6 points
  [12sec] LONG  1:2  trades=6  hit_rate=33.33%  total_pnl=-1.35 points
  [12sec] LONG  1:3  trades=6  hit_rate=33.33%  total_pnl=-0.15 points
  [12sec] LONG  1:4  trades=6  hit_rate=33.33%  total_pnl=1.05 points
  [12sec] LONG  1:2  trades=14  hit_rate=35.71%  total_pnl=1.0 points
  [12sec] LONG  1:3  trades=14  hit_rate=28.57%  total_pnl=-2.1 points
  [12sec] LONG  1:4  trades=14  hit_rate=28.57%  total_pnl=1.4 points
  [12sec] LONG  1:2  trades=3  hit_rate=0.0%  total_pnl=-2.25 points
  [12sec] LONG  1:3  trades=3  hit_rate=0.0%  total_pnl=-2.25 points
  [12sec] LONG  1:4  trades=3  hit_rate=0.0%  total_pnl=-2.25 points
  [12sec] LONG  1:2  trades=15  hit_rate=40.0%  total_pnl=4.1 points
  [12sec] LONG  1:3  trades=15  hit_rate=33.33%  total_pnl=2.55 points
  [12sec] LONG  1:4  trades=15  hit_rate=33.33%  total_pnl=7.6 points
  [12sec] LONG  1:2  trades=6  hit_rate=33.33%  total_pnl=-1.35 points
  [12sec] LONG  1:3  trades=6  hit_rate=33.33%  total_pnl=-0.15 points
  [12sec] LONG  1:4  trades=6  hit_rate=33.33%  total_pnl=1.05 points
  [12sec] LONG  1:2  trades=14  hit_rate=35.71%  total_pnl=1.0 points
  [12sec] LONG  1:3  trades=14  hit_rate=28.57%  total_pnl=-2.1 points
  [12sec] LONG  1:4  trades=14  hit_rate=28.57%  total_pnl=1.4 points
  [12sec] LONG  1:2  trades=3  hit_rate=0.0%  total_pnl=-2.25 points
  [12sec] LONG  1:3  trades=3  hit_rate=0.0%  total_pnl=-2.25 points
  [12sec] LONG  1:4  trades=3  hit_rate=0.0%  total_pnl=-2.25 points
  [12sec] LONG  1:2  trades=15  hit_rate=40.0%  total_pnl=4.1 points
  [12sec] LONG  1:3  trades=15  hit_rate=33.33%  total_pnl=2.55 points
  [12sec] LONG  1:4  trades=15  hit_rate=33.33%  total_pnl=7.6 points
  [12sec] LONG  1:2  trades=6  hit_rate=33.33%  total_pnl=-1.35 points
  [12sec] LONG  1:3  trades=6  hit_rate=33.33%  total_pnl=-0.15 points
  [12sec] LONG  1:4  trades=6  hit_rate=33.33%  total_pnl=1.05 points
  [12sec] LONG  1:2  trades=14  hit_rate=35.71%  total_pnl=1.0 points
  [12sec] LONG  1:3  trades=14  hit_rate=28.57%  total_pnl=-2.1 points
  [12sec] LONG  1:4  trades=14  hit_rate=28.57%  total_pnl=1.4 points
  [12sec] LONG  1:2  trades=3  hit_rate=0.0%  total_pnl=-2.25 points
  [12sec] LONG  1:3  trades=3  hit_rate=0.0%  total_pnl=-2.25 points
  [12sec] LONG  1:4  trades=3  hit_rate=0.0%  total_pnl=-2.25 points
  [12sec] LONG  1:2  trades=15  hit_rate=40.0%  total_pnl=4.1 points
  [12sec] LONG  1:3  trades=15  hit_rate=33.33%  total_pnl=2.55 points
  [12sec] LONG  1:4  trades=15  hit_rate=33.33%  total_pnl=7.6 points
  [12sec] LONG  1:2  trades=6  hit_rate=33.33%  total_pnl=-1.35 points
  [12sec] LONG  1:3  trades=6  hit_rate=33.33%  total_pnl=-0.15 points
  [12sec] LONG  1:4  trades=6  hit_rate=33.33%  total_pnl=1.05 points
  [12sec] LONG  1:2  trades=14  hit_rate=35.71%  total_pnl=1.0 points
  [12sec] LONG  1:3  trades=14  hit_rate=28.57%  total_pnl=-2.1 points
  [12sec] LONG  1:4  trades=14  hit_rate=28.57%  total_pnl=1.4 points
  [12sec] LONG  1:2  trades=3  hit_rate=0.0%  total_pnl=-2.25 points
  [12sec] LONG  1:3  trades=3  hit_rate=0.0%  total_pnl=-2.25 points
  [12sec] LONG  1:4  trades=3  hit_rate=0.0%  total_pnl=-2.25 points
  [12sec] LONG  1:2  trades=15  hit_rate=40.0%  total_pnl=4.1 points
  [12sec] LONG  1:3  trades=15  hit_rate=33.33%  total_pnl=2.55 points
  [12sec] LONG  1:4  trades=15  hit_rate=33.33%  total_pnl=7.6 points
  [12sec] LONG  1:2  trades=6  hit_rate=33.33%  total_pnl=-1.35 points
  [12sec] LONG  1:3  trades=6  hit_rate=33.33%  total_pnl=-0.15 points
  [12sec] LONG  1:4  trades=6  hit_rate=33.33%  total_pnl=1.05 points
  [12sec] LONG  1:2  trades=14  hit_rate=35.71%  total_pnl=1.0 points
  [12sec] LONG  1:3  trades=14  hit_rate=28.57%  total_pnl=-2.1 points
  [12sec] LONG  1:4  trades=14  hit_rate=28.57%  total_pnl=1.4 points
  [12sec] LONG  1:2  trades=3  hit_rate=0.0%  total_pnl=-2.25 points
  [12sec] LONG  1:3  trades=3  hit_rate=0.0%  total_pnl=-2.25 points
  [12sec] LONG  1:4  trades=3  hit_rate=0.0%  total_pnl=-2.25 points
  [12sec] LONG  1:2  trades=15  hit_rate=40.0%  total_pnl=4.1 points
  [12sec] LONG  1:3  trades=15  hit_rate=33.33%  total_pnl=2.55 points
  [12sec] LONG  1:4  trades=15  hit_rate=33.33%  total_pnl=7.6 points
  [12sec] LONG  1:2  trades=6  hit_rate=33.33%  total_pnl=-1.35 points
  [12sec] LONG  1:3  trades=6  hit_rate=33.33%  total_pnl=-0.15 points
  [12sec] LONG  1:4  trades=6  hit_rate=33.33%  total_pnl=1.05 points
  [12sec] LONG  1:2  trades=14  hit_rate=35.71%  total_pnl=1.0 points
  [12sec] LONG  1:3  trades=14  hit_rate=28.57%  total_pnl=-2.1 points
  [12sec] LONG  1:4  trades=14  hit_rate=28.57%  total_pnl=1.4 points
  [12sec] LONG  1:2  trades=3  hit_rate=0.0%  total_pnl=-2.25 points
  [12sec] LONG  1:3  trades=3  hit_rate=0.0%  total_pnl=-2.25 points
  [12sec] LONG  1:4  trades=3  hit_rate=0.0%  total_pnl=-2.25 points
  [12sec] LONG  1:2  trades=14  hit_rate=35.71%  total_pnl=-0.3 points
  [12sec] LONG  1:3  trades=14  hit_rate=35.71%  total_pnl=4.75 points
  [12sec] LONG  1:4  trades=14  hit_rate=35.71%  total_pnl=9.8 points
  [12sec] LONG  1:2  trades=6  hit_rate=33.33%  total_pnl=-1.35 points
  [12sec] LONG  1:3  trades=6  hit_rate=33.33%  total_pnl=-0.15 points
  [12sec] LONG  1:4  trades=6  hit_rate=33.33%  total_pnl=1.05 points
  [12sec] LONG  1:2  trades=13  hit_rate=30.77%  total_pnl=-3.4 points
  [12sec] LONG  1:3  trades=13  hit_rate=30.77%  total_pnl=0.1 points
  [12sec] LONG  1:4  trades=13  hit_rate=30.77%  total_pnl=3.6 points
  [12sec] LONG  1:2  trades=3  hit_rate=0.0%  total_pnl=-2.25 points
  [12sec] LONG  1:3  trades=3  hit_rate=0.0%  total_pnl=-2.25 points
  [12sec] LONG  1:4  trades=3  hit_rate=0.0%  total_pnl=-2.25 points
  [12sec] LONG  1:2  trades=14  hit_rate=35.71%  total_pnl=-0.3 points
  [12sec] LONG  1:3  trades=14  hit_rate=35.71%  total_pnl=4.75 points
  [12sec] LONG  1:4  trades=14  hit_rate=35.71%  total_pnl=9.8 points
  [12sec] LONG  1:2  trades=6  hit_rate=33.33%  total_pnl=-1.35 points
  [12sec] LONG  1:3  trades=6  hit_rate=33.33%  total_pnl=-0.15 points
  [12sec] LONG  1:4  trades=6  hit_rate=33.33%  total_pnl=1.05 points
  [12sec] LONG  1:2  trades=13  hit_rate=30.77%  total_pnl=-3.4 points
  [12sec] LONG  1:3  trades=13  hit_rate=30.77%  total_pnl=0.1 points
  [12sec] LONG  1:4  trades=13  hit_rate=30.77%  total_pnl=3.6 points
  [12sec] LONG  1:2  trades=3  hit_rate=0.0%  total_pnl=-2.25 points
  [12sec] LONG  1:3  trades=3  hit_rate=0.0%  total_pnl=-2.25 points
  [12sec] LONG  1:4  trades=3  hit_rate=0.0%  total_pnl=-2.25 points
  [12sec] LONG  1:2  trades=14  hit_rate=35.71%  total_pnl=-0.3 points
  [12sec] LONG  1:3  trades=14  hit_rate=35.71%  total_pnl=4.75 points
  [12sec] LONG  1:4  trades=14  hit_rate=35.71%  total_pnl=9.8 points
  [12sec] LONG  1:2  trades=6  hit_rate=33.33%  total_pnl=-1.35 points
  [12sec] LONG  1:3  trades=6  hit_rate=33.33%  total_pnl=-0.15 points
  [12sec] LONG  1:4  trades=6  hit_rate=33.33%  total_pnl=1.05 points
  [12sec] LONG  1:2  trades=13  hit_rate=30.77%  total_pnl=-3.4 points
  [12sec] LONG  1:3  trades=13  hit_rate=30.77%  total_pnl=0.1 points
  [12sec] LONG  1:4  trades=13  hit_rate=30.77%  total_pnl=3.6 points
  [12sec] LONG  1:2  trades=3  hit_rate=0.0%  total_pnl=-2.25 points
  [12sec] LONG  1:3  trades=3  hit_rate=0.0%  total_pnl=-2.25 points
  [12sec] LONG  1:4  trades=3  hit_rate=0.0%  total_pnl=-2.25 points
  [12sec] LONG  1:2  trades=14  hit_rate=35.71%  total_pnl=-0.3 points
  [12sec] LONG  1:3  trades=14  hit_rate=35.71%  total_pnl=4.75 points
  [12sec] LONG  1:4  trades=14  hit_rate=35.71%  total_pnl=9.8 points
  [12sec] LONG  1:2  trades=6  hit_rate=33.33%  total_pnl=-1.35 points
  [12sec] LONG  1:3  trades=6  hit_rate=33.33%  total_pnl=-0.15 points
  [12sec] LONG  1:4  trades=6  hit_rate=33.33%  total_pnl=1.05 points
  [12sec] LONG  1:2  trades=13  hit_rate=30.77%  total_pnl=-3.4 points
  [12sec] LONG  1:3  trades=13  hit_rate=30.77%  total_pnl=0.1 points
  [12sec] LONG  1:4  trades=13  hit_rate=30.77%  total_pnl=3.6 points
  [12sec] LONG  1:2  trades=3  hit_rate=0.0%  total_pnl=-2.25 points
  [12sec] LONG  1:3  trades=3  hit_rate=0.0%  total_pnl=-2.25 points
  [12sec] LONG  1:4  trades=3  hit_rate=0.0%  total_pnl=-2.25 points
  [12sec] LONG  1:2  trades=14  hit_rate=35.71%  total_pnl=-0.3 points
  [12sec] LONG  1:3  trades=14  hit_rate=35.71%  total_pnl=4.75 points
  [12sec] LONG  1:4  trades=14  hit_rate=35.71%  total_pnl=9.8 points
  [12sec] LONG  1:2  trades=6  hit_rate=33.33%  total_pnl=-1.35 points
  [12sec] LONG  1:3  trades=6  hit_rate=33.33%  total_pnl=-0.15 points
  [12sec] LONG  1:4  trades=6  hit_rate=33.33%  total_pnl=1.05 points
  [12sec] LONG  1:2  trades=13  hit_rate=30.77%  total_pnl=-3.4 points
  [12sec] LONG  1:3  trades=13  hit_rate=30.77%  total_pnl=0.1 points
  [12sec] LONG  1:4  trades=13  hit_rate=30.77%  total_pnl=3.6 points
  [12sec] LONG  1:2  trades=3  hit_rate=0.0%  total_pnl=-2.25 points
  [12sec] LONG  1:3  trades=3  hit_rate=0.0%  total_pnl=-2.25 points
  [12sec] LONG  1:4  trades=3  hit_rate=0.0%  total_pnl=-2.25 points
  [12sec] LONG  1:2  trades=11  hit_rate=36.36%  total_pnl=3.45 points
  [12sec] LONG  1:3  trades=11  hit_rate=36.36%  total_pnl=7.8 points
  [12sec] LONG  1:4  trades=11  hit_rate=36.36%  total_pnl=12.15 points
  [12sec] LONG  1:2  trades=4  hit_rate=25.0%  total_pnl=-1.25 points
  [12sec] LONG  1:3  trades=4  hit_rate=25.0%  total_pnl=-0.75 points
  [12sec] LONG  1:4  trades=4  hit_rate=25.0%  total_pnl=-0.25 points
  [12sec] LONG  1:2  trades=10  hit_rate=30.0%  total_pnl=0.35 points
  [12sec] LONG  1:3  trades=10  hit_rate=30.0%  total_pnl=3.15 points
  [12sec] LONG  1:4  trades=10  hit_rate=30.0%  total_pnl=5.95 points
  [12sec] LONG  1:2  trades=3  hit_rate=0.0%  total_pnl=-2.25 points
  [12sec] LONG  1:3  trades=3  hit_rate=0.0%  total_pnl=-2.25 points
  [12sec] LONG  1:4  trades=3  hit_rate=0.0%  total_pnl=-2.25 points
  [12sec] LONG  1:2  trades=11  hit_rate=36.36%  total_pnl=3.45 points
  [12sec] LONG  1:3  trades=11  hit_rate=36.36%  total_pnl=7.8 points
  [12sec] LONG  1:4  trades=11  hit_rate=36.36%  total_pnl=12.15 points
  [12sec] LONG  1:2  trades=4  hit_rate=25.0%  total_pnl=-1.25 points
  [12sec] LONG  1:3  trades=4  hit_rate=25.0%  total_pnl=-0.75 points
  [12sec] LONG  1:4  trades=4  hit_rate=25.0%  total_pnl=-0.25 points
  [12sec] LONG  1:2  trades=10  hit_rate=30.0%  total_pnl=0.35 points
  [12sec] LONG  1:3  trades=10  hit_rate=30.0%  total_pnl=3.15 points
  [12sec] LONG  1:4  trades=10  hit_rate=30.0%  total_pnl=5.95 points
  [12sec] LONG  1:2  trades=3  hit_rate=0.0%  total_pnl=-2.25 points
  [12sec] LONG  1:3  trades=3  hit_rate=0.0%  total_pnl=-2.25 points
  [12sec] LONG  1:4  trades=3  hit_rate=0.0%  total_pnl=-2.25 points
  [12sec] LONG  1:2  trades=8  hit_rate=50.0%  total_pnl=5.8 points
  [12sec] LONG  1:3  trades=8  hit_rate=50.0%  total_pnl=10.15 points
  [12sec] LONG  1:4  trades=8  hit_rate=50.0%  total_pnl=14.5 points
  [12sec] LONG  1:2  trades=2  hit_rate=50.0%  total_pnl=0.1 points
  [12sec] LONG  1:3  trades=2  hit_rate=50.0%  total_pnl=0.6 points
  [12sec] LONG  1:4  trades=2  hit_rate=50.0%  total_pnl=1.1 points
  [12sec] LONG  1:2  trades=7  hit_rate=42.86%  total_pnl=2.7 points
  [12sec] LONG  1:3  trades=7  hit_rate=42.86%  total_pnl=5.5 points
  [12sec] LONG  1:4  trades=7  hit_rate=42.86%  total_pnl=8.3 points
  [12sec] LONG  1:2  trades=1  hit_rate=0.0%  total_pnl=-0.9 points
  [12sec] LONG  1:3  trades=1  hit_rate=0.0%  total_pnl=-0.9 points
  [12sec] LONG  1:4  trades=1  hit_rate=0.0%  total_pnl=-0.9 points
  [12sec] LONG  1:2  trades=7  hit_rate=57.14%  total_pnl=6.7 points
  [12sec] LONG  1:3  trades=7  hit_rate=57.14%  total_pnl=11.05 points
  [12sec] LONG  1:4  trades=7  hit_rate=57.14%  total_pnl=15.4 points
  [12sec] LONG  1:2  trades=1  hit_rate=100.0%  total_pnl=1.0 points
  [12sec] LONG  1:3  trades=1  hit_rate=100.0%  total_pnl=1.5 points
  [12sec] LONG  1:4  trades=1  hit_rate=100.0%  total_pnl=2.0 points
  [12sec] LONG  1:2  trades=6  hit_rate=50.0%  total_pnl=3.6 points
  [12sec] LONG  1:3  trades=6  hit_rate=50.0%  total_pnl=6.4 points
  [12sec] LONG  1:4  trades=6  hit_rate=50.0%  total_pnl=9.2 points
  [12sec] LONG  1:2  trades=6  hit_rate=50.0%  total_pnl=3.6 points
  [12sec] LONG  1:3  trades=6  hit_rate=50.0%  total_pnl=6.4 points
  [12sec] LONG  1:4  trades=6  hit_rate=50.0%  total_pnl=9.2 points
  [12sec] LONG  1:2  trades=1  hit_rate=100.0%  total_pnl=1.0 points
  [12sec] LONG  1:3  trades=1  hit_rate=100.0%  total_pnl=1.5 points
  [12sec] LONG  1:4  trades=1  hit_rate=100.0%  total_pnl=2.0 points
  [12sec] LONG  1:2  trades=6  hit_rate=50.0%  total_pnl=3.6 points
  [12sec] LONG  1:3  trades=6  hit_rate=50.0%  total_pnl=6.4 points
  [12sec] LONG  1:4  trades=6  hit_rate=50.0%  total_pnl=9.2 points
  [12sec] LONG  1:2  trades=6  hit_rate=50.0%  total_pnl=3.6 points
  [12sec] LONG  1:3  trades=6  hit_rate=50.0%  total_pnl=6.4 points
  [12sec] LONG  1:4  trades=6  hit_rate=50.0%  total_pnl=9.2 points
  [12sec] LONG  1:2  trades=1  hit_rate=100.0%  total_pnl=1.0 points
  [12sec] LONG  1:3  trades=1  hit_rate=100.0%  total_pnl=1.5 points
  [12sec] LONG  1:4  trades=1  hit_rate=100.0%  total_pnl=2.0 points
  [12sec] LONG  1:2  trades=6  hit_rate=50.0%  total_pnl=3.6 points
  [12sec] LONG  1:3  trades=6  hit_rate=50.0%  total_pnl=6.4 points
  [12sec] LONG  1:4  trades=6  hit_rate=50.0%  total_pnl=9.2 points
  [12sec] LONG  1:2  trades=5  hit_rate=60.0%  total_pnl=3.75 points
  [12sec] LONG  1:3  trades=5  hit_rate=60.0%  total_pnl=6.55 points
  [12sec] LONG  1:4  trades=5  hit_rate=60.0%  total_pnl=9.35 points
  [12sec] LONG  1:2  trades=1  hit_rate=100.0%  total_pnl=1.0 points
  [12sec] LONG  1:3  trades=1  hit_rate=100.0%  total_pnl=1.5 points
  [12sec] LONG  1:4  trades=1  hit_rate=100.0%  total_pnl=2.0 points
  [12sec] LONG  1:2  trades=5  hit_rate=60.0%  total_pnl=3.75 points
  [12sec] LONG  1:3  trades=5  hit_rate=60.0%  total_pnl=6.55 points
  [12sec] LONG  1:4  trades=5  hit_rate=60.0%  total_pnl=9.35 points
  [12sec] LONG  1:2  trades=15  hit_rate=40.0%  total_pnl=4.1 points
  [12sec] LONG  1:3  trades=15  hit_rate=33.33%  total_pnl=2.55 points
  [12sec] LONG  1:4  trades=15  hit_rate=33.33%  total_pnl=7.6 points
  [12sec] LONG  1:2  trades=6  hit_rate=33.33%  total_pnl=-1.35 points
  [12sec] LONG  1:3  trades=6  hit_rate=33.33%  total_pnl=-0.15 points
  [12sec] LONG  1:4  trades=6  hit_rate=33.33%  total_pnl=1.05 points
  [12sec] LONG  1:2  trades=14  hit_rate=35.71%  total_pnl=1.0 points
  [12sec] LONG  1:3  trades=14  hit_rate=28.57%  total_pnl=-2.1 points
  [12sec] LONG  1:4  trades=14  hit_rate=28.57%  total_pnl=1.4 points
  [12sec] LONG  1:2  trades=3  hit_rate=0.0%  total_pnl=-2.25 points
  [12sec] LONG  1:3  trades=3  hit_rate=0.0%  total_pnl=-2.25 points
  [12sec] LONG  1:4  trades=3  hit_rate=0.0%  total_pnl=-2.25 points
  [12sec] LONG  1:2  trades=15  hit_rate=40.0%  total_pnl=4.1 points
  [12sec] LONG  1:3  trades=15  hit_rate=33.33%  total_pnl=2.55 points
  [12sec] LONG  1:4  trades=15  hit_rate=33.33%  total_pnl=7.6 points
  [12sec] LONG  1:2  trades=6  hit_rate=33.33%  total_pnl=-1.35 points
  [12sec] LONG  1:3  trades=6  hit_rate=33.33%  total_pnl=-0.15 points
  [12sec] LONG  1:4  trades=6  hit_rate=33.33%  total_pnl=1.05 points
  [12sec] LONG  1:2  trades=14  hit_rate=35.71%  total_pnl=1.0 points
  [12sec] LONG  1:3  trades=14  hit_rate=28.57%  total_pnl=-2.1 points
  [12sec] LONG  1:4  trades=14  hit_rate=28.57%  total_pnl=1.4 points
  [12sec] LONG  1:2  trades=3  hit_rate=0.0%  total_pnl=-2.25 points
  [12sec] LONG  1:3  trades=3  hit_rate=0.0%  total_pnl=-2.25 points
  [12sec] LONG  1:4  trades=3  hit_rate=0.0%  total_pnl=-2.25 points
  [12sec] LONG  1:2  trades=15  hit_rate=40.0%  total_pnl=4.1 points
  [12sec] LONG  1:3  trades=15  hit_rate=33.33%  total_pnl=2.55 points
  [12sec] LONG  1:4  trades=15  hit_rate=33.33%  total_pnl=7.6 points
  [12sec] LONG  1:2  trades=6  hit_rate=33.33%  total_pnl=-1.35 points
  [12sec] LONG  1:3  trades=6  hit_rate=33.33%  total_pnl=-0.15 points
  [12sec] LONG  1:4  trades=6  hit_rate=33.33%  total_pnl=1.05 points
  [12sec] LONG  1:2  trades=14  hit_rate=35.71%  total_pnl=1.0 points
  [12sec] LONG  1:3  trades=14  hit_rate=28.57%  total_pnl=-2.1 points
  [12sec] LONG  1:4  trades=14  hit_rate=28.57%  total_pnl=1.4 points
  [12sec] LONG  1:2  trades=3  hit_rate=0.0%  total_pnl=-2.25 points
  [12sec] LONG  1:3  trades=3  hit_rate=0.0%  total_pnl=-2.25 points
  [12sec] LONG  1:4  trades=3  hit_rate=0.0%  total_pnl=-2.25 points
  [12sec] LONG  1:2  trades=15  hit_rate=40.0%  total_pnl=4.1 points
  [12sec] LONG  1:3  trades=15  hit_rate=33.33%  total_pnl=2.55 points
  [12sec] LONG  1:4  trades=15  hit_rate=33.33%  total_pnl=7.6 points
  [12sec] LONG  1:2  trades=6  hit_rate=33.33%  total_pnl=-1.35 points
  [12sec] LONG  1:3  trades=6  hit_rate=33.33%  total_pnl=-0.15 points
  [12sec] LONG  1:4  trades=6  hit_rate=33.33%  total_pnl=1.05 points
  [12sec] LONG  1:2  trades=14  hit_rate=35.71%  total_pnl=1.0 points
  [12sec] LONG  1:3  trades=14  hit_rate=28.57%  total_pnl=-2.1 points
  [12sec] LONG  1:4  trades=14  hit_rate=28.57%  total_pnl=1.4 points
  [12sec] LONG  1:2  trades=3  hit_rate=0.0%  total_pnl=-2.25 points
  [12sec] LONG  1:3  trades=3  hit_rate=0.0%  total_pnl=-2.25 points
  [12sec] LONG  1:4  trades=3  hit_rate=0.0%  total_pnl=-2.25 points
  [12sec] LONG  1:2  trades=15  hit_rate=40.0%  total_pnl=4.1 points
  [12sec] LONG  1:3  trades=15  hit_rate=33.33%  total_pnl=2.55 points
  [12sec] LONG  1:4  trades=15  hit_rate=33.33%  total_pnl=7.6 points
  [12sec] LONG  1:2  trades=6  hit_rate=33.33%  total_pnl=-1.35 points
  [12sec] LONG  1:3  trades=6  hit_rate=33.33%  total_pnl=-0.15 points
  [12sec] LONG  1:4  trades=6  hit_rate=33.33%  total_pnl=1.05 points
  [12sec] LONG  1:2  trades=14  hit_rate=35.71%  total_pnl=1.0 points
  [12sec] LONG  1:3  trades=14  hit_rate=28.57%  total_pnl=-2.1 points
  [12sec] LONG  1:4  trades=14  hit_rate=28.57%  total_pnl=1.4 points
  [12sec] LONG  1:2  trades=3  hit_rate=0.0%  total_pnl=-2.25 points
  [12sec] LONG  1:3  trades=3  hit_rate=0.0%  total_pnl=-2.25 points
  [12sec] LONG  1:4  trades=3  hit_rate=0.0%  total_pnl=-2.25 points
  [12sec] LONG  1:2  trades=15  hit_rate=40.0%  total_pnl=4.1 points
  [12sec] LONG  1:3  trades=15  hit_rate=33.33%  total_pnl=2.55 points
  [12sec] LONG  1:4  trades=15  hit_rate=33.33%  total_pnl=7.6 points
  [12sec] LONG  1:2  trades=6  hit_rate=33.33%  total_pnl=-1.35 points
  [12sec] LONG  1:3  trades=6  hit_rate=33.33%  total_pnl=-0.15 points
  [12sec] LONG  1:4  trades=6  hit_rate=33.33%  total_pnl=1.05 points
  [12sec] LONG  1:2  trades=14  hit_rate=35.71%  total_pnl=1.0 points
  [12sec] LONG  1:3  trades=14  hit_rate=28.57%  total_pnl=-2.1 points
  [12sec] LONG  1:4  trades=14  hit_rate=28.57%  total_pnl=1.4 points
  [12sec] LONG  1:2  trades=3  hit_rate=0.0%  total_pnl=-2.25 points
  [12sec] LONG  1:3  trades=3  hit_rate=0.0%  total_pnl=-2.25 points
  [12sec] LONG  1:4  trades=3  hit_rate=0.0%  total_pnl=-2.25 points
  [12sec] LONG  1:2  trades=15  hit_rate=40.0%  total_pnl=4.1 points
  [12sec] LONG  1:3  trades=15  hit_rate=33.33%  total_pnl=2.55 points
  [12sec] LONG  1:4  trades=15  hit_rate=33.33%  total_pnl=7.6 points
  [12sec] LONG  1:2  trades=6  hit_rate=33.33%  total_pnl=-1.35 points
  [12sec] LONG  1:3  trades=6  hit_rate=33.33%  total_pnl=-0.15 points
  [12sec] LONG  1:4  trades=6  hit_rate=33.33%  total_pnl=1.05 points
  [12sec] LONG  1:2  trades=14  hit_rate=35.71%  total_pnl=1.0 points
  [12sec] LONG  1:3  trades=14  hit_rate=28.57%  total_pnl=-2.1 points
  [12sec] LONG  1:4  trades=14  hit_rate=28.57%  total_pnl=1.4 points
  [12sec] LONG  1:2  trades=3  hit_rate=0.0%  total_pnl=-2.25 points
  [12sec] LONG  1:3  trades=3  hit_rate=0.0%  total_pnl=-2.25 points
  [12sec] LONG  1:4  trades=3  hit_rate=0.0%  total_pnl=-2.25 points
  [12sec] LONG  1:2  trades=15  hit_rate=40.0%  total_pnl=4.1 points
  [12sec] LONG  1:3  trades=15  hit_rate=33.33%  total_pnl=2.55 points
  [12sec] LONG  1:4  trades=15  hit_rate=33.33%  total_pnl=7.6 points
  [12sec] LONG  1:2  trades=6  hit_rate=33.33%  total_pnl=-1.35 points
  [12sec] LONG  1:3  trades=6  hit_rate=33.33%  total_pnl=-0.15 points
  [12sec] LONG  1:4  trades=6  hit_rate=33.33%  total_pnl=1.05 points
  [12sec] LONG  1:2  trades=14  hit_rate=35.71%  total_pnl=1.0 points
  [12sec] LONG  1:3  trades=14  hit_rate=28.57%  total_pnl=-2.1 points
  [12sec] LONG  1:4  trades=14  hit_rate=28.57%  total_pnl=1.4 points
  [12sec] LONG  1:2  trades=3  hit_rate=0.0%  total_pnl=-2.25 points
  [12sec] LONG  1:3  trades=3  hit_rate=0.0%  total_pnl=-2.25 points
  [12sec] LONG  1:4  trades=3  hit_rate=0.0%  total_pnl=-2.25 points
  [12sec] LONG  1:2  trades=15  hit_rate=40.0%  total_pnl=4.1 points
  [12sec] LONG  1:3  trades=15  hit_rate=33.33%  total_pnl=2.55 points
  [12sec] LONG  1:4  trades=15  hit_rate=33.33%  total_pnl=7.6 points
  [12sec] LONG  1:2  trades=6  hit_rate=33.33%  total_pnl=-1.35 points
  [12sec] LONG  1:3  trades=6  hit_rate=33.33%  total_pnl=-0.15 points
  [12sec] LONG  1:4  trades=6  hit_rate=33.33%  total_pnl=1.05 points
  [12sec] LONG  1:2  trades=14  hit_rate=35.71%  total_pnl=1.0 points
  [12sec] LONG  1:3  trades=14  hit_rate=28.57%  total_pnl=-2.1 points
  [12sec] LONG  1:4  trades=14  hit_rate=28.57%  total_pnl=1.4 points
  [12sec] LONG  1:2  trades=3  hit_rate=0.0%  total_pnl=-2.25 points
  [12sec] LONG  1:3  trades=3  hit_rate=0.0%  total_pnl=-2.25 points
  [12sec] LONG  1:4  trades=3  hit_rate=0.0%  total_pnl=-2.25 points
  [12sec] LONG  1:2  trades=15  hit_rate=40.0%  total_pnl=4.1 points
  [12sec] LONG  1:3  trades=15  hit_rate=33.33%  total_pnl=2.55 points
  [12sec] LONG  1:4  trades=15  hit_rate=33.33%  total_pnl=7.6 points
  [12sec] LONG  1:2  trades=6  hit_rate=33.33%  total_pnl=-1.35 points
  [12sec] LONG  1:3  trades=6  hit_rate=33.33%  total_pnl=-0.15 points
  [12sec] LONG  1:4  trades=6  hit_rate=33.33%  total_pnl=1.05 points
  [12sec] LONG  1:2  trades=14  hit_rate=35.71%  total_pnl=1.0 points
  [12sec] LONG  1:3  trades=14  hit_rate=28.57%  total_pnl=-2.1 points
  [12sec] LONG  1:4  trades=14  hit_rate=28.57%  total_pnl=1.4 points
  [12sec] LONG  1:2  trades=3  hit_rate=0.0%  total_pnl=-2.25 points
  [12sec] LONG  1:3  trades=3  hit_rate=0.0%  total_pnl=-2.25 points
  [12sec] LONG  1:4  trades=3  hit_rate=0.0%  total_pnl=-2.25 points
  [12sec] LONG  1:2  trades=15  hit_rate=40.0%  total_pnl=4.1 points
  [12sec] LONG  1:3  trades=15  hit_rate=33.33%  total_pnl=2.55 points
  [12sec] LONG  1:4  trades=15  hit_rate=33.33%  total_pnl=7.6 points
  [12sec] LONG  1:2  trades=6  hit_rate=33.33%  total_pnl=-1.35 points
  [12sec] LONG  1:3  trades=6  hit_rate=33.33%  total_pnl=-0.15 points
  [12sec] LONG  1:4  trades=6  hit_rate=33.33%  total_pnl=1.05 points
  [12sec] LONG  1:2  trades=14  hit_rate=35.71%  total_pnl=1.0 points
  [12sec] LONG  1:3  trades=14  hit_rate=28.57%  total_pnl=-2.1 points
  [12sec] LONG  1:4  trades=14  hit_rate=28.57%  total_pnl=1.4 points
  [12sec] LONG  1:2  trades=3  hit_rate=0.0%  total_pnl=-2.25 points
  [12sec] LONG  1:3  trades=3  hit_rate=0.0%  total_pnl=-2.25 points
  [12sec] LONG  1:4  trades=3  hit_rate=0.0%  total_pnl=-2.25 points
  [12sec] LONG  1:2  trades=15  hit_rate=40.0%  total_pnl=4.1 points
  [12sec] LONG  1:3  trades=15  hit_rate=33.33%  total_pnl=2.55 points
  [12sec] LONG  1:4  trades=15  hit_rate=33.33%  total_pnl=7.6 points
  [12sec] LONG  1:2  trades=6  hit_rate=33.33%  total_pnl=-1.35 points
  [12sec] LONG  1:3  trades=6  hit_rate=33.33%  total_pnl=-0.15 points
  [12sec] LONG  1:4  trades=6  hit_rate=33.33%  total_pnl=1.05 points
  [12sec] LONG  1:2  trades=14  hit_rate=35.71%  total_pnl=1.0 points
  [12sec] LONG  1:3  trades=14  hit_rate=28.57%  total_pnl=-2.1 points
  [12sec] LONG  1:4  trades=14  hit_rate=28.57%  total_pnl=1.4 points
  [12sec] LONG  1:2  trades=3  hit_rate=0.0%  total_pnl=-2.25 points
  [12sec] LONG  1:3  trades=3  hit_rate=0.0%  total_pnl=-2.25 points
  [12sec] LONG  1:4  trades=3  hit_rate=0.0%  total_pnl=-2.25 points
  [12sec] LONG  1:2  trades=15  hit_rate=40.0%  total_pnl=4.1 points
  [12sec] LONG  1:3  trades=15  hit_rate=33.33%  total_pnl=2.55 points
  [12sec] LONG  1:4  trades=15  hit_rate=33.33%  total_pnl=7.6 points
  [12sec] LONG  1:2  trades=6  hit_rate=33.33%  total_pnl=-1.35 points
  [12sec] LONG  1:3  trades=6  hit_rate=33.33%  total_pnl=-0.15 points
  [12sec] LONG  1:4  trades=6  hit_rate=33.33%  total_pnl=1.05 points
  [12sec] LONG  1:2  trades=14  hit_rate=35.71%  total_pnl=1.0 points
  [12sec] LONG  1:3  trades=14  hit_rate=28.57%  total_pnl=-2.1 points
  [12sec] LONG  1:4  trades=14  hit_rate=28.57%  total_pnl=1.4 points
  [12sec] LONG  1:2  trades=3  hit_rate=0.0%  total_pnl=-2.25 points
  [12sec] LONG  1:3  trades=3  hit_rate=0.0%  total_pnl=-2.25 points
  [12sec] LONG  1:4  trades=3  hit_rate=0.0%  total_pnl=-2.25 points
  [12sec] LONG  1:2  trades=15  hit_rate=40.0%  total_pnl=4.1 points
  [12sec] LONG  1:3  trades=15  hit_rate=33.33%  total_pnl=2.55 points
  [12sec] LONG  1:4  trades=15  hit_rate=33.33%  total_pnl=7.6 points
  [12sec] LONG  1:2  trades=6  hit_rate=33.33%  total_pnl=-1.35 points
  [12sec] LONG  1:3  trades=6  hit_rate=33.33%  total_pnl=-0.15 points
  [12sec] LONG  1:4  trades=6  hit_rate=33.33%  total_pnl=1.05 points
  [12sec] LONG  1:2  trades=14  hit_rate=35.71%  total_pnl=1.0 points
  [12sec] LONG  1:3  trades=14  hit_rate=28.57%  total_pnl=-2.1 points
  [12sec] LONG  1:4  trades=14  hit_rate=28.57%  total_pnl=1.4 points
  [12sec] LONG  1:2  trades=3  hit_rate=0.0%  total_pnl=-2.25 points
  [12sec] LONG  1:3  trades=3  hit_rate=0.0%  total_pnl=-2.25 points
  [12sec] LONG  1:4  trades=3  hit_rate=0.0%  total_pnl=-2.25 points
  [12sec] LONG  1:2  trades=15  hit_rate=40.0%  total_pnl=4.1 points
  [12sec] LONG  1:3  trades=15  hit_rate=33.33%  total_pnl=2.55 points
  [12sec] LONG  1:4  trades=15  hit_rate=33.33%  total_pnl=7.6 points
  [12sec] LONG  1:2  trades=6  hit_rate=33.33%  total_pnl=-1.35 points
  [12sec] LONG  1:3  trades=6  hit_rate=33.33%  total_pnl=-0.15 points
  [12sec] LONG  1:4  trades=6  hit_rate=33.33%  total_pnl=1.05 points
  [12sec] LONG  1:2  trades=14  hit_rate=35.71%  total_pnl=1.0 points
  [12sec] LONG  1:3  trades=14  hit_rate=28.57%  total_pnl=-2.1 points
  [12sec] LONG  1:4  trades=14  hit_rate=28.57%  total_pnl=1.4 points
  [12sec] LONG  1:2  trades=3  hit_rate=0.0%  total_pnl=-2.25 points
  [12sec] LONG  1:3  trades=3  hit_rate=0.0%  total_pnl=-2.25 points
  [12sec] LONG  1:4  trades=3  hit_rate=0.0%  total_pnl=-2.25 points
  [12sec] LONG  1:2  trades=14  hit_rate=35.71%  total_pnl=-0.3 points
  [12sec] LONG  1:3  trades=14  hit_rate=35.71%  total_pnl=4.75 points
  [12sec] LONG  1:4  trades=14  hit_rate=35.71%  total_pnl=9.8 points
  [12sec] LONG  1:2  trades=6  hit_rate=33.33%  total_pnl=-1.35 points
  [12sec] LONG  1:3  trades=6  hit_rate=33.33%  total_pnl=-0.15 points
  [12sec] LONG  1:4  trades=6  hit_rate=33.33%  total_pnl=1.05 points
  [12sec] LONG  1:2  trades=13  hit_rate=30.77%  total_pnl=-3.4 points
  [12sec] LONG  1:3  trades=13  hit_rate=30.77%  total_pnl=0.1 points
  [12sec] LONG  1:4  trades=13  hit_rate=30.77%  total_pnl=3.6 points
  [12sec] LONG  1:2  trades=3  hit_rate=0.0%  total_pnl=-2.25 points
  [12sec] LONG  1:3  trades=3  hit_rate=0.0%  total_pnl=-2.25 points
  [12sec] LONG  1:4  trades=3  hit_rate=0.0%  total_pnl=-2.25 points
  [12sec] LONG  1:2  trades=12  hit_rate=33.33%  total_pnl=1.95 points
  [12sec] LONG  1:3  trades=12  hit_rate=33.33%  total_pnl=6.3 points
  [12sec] LONG  1:4  trades=12  hit_rate=33.33%  total_pnl=10.65 points
  [12sec] LONG  1:2  trades=5  hit_rate=20.0%  total_pnl=-2.75 points
  [12sec] LONG  1:3  trades=5  hit_rate=20.0%  total_pnl=-2.25 points
  [12sec] LONG  1:4  trades=5  hit_rate=20.0%  total_pnl=-1.75 points
  [12sec] LONG  1:2  trades=11  hit_rate=27.27%  total_pnl=-1.15 points
  [12sec] LONG  1:3  trades=11  hit_rate=27.27%  total_pnl=1.65 points
  [12sec] LONG  1:4  trades=11  hit_rate=27.27%  total_pnl=4.45 points
  [12sec] LONG  1:2  trades=3  hit_rate=0.0%  total_pnl=-2.25 points
  [12sec] LONG  1:3  trades=3  hit_rate=0.0%  total_pnl=-2.25 points
  [12sec] LONG  1:4  trades=3  hit_rate=0.0%  total_pnl=-2.25 points
  [12sec] LONG  1:2  trades=12  hit_rate=33.33%  total_pnl=1.95 points
  [12sec] LONG  1:3  trades=12  hit_rate=33.33%  total_pnl=6.3 points
  [12sec] LONG  1:4  trades=12  hit_rate=33.33%  total_pnl=10.65 points
  [12sec] LONG  1:2  trades=5  hit_rate=20.0%  total_pnl=-2.75 points
  [12sec] LONG  1:3  trades=5  hit_rate=20.0%  total_pnl=-2.25 points
  [12sec] LONG  1:4  trades=5  hit_rate=20.0%  total_pnl=-1.75 points
  [12sec] LONG  1:2  trades=11  hit_rate=27.27%  total_pnl=-1.15 points
  [12sec] LONG  1:3  trades=11  hit_rate=27.27%  total_pnl=1.65 points
  [12sec] LONG  1:4  trades=11  hit_rate=27.27%  total_pnl=4.45 points
  [12sec] LONG  1:2  trades=3  hit_rate=0.0%  total_pnl=-2.25 points
  [12sec] LONG  1:3  trades=3  hit_rate=0.0%  total_pnl=-2.25 points
  [12sec] LONG  1:4  trades=3  hit_rate=0.0%  total_pnl=-2.25 points
  [12sec] LONG  1:2  trades=12  hit_rate=33.33%  total_pnl=1.95 points
  [12sec] LONG  1:3  trades=12  hit_rate=33.33%  total_pnl=6.3 points
  [12sec] LONG  1:4  trades=12  hit_rate=33.33%  total_pnl=10.65 points
  [12sec] LONG  1:2  trades=5  hit_rate=20.0%  total_pnl=-2.75 points
  [12sec] LONG  1:3  trades=5  hit_rate=20.0%  total_pnl=-2.25 points
  [12sec] LONG  1:4  trades=5  hit_rate=20.0%  total_pnl=-1.75 points
  [12sec] LONG  1:2  trades=11  hit_rate=27.27%  total_pnl=-1.15 points
  [12sec] LONG  1:3  trades=11  hit_rate=27.27%  total_pnl=1.65 points
  [12sec] LONG  1:4  trades=11  hit_rate=27.27%  total_pnl=4.45 points
  [12sec] LONG  1:2  trades=3  hit_rate=0.0%  total_pnl=-2.25 points
  [12sec] LONG  1:3  trades=3  hit_rate=0.0%  total_pnl=-2.25 points
  [12sec] LONG  1:4  trades=3  hit_rate=0.0%  total_pnl=-2.25 points
  [12sec] LONG  1:2  trades=12  hit_rate=33.33%  total_pnl=1.95 points
  [12sec] LONG  1:3  trades=12  hit_rate=33.33%  total_pnl=6.3 points
  [12sec] LONG  1:4  trades=12  hit_rate=33.33%  total_pnl=10.65 points
  [12sec] LONG  1:2  trades=5  hit_rate=20.0%  total_pnl=-2.75 points
  [12sec] LONG  1:3  trades=5  hit_rate=20.0%  total_pnl=-2.25 points
  [12sec] LONG  1:4  trades=5  hit_rate=20.0%  total_pnl=-1.75 points
  [12sec] LONG  1:2  trades=11  hit_rate=27.27%  total_pnl=-1.15 points
  [12sec] LONG  1:3  trades=11  hit_rate=27.27%  total_pnl=1.65 points
  [12sec] LONG  1:4  trades=11  hit_rate=27.27%  total_pnl=4.45 points
  [12sec] LONG  1:2  trades=3  hit_rate=0.0%  total_pnl=-2.25 points
  [12sec] LONG  1:3  trades=3  hit_rate=0.0%  total_pnl=-2.25 points
  [12sec] LONG  1:4  trades=3  hit_rate=0.0%  total_pnl=-2.25 points
  [1min] LONG  1:2  trades=5  hit_rate=60.0%  total_pnl=4.3 points
  [1min] LONG  1:3  trades=5  hit_rate=60.0%  total_pnl=8.1 points
  [1min] LONG  1:4  trades=5  hit_rate=40.0%  total_pnl=3.65 points
  [1min] LONG  1:2  trades=4  hit_rate=75.0%  total_pnl=6.7 points
  [1min] LONG  1:3  trades=4  hit_rate=75.0%  total_pnl=10.5 points
  [1min] LONG  1:4  trades=4  hit_rate=50.0%  total_pnl=6.05 points
  [1min] LONG  1:2  trades=4  hit_rate=75.0%  total_pnl=6.7 points
  [1min] LONG  1:3  trades=4  hit_rate=75.0%  total_pnl=10.5 points
  [1min] LONG  1:4  trades=4  hit_rate=50.0%  total_pnl=6.05 points
  [1min] LONG  1:2  trades=4  hit_rate=75.0%  total_pnl=6.7 points
  [1min] LONG  1:3  trades=4  hit_rate=75.0%  total_pnl=10.5 points
  [1min] LONG  1:4  trades=4  hit_rate=50.0%  total_pnl=6.05 points
  [1min] LONG  1:2  trades=2  hit_rate=100.0%  total_pnl=6.6 points
  [1min] LONG  1:3  trades=2  hit_rate=100.0%  total_pnl=9.9 points
  [1min] LONG  1:4  trades=2  hit_rate=50.0%  total_pnl=4.95 points
  [1min] LONG  1:2  trades=2  hit_rate=100.0%  total_pnl=6.6 points
  [1min] LONG  1:3  trades=2  hit_rate=100.0%  total_pnl=9.9 points
  [1min] LONG  1:4  trades=2  hit_rate=50.0%  total_pnl=4.95 points
  [1min] LONG  1:2  trades=2  hit_rate=100.0%  total_pnl=6.6 points
  [1min] LONG  1:3  trades=2  hit_rate=100.0%  total_pnl=9.9 points
  [1min] LONG  1:4  trades=2  hit_rate=50.0%  total_pnl=4.95 points
  [1min] LONG  1:2  trades=2  hit_rate=100.0%  total_pnl=6.6 points
  [1min] LONG  1:3  trades=2  hit_rate=100.0%  total_pnl=9.9 points
  [1min] LONG  1:4  trades=2  hit_rate=50.0%  total_pnl=4.95 points
  [1min] LONG  1:2  trades=1  hit_rate=100.0%  total_pnl=3.3 points
  [1min] LONG  1:3  trades=1  hit_rate=100.0%  total_pnl=4.95 points
  [1min] LONG  1:4  trades=1  hit_rate=0.0%  total_pnl=-1.65 points
  [1min] LONG  1:2  trades=1  hit_rate=100.0%  total_pnl=3.3 points
  [1min] LONG  1:3  trades=1  hit_rate=100.0%  total_pnl=4.95 points
  [1min] LONG  1:4  trades=1  hit_rate=0.0%  total_pnl=-1.65 points
  [1min] LONG  1:2  trades=1  hit_rate=100.0%  total_pnl=3.3 points
  [1min] LONG  1:3  trades=1  hit_rate=100.0%  total_pnl=4.95 points
  [1min] LONG  1:4  trades=1  hit_rate=0.0%  total_pnl=-1.65 points
  [1min] LONG  1:2  trades=1  hit_rate=100.0%  total_pnl=3.3 points
  [1min] LONG  1:3  trades=1  hit_rate=100.0%  total_pnl=4.95 points
  [1min] LONG  1:4  trades=1  hit_rate=0.0%  total_pnl=-1.65 points
  [1min] LONG  1:2  trades=5  hit_rate=60.0%  total_pnl=4.3 points
  [1min] LONG  1:3  trades=5  hit_rate=60.0%  total_pnl=8.1 points
  [1min] LONG  1:4  trades=5  hit_rate=40.0%  total_pnl=3.65 points
  [1min] LONG  1:2  trades=4  hit_rate=75.0%  total_pnl=6.7 points
  [1min] LONG  1:3  trades=4  hit_rate=75.0%  total_pnl=10.5 points
  [1min] LONG  1:4  trades=4  hit_rate=50.0%  total_pnl=6.05 points
  [1min] LONG  1:2  trades=5  hit_rate=60.0%  total_pnl=4.3 points
  [1min] LONG  1:3  trades=5  hit_rate=60.0%  total_pnl=8.1 points
  [1min] LONG  1:4  trades=5  hit_rate=40.0%  total_pnl=3.65 points
  [1min] LONG  1:2  trades=4  hit_rate=75.0%  total_pnl=6.7 points
  [1min] LONG  1:3  trades=4  hit_rate=75.0%  total_pnl=10.5 points
  [1min] LONG  1:4  trades=4  hit_rate=50.0%  total_pnl=6.05 points
  [1min] LONG  1:2  trades=4  hit_rate=50.0%  total_pnl=3.3 points
  [1min] LONG  1:3  trades=4  hit_rate=50.0%  total_pnl=6.6 points
  [1min] LONG  1:4  trades=4  hit_rate=25.0%  total_pnl=1.65 points
  [1min] LONG  1:2  trades=3  hit_rate=66.67%  total_pnl=5.7 points
  [1min] LONG  1:3  trades=3  hit_rate=66.67%  total_pnl=9.0 points
  [1min] LONG  1:4  trades=3  hit_rate=33.33%  total_pnl=4.05 points
  [1min] LONG  1:2  trades=3  hit_rate=66.67%  total_pnl=4.2 points
  [1min] LONG  1:3  trades=3  hit_rate=66.67%  total_pnl=7.5 points
  [1min] LONG  1:4  trades=3  hit_rate=33.33%  total_pnl=2.55 points
  [1min] LONG  1:2  trades=2  hit_rate=100.0%  total_pnl=6.6 points
  [1min] LONG  1:3  trades=2  hit_rate=100.0%  total_pnl=9.9 points
  [1min] LONG  1:4  trades=2  hit_rate=50.0%  total_pnl=4.95 points
  [1min] LONG  1:2  trades=1  hit_rate=100.0%  total_pnl=3.3 points
  [1min] LONG  1:3  trades=1  hit_rate=100.0%  total_pnl=4.95 points
  [1min] LONG  1:4  trades=1  hit_rate=0.0%  total_pnl=-1.65 points
  [1min] LONG  1:2  trades=1  hit_rate=100.0%  total_pnl=3.3 points
  [1min] LONG  1:3  trades=1  hit_rate=100.0%  total_pnl=4.95 points
  [1min] LONG  1:4  trades=1  hit_rate=0.0%  total_pnl=-1.65 points
  [1min] LONG  1:2  trades=1  hit_rate=100.0%  total_pnl=3.3 points
  [1min] LONG  1:3  trades=1  hit_rate=100.0%  total_pnl=4.95 points
  [1min] LONG  1:4  trades=1  hit_rate=0.0%  total_pnl=-1.65 points
  [1min] LONG  1:2  trades=1  hit_rate=100.0%  total_pnl=3.3 points
  [1min] LONG  1:3  trades=1  hit_rate=100.0%  total_pnl=4.95 points
  [1min] LONG  1:4  trades=1  hit_rate=0.0%  total_pnl=-1.65 points
  [1min] LONG  1:2  trades=1  hit_rate=100.0%  total_pnl=3.3 points
  [1min] LONG  1:3  trades=1  hit_rate=100.0%  total_pnl=4.95 points
  [1min] LONG  1:4  trades=1  hit_rate=0.0%  total_pnl=-1.65 points
  [1min] LONG  1:2  trades=1  hit_rate=100.0%  total_pnl=3.3 points
  [1min] LONG  1:3  trades=1  hit_rate=100.0%  total_pnl=4.95 points
  [1min] LONG  1:4  trades=1  hit_rate=0.0%  total_pnl=-1.65 points
  [1min] LONG  1:2  trades=1  hit_rate=100.0%  total_pnl=3.3 points
  [1min] LONG  1:3  trades=1  hit_rate=100.0%  total_pnl=4.95 points
  [1min] LONG  1:4  trades=1  hit_rate=0.0%  total_pnl=-1.65 points
  [1min] LONG  1:2  trades=1  hit_rate=100.0%  total_pnl=3.3 points
  [1min] LONG  1:3  trades=1  hit_rate=100.0%  total_pnl=4.95 points
  [1min] LONG  1:4  trades=1  hit_rate=0.0%  total_pnl=-1.65 points
  [1min] LONG  1:2  trades=5  hit_rate=60.0%  total_pnl=4.3 points
  [1min] LONG  1:3  trades=5  hit_rate=60.0%  total_pnl=8.1 points
  [1min] LONG  1:4  trades=5  hit_rate=40.0%  total_pnl=3.65 points
  [1min] LONG  1:2  trades=4  hit_rate=75.0%  total_pnl=6.7 points
  [1min] LONG  1:3  trades=4  hit_rate=75.0%  total_pnl=10.5 points
  [1min] LONG  1:4  trades=4  hit_rate=50.0%  total_pnl=6.05 points
  [1min] LONG  1:2  trades=5  hit_rate=60.0%  total_pnl=4.3 points
  [1min] LONG  1:3  trades=5  hit_rate=60.0%  total_pnl=8.1 points
  [1min] LONG  1:4  trades=5  hit_rate=40.0%  total_pnl=3.65 points
  [1min] LONG  1:2  trades=4  hit_rate=75.0%  total_pnl=6.7 points
  [1min] LONG  1:3  trades=4  hit_rate=75.0%  total_pnl=10.5 points
  [1min] LONG  1:4  trades=4  hit_rate=50.0%  total_pnl=6.05 points
  [1min] LONG  1:2  trades=5  hit_rate=60.0%  total_pnl=4.3 points
  [1min] LONG  1:3  trades=5  hit_rate=60.0%  total_pnl=8.1 points
  [1min] LONG  1:4  trades=5  hit_rate=40.0%  total_pnl=3.65 points
  [1min] LONG  1:2  trades=4  hit_rate=75.0%  total_pnl=6.7 points
  [1min] LONG  1:3  trades=4  hit_rate=75.0%  total_pnl=10.5 points
  [1min] LONG  1:4  trades=4  hit_rate=50.0%  total_pnl=6.05 points
  [1min] LONG  1:2  trades=5  hit_rate=60.0%  total_pnl=4.3 points
  [1min] LONG  1:3  trades=5  hit_rate=60.0%  total_pnl=8.1 points
  [1min] LONG  1:4  trades=5  hit_rate=40.0%  total_pnl=3.65 points
  [1min] LONG  1:2  trades=4  hit_rate=75.0%  total_pnl=6.7 points
  [1min] LONG  1:3  trades=4  hit_rate=75.0%  total_pnl=10.5 points
  [1min] LONG  1:4  trades=4  hit_rate=50.0%  total_pnl=6.05 points
  [1min] LONG  1:2  trades=3  hit_rate=66.67%  total_pnl=4.2 points
  [1min] LONG  1:3  trades=3  hit_rate=66.67%  total_pnl=7.5 points
  [1min] LONG  1:4  trades=3  hit_rate=33.33%  total_pnl=2.55 points
  [1min] LONG  1:2  trades=2  hit_rate=100.0%  total_pnl=6.6 points
  [1min] LONG  1:3  trades=2  hit_rate=100.0%  total_pnl=9.9 points
  [1min] LONG  1:4  trades=2  hit_rate=50.0%  total_pnl=4.95 points
  [1min] LONG  1:2  trades=2  hit_rate=50.0%  total_pnl=0.9 points
  [1min] LONG  1:3  trades=2  hit_rate=50.0%  total_pnl=2.55 points
  [1min] LONG  1:4  trades=2  hit_rate=0.0%  total_pnl=-4.05 points
  [1min] LONG  1:2  trades=1  hit_rate=100.0%  total_pnl=3.3 points
  [1min] LONG  1:3  trades=1  hit_rate=100.0%  total_pnl=4.95 points
  [1min] LONG  1:4  trades=1  hit_rate=0.0%  total_pnl=-1.65 points
  [1min] LONG  1:2  trades=2  hit_rate=50.0%  total_pnl=0.9 points
  [1min] LONG  1:3  trades=2  hit_rate=50.0%  total_pnl=2.55 points
  [1min] LONG  1:4  trades=2  hit_rate=0.0%  total_pnl=-4.05 points
  [1min] LONG  1:2  trades=1  hit_rate=100.0%  total_pnl=3.3 points
  [1min] LONG  1:3  trades=1  hit_rate=100.0%  total_pnl=4.95 points
  [1min] LONG  1:4  trades=1  hit_rate=0.0%  total_pnl=-1.65 points
  [1min] LONG  1:2  trades=2  hit_rate=50.0%  total_pnl=0.9 points
  [1min] LONG  1:3  trades=2  hit_rate=50.0%  total_pnl=2.55 points
  [1min] LONG  1:4  trades=2  hit_rate=0.0%  total_pnl=-4.05 points
  [1min] LONG  1:2  trades=1  hit_rate=100.0%  total_pnl=3.3 points
  [1min] LONG  1:3  trades=1  hit_rate=100.0%  total_pnl=4.95 points
  [1min] LONG  1:4  trades=1  hit_rate=0.0%  total_pnl=-1.65 points
  [1min] LONG  1:2  trades=1  hit_rate=0.0%  total_pnl=-2.4 points
  [1min] LONG  1:3  trades=1  hit_rate=0.0%  total_pnl=-2.4 points
  [1min] LONG  1:4  trades=1  hit_rate=0.0%  total_pnl=-2.4 points
  [1min] LONG  1:2  trades=5  hit_rate=60.0%  total_pnl=4.3 points
  [1min] LONG  1:3  trades=5  hit_rate=60.0%  total_pnl=8.1 points
  [1min] LONG  1:4  trades=5  hit_rate=40.0%  total_pnl=3.65 points
  [1min] LONG  1:2  trades=4  hit_rate=75.0%  total_pnl=6.7 points
  [1min] LONG  1:3  trades=4  hit_rate=75.0%  total_pnl=10.5 points
  [1min] LONG  1:4  trades=4  hit_rate=50.0%  total_pnl=6.05 points
  [1min] LONG  1:2  trades=5  hit_rate=60.0%  total_pnl=4.3 points
  [1min] LONG  1:3  trades=5  hit_rate=60.0%  total_pnl=8.1 points
  [1min] LONG  1:4  trades=5  hit_rate=40.0%  total_pnl=3.65 points
  [1min] LONG  1:2  trades=4  hit_rate=75.0%  total_pnl=6.7 points
  [1min] LONG  1:3  trades=4  hit_rate=75.0%  total_pnl=10.5 points
  [1min] LONG  1:4  trades=4  hit_rate=50.0%  total_pnl=6.05 points
  [1min] LONG  1:2  trades=5  hit_rate=60.0%  total_pnl=4.3 points
  [1min] LONG  1:3  trades=5  hit_rate=60.0%  total_pnl=8.1 points
  [1min] LONG  1:4  trades=5  hit_rate=40.0%  total_pnl=3.65 points
  [1min] LONG  1:2  trades=4  hit_rate=75.0%  total_pnl=6.7 points
  [1min] LONG  1:3  trades=4  hit_rate=75.0%  total_pnl=10.5 points
  [1min] LONG  1:4  trades=4  hit_rate=50.0%  total_pnl=6.05 points
  [1min] LONG  1:2  trades=5  hit_rate=60.0%  total_pnl=4.3 points
  [1min] LONG  1:3  trades=5  hit_rate=60.0%  total_pnl=8.1 points
  [1min] LONG  1:4  trades=5  hit_rate=40.0%  total_pnl=3.65 points
  [1min] LONG  1:2  trades=4  hit_rate=75.0%  total_pnl=6.7 points
  [1min] LONG  1:3  trades=4  hit_rate=75.0%  total_pnl=10.5 points
  [1min] LONG  1:4  trades=4  hit_rate=50.0%  total_pnl=6.05 points
  [1min] LONG  1:2  trades=5  hit_rate=60.0%  total_pnl=4.3 points
  [1min] LONG  1:3  trades=5  hit_rate=60.0%  total_pnl=8.1 points
  [1min] LONG  1:4  trades=5  hit_rate=40.0%  total_pnl=3.65 points
  [1min] LONG  1:2  trades=4  hit_rate=75.0%  total_pnl=6.7 points
  [1min] LONG  1:3  trades=4  hit_rate=75.0%  total_pnl=10.5 points
  [1min] LONG  1:4  trades=4  hit_rate=50.0%  total_pnl=6.05 points
  [1min] LONG  1:2  trades=5  hit_rate=60.0%  total_pnl=4.3 points
  [1min] LONG  1:3  trades=5  hit_rate=60.0%  total_pnl=8.1 points
  [1min] LONG  1:4  trades=5  hit_rate=40.0%  total_pnl=3.65 points
  [1min] LONG  1:2  trades=4  hit_rate=75.0%  total_pnl=6.7 points
  [1min] LONG  1:3  trades=4  hit_rate=75.0%  total_pnl=10.5 points
  [1min] LONG  1:4  trades=4  hit_rate=50.0%  total_pnl=6.05 points
  [1min] LONG  1:2  trades=5  hit_rate=60.0%  total_pnl=4.3 points
  [1min] LONG  1:3  trades=5  hit_rate=60.0%  total_pnl=8.1 points
  [1min] LONG  1:4  trades=5  hit_rate=40.0%  total_pnl=3.65 points
  [1min] LONG  1:2  trades=4  hit_rate=75.0%  total_pnl=6.7 points
  [1min] LONG  1:3  trades=4  hit_rate=75.0%  total_pnl=10.5 points
  [1min] LONG  1:4  trades=4  hit_rate=50.0%  total_pnl=6.05 points
  [1min] LONG  1:2  trades=3  hit_rate=66.67%  total_pnl=1.9 points
  [1min] LONG  1:3  trades=3  hit_rate=66.67%  total_pnl=4.05 points
  [1min] LONG  1:4  trades=3  hit_rate=33.33%  total_pnl=-2.05 points
  [1min] LONG  1:2  trades=2  hit_rate=100.0%  total_pnl=4.3 points
  [1min] LONG  1:3  trades=2  hit_rate=100.0%  total_pnl=6.45 points
  [1min] LONG  1:4  trades=2  hit_rate=50.0%  total_pnl=0.35 points
  [1min] LONG  1:2  trades=3  hit_rate=66.67%  total_pnl=1.9 points
  [1min] LONG  1:3  trades=3  hit_rate=66.67%  total_pnl=4.05 points
  [1min] LONG  1:4  trades=3  hit_rate=33.33%  total_pnl=-2.05 points
  [1min] LONG  1:2  trades=2  hit_rate=100.0%  total_pnl=4.3 points
  [1min] LONG  1:3  trades=2  hit_rate=100.0%  total_pnl=6.45 points
  [1min] LONG  1:4  trades=2  hit_rate=50.0%  total_pnl=0.35 points
  [1min] LONG  1:2  trades=1  hit_rate=0.0%  total_pnl=-2.4 points
  [1min] LONG  1:3  trades=1  hit_rate=0.0%  total_pnl=-2.4 points
  [1min] LONG  1:4  trades=1  hit_rate=0.0%  total_pnl=-2.4 points
  [1min] LONG  1:2  trades=1  hit_rate=0.0%  total_pnl=-2.4 points
  [1min] LONG  1:3  trades=1  hit_rate=0.0%  total_pnl=-2.4 points
  [1min] LONG  1:4  trades=1  hit_rate=0.0%  total_pnl=-2.4 points
  [1min] LONG  1:2  trades=1  hit_rate=0.0%  total_pnl=-2.4 points
  [1min] LONG  1:3  trades=1  hit_rate=0.0%  total_pnl=-2.4 points
  [1min] LONG  1:4  trades=1  hit_rate=0.0%  total_pnl=-2.4 points
  [1min] LONG  1:2  trades=1  hit_rate=0.0%  total_pnl=-2.4 points
  [1min] LONG  1:3  trades=1  hit_rate=0.0%  total_pnl=-2.4 points
  [1min] LONG  1:4  trades=1  hit_rate=0.0%  total_pnl=-2.4 points
  [1min] LONG  1:2  trades=1  hit_rate=0.0%  total_pnl=-2.4 points
  [1min] LONG  1:3  trades=1  hit_rate=0.0%  total_pnl=-2.4 points
  [1min] LONG  1:4  trades=1  hit_rate=0.0%  total_pnl=-2.4 points
  [3min] LONG  1:2  trades=1  hit_rate=0.0%  total_pnl=-1.25 points
  [3min] LONG  1:3  trades=1  hit_rate=0.0%  total_pnl=-1.25 points
  [3min] LONG  1:4  trades=1  hit_rate=0.0%  total_pnl=-1.25 points
  [3min] LONG  1:2  trades=1  hit_rate=0.0%  total_pnl=-1.25 points
  [3min] LONG  1:3  trades=1  hit_rate=0.0%  total_pnl=-1.25 points
  [3min] LONG  1:4  trades=1  hit_rate=0.0%  total_pnl=-1.25 points
  [3min] LONG  1:2  trades=1  hit_rate=0.0%  total_pnl=-1.25 points
  [3min] LONG  1:3  trades=1  hit_rate=0.0%  total_pnl=-1.25 points
  [3min] LONG  1:4  trades=1  hit_rate=0.0%  total_pnl=-1.25 points
  [3min] LONG  1:2  trades=1  hit_rate=0.0%  total_pnl=-1.25 points
  [3min] LONG  1:3  trades=1  hit_rate=0.0%  total_pnl=-1.25 points
  [3min] LONG  1:4  trades=1  hit_rate=0.0%  total_pnl=-1.25 points
  [3min] LONG  1:2  trades=1  hit_rate=0.0%  total_pnl=-1.25 points
  [3min] LONG  1:3  trades=1  hit_rate=0.0%  total_pnl=-1.25 points
  [3min] LONG  1:4  trades=1  hit_rate=0.0%  total_pnl=-1.25 points
  [3min] LONG  1:2  trades=1  hit_rate=0.0%  total_pnl=-1.25 points
  [3min] LONG  1:3  trades=1  hit_rate=0.0%  total_pnl=-1.25 points
  [3min] LONG  1:4  trades=1  hit_rate=0.0%  total_pnl=-1.25 points
  [3min] LONG  1:2  trades=1  hit_rate=0.0%  total_pnl=-1.25 points
  [3min] LONG  1:3  trades=1  hit_rate=0.0%  total_pnl=-1.25 points
  [3min] LONG  1:4  trades=1  hit_rate=0.0%  total_pnl=-1.25 points
  [3min] LONG  1:2  trades=1  hit_rate=0.0%  total_pnl=-1.25 points
  [3min] LONG  1:3  trades=1  hit_rate=0.0%  total_pnl=-1.25 points
  [3min] LONG  1:4  trades=1  hit_rate=0.0%  total_pnl=-1.25 points
  [3min] LONG  1:2  trades=1  hit_rate=0.0%  total_pnl=-1.25 points
  [3min] LONG  1:3  trades=1  hit_rate=0.0%  total_pnl=-1.25 points
  [3min] LONG  1:4  trades=1  hit_rate=0.0%  total_pnl=-1.25 points
  [3min] LONG  1:2  trades=1  hit_rate=0.0%  total_pnl=-1.25 points
  [3min] LONG  1:3  trades=1  hit_rate=0.0%  total_pnl=-1.25 points
  [3min] LONG  1:4  trades=1  hit_rate=0.0%  total_pnl=-1.25 points
  [3min] LONG  1:2  trades=1  hit_rate=0.0%  total_pnl=-1.25 points
  [3min] LONG  1:3  trades=1  hit_rate=0.0%  total_pnl=-1.25 points
  [3min] LONG  1:4  trades=1  hit_rate=0.0%  total_pnl=-1.25 points
  [3min] LONG  1:2  trades=1  hit_rate=0.0%  total_pnl=-1.25 points
  [3min] LONG  1:3  trades=1  hit_rate=0.0%  total_pnl=-1.25 points
  [3min] LONG  1:4  trades=1  hit_rate=0.0%  total_pnl=-1.25 points
  [3min] LONG  1:2  trades=1  hit_rate=0.0%  total_pnl=-1.25 points
  [3min] LONG  1:3  trades=1  hit_rate=0.0%  total_pnl=-1.25 points
  [3min] LONG  1:4  trades=1  hit_rate=0.0%  total_pnl=-1.25 points
  [3min] LONG  1:2  trades=1  hit_rate=0.0%  total_pnl=-1.25 points
  [3min] LONG  1:3  trades=1  hit_rate=0.0%  total_pnl=-1.25 points
  [3min] LONG  1:4  trades=1  hit_rate=0.0%  total_pnl=-1.25 points
  [3min] LONG  1:2  trades=1  hit_rate=0.0%  total_pnl=-1.25 points
  [3min] LONG  1:3  trades=1  hit_rate=0.0%  total_pnl=-1.25 points
  [3min] LONG  1:4  trades=1  hit_rate=0.0%  total_pnl=-1.25 points
  [3min] LONG  1:2  trades=1  hit_rate=0.0%  total_pnl=-1.25 points
  [3min] LONG  1:3  trades=1  hit_rate=0.0%  total_pnl=-1.25 points
  [3min] LONG  1:4  trades=1  hit_rate=0.0%  total_pnl=-1.25 points
  [3min] LONG  1:2  trades=1  hit_rate=0.0%  total_pnl=-1.25 points
  [3min] LONG  1:3  trades=1  hit_rate=0.0%  total_pnl=-1.25 points
  [3min] LONG  1:4  trades=1  hit_rate=0.0%  total_pnl=-1.25 points
  [3min] LONG  1:2  trades=1  hit_rate=0.0%  total_pnl=-1.25 points
  [3min] LONG  1:3  trades=1  hit_rate=0.0%  total_pnl=-1.25 points
  [3min] LONG  1:4  trades=1  hit_rate=0.0%  total_pnl=-1.25 points
  [3min] LONG  1:2  trades=1  hit_rate=0.0%  total_pnl=-1.25 points
  [3min] LONG  1:3  trades=1  hit_rate=0.0%  total_pnl=-1.25 points
  [3min] LONG  1:4  trades=1  hit_rate=0.0%  total_pnl=-1.25 points
  [3min] LONG  1:2  trades=1  hit_rate=0.0%  total_pnl=-1.25 points
  [3min] LONG  1:3  trades=1  hit_rate=0.0%  total_pnl=-1.25 points
  [3min] LONG  1:4  trades=1  hit_rate=0.0%  total_pnl=-1.25 points
  [3min] LONG  1:2  trades=1  hit_rate=0.0%  total_pnl=-1.25 points
  [3min] LONG  1:3  trades=1  hit_rate=0.0%  total_pnl=-1.25 points
  [3min] LONG  1:4  trades=1  hit_rate=0.0%  total_pnl=-1.25 points
  [3min] LONG  1:2  trades=1  hit_rate=0.0%  total_pnl=-1.25 points
  [3min] LONG  1:3  trades=1  hit_rate=0.0%  total_pnl=-1.25 points
  [3min] LONG  1:4  trades=1  hit_rate=0.0%  total_pnl=-1.25 points
  [3min] LONG  1:2  trades=1  hit_rate=0.0%  total_pnl=-1.25 points
  [3min] LONG  1:3  trades=1  hit_rate=0.0%  total_pnl=-1.25 points
  [3min] LONG  1:4  trades=1  hit_rate=0.0%  total_pnl=-1.25 points
  [3min] LONG  1:2  trades=1  hit_rate=0.0%  total_pnl=-1.25 points
  [3min] LONG  1:3  trades=1  hit_rate=0.0%  total_pnl=-1.25 points
  [3min] LONG  1:4  trades=1  hit_rate=0.0%  total_pnl=-1.25 points
  [3min] LONG  1:2  trades=1  hit_rate=0.0%  total_pnl=-1.25 points
  [3min] LONG  1:3  trades=1  hit_rate=0.0%  total_pnl=-1.25 points
  [3min] LONG  1:4  trades=1  hit_rate=0.0%  total_pnl=-1.25 points
  [3min] LONG  1:2  trades=1  hit_rate=0.0%  total_pnl=-1.25 points
  [3min] LONG  1:3  trades=1  hit_rate=0.0%  total_pnl=-1.25 points
  [3min] LONG  1:4  trades=1  hit_rate=0.0%  total_pnl=-1.25 points
  [3min] LONG  1:2  trades=1  hit_rate=0.0%  total_pnl=-1.25 points
  [3min] LONG  1:3  trades=1  hit_rate=0.0%  total_pnl=-1.25 points
  [3min] LONG  1:4  trades=1  hit_rate=0.0%  total_pnl=-1.25 points
  [3min] LONG  1:2  trades=1  hit_rate=0.0%  total_pnl=-1.25 points
  [3min] LONG  1:3  trades=1  hit_rate=0.0%  total_pnl=-1.25 points
  [3min] LONG  1:4  trades=1  hit_rate=0.0%  total_pnl=-1.25 points
  [3min] LONG  1:2  trades=1  hit_rate=0.0%  total_pnl=-1.25 points
  [3min] LONG  1:3  trades=1  hit_rate=0.0%  total_pnl=-1.25 points
  [3min] LONG  1:4  trades=1  hit_rate=0.0%  total_pnl=-1.25 points
  [3min] LONG  1:2  trades=1  hit_rate=0.0%  total_pnl=-1.25 points
  [3min] LONG  1:3  trades=1  hit_rate=0.0%  total_pnl=-1.25 points
  [3min] LONG  1:4  trades=1  hit_rate=0.0%  total_pnl=-1.25 points
  [3min] LONG  1:2  trades=1  hit_rate=0.0%  total_pnl=-1.25 points
  [3min] LONG  1:3  trades=1  hit_rate=0.0%  total_pnl=-1.25 points
  [3min] LONG  1:4  trades=1  hit_rate=0.0%  total_pnl=-1.25 points
  [3min] LONG  1:2  trades=1  hit_rate=0.0%  total_pnl=-1.25 points
  [3min] LONG  1:3  trades=1  hit_rate=0.0%  total_pnl=-1.25 points
  [3min] LONG  1:4  trades=1  hit_rate=0.0%  total_pnl=-1.25 points
  [3min] LONG  1:2  trades=1  hit_rate=0.0%  total_pnl=-1.25 points
  [3min] LONG  1:3  trades=1  hit_rate=0.0%  total_pnl=-1.25 points
  [3min] LONG  1:4  trades=1  hit_rate=0.0%  total_pnl=-1.25 points
  [3min] LONG  1:2  trades=1  hit_rate=0.0%  total_pnl=-1.25 points
  [3min] LONG  1:3  trades=1  hit_rate=0.0%  total_pnl=-1.25 points
  [3min] LONG  1:4  trades=1  hit_rate=0.0%  total_pnl=-1.25 points
  [3min] LONG  1:2  trades=1  hit_rate=0.0%  total_pnl=-1.25 points
  [3min] LONG  1:3  trades=1  hit_rate=0.0%  total_pnl=-1.25 points
  [3min] LONG  1:4  trades=1  hit_rate=0.0%  total_pnl=-1.25 points
  [3min] LONG  1:2  trades=1  hit_rate=0.0%  total_pnl=-1.25 points
  [3min] LONG  1:3  trades=1  hit_rate=0.0%  total_pnl=-1.25 points
  [3min] LONG  1:4  trades=1  hit_rate=0.0%  total_pnl=-1.25 points
  [3min] LONG  1:2  trades=1  hit_rate=0.0%  total_pnl=-1.25 points
  [3min] LONG  1:3  trades=1  hit_rate=0.0%  total_pnl=-1.25 points
  [3min] LONG  1:4  trades=1  hit_rate=0.0%  total_pnl=-1.25 points
  [3min] LONG  1:2  trades=1  hit_rate=0.0%  total_pnl=-1.25 points
  [3min] LONG  1:3  trades=1  hit_rate=0.0%  total_pnl=-1.25 points
  [3min] LONG  1:4  trades=1  hit_rate=0.0%  total_pnl=-1.25 points
  [3min] LONG  1:2  trades=1  hit_rate=0.0%  total_pnl=-1.25 points
  [3min] LONG  1:3  trades=1  hit_rate=0.0%  total_pnl=-1.25 points
  [3min] LONG  1:4  trades=1  hit_rate=0.0%  total_pnl=-1.25 points
  [3min] LONG  1:2  trades=1  hit_rate=0.0%  total_pnl=-1.25 points
  [3min] LONG  1:3  trades=1  hit_rate=0.0%  total_pnl=-1.25 points
  [3min] LONG  1:4  trades=1  hit_rate=0.0%  total_pnl=-1.25 points
  [3min] LONG  1:2  trades=1  hit_rate=0.0%  total_pnl=-1.25 points
  [3min] LONG  1:3  trades=1  hit_rate=0.0%  total_pnl=-1.25 points
  [3min] LONG  1:4  trades=1  hit_rate=0.0%  total_pnl=-1.25 points
  [3min] LONG  1:2  trades=1  hit_rate=0.0%  total_pnl=-1.25 points
  [3min] LONG  1:3  trades=1  hit_rate=0.0%  total_pnl=-1.25 points
  [3min] LONG  1:4  trades=1  hit_rate=0.0%  total_pnl=-1.25 points
  [3min] LONG  1:2  trades=1  hit_rate=0.0%  total_pnl=-1.25 points
  [3min] LONG  1:3  trades=1  hit_rate=0.0%  total_pnl=-1.25 points
  [3min] LONG  1:4  trades=1  hit_rate=0.0%  total_pnl=-1.25 points
  [3min] LONG  1:2  trades=1  hit_rate=0.0%  total_pnl=-1.25 points
  [3min] LONG  1:3  trades=1  hit_rate=0.0%  total_pnl=-1.25 points
  [3min] LONG  1:4  trades=1  hit_rate=0.0%  total_pnl=-1.25 points
  [3min] LONG  1:2  trades=1  hit_rate=0.0%  total_pnl=-1.25 points
  [3min] LONG  1:3  trades=1  hit_rate=0.0%  total_pnl=-1.25 points
  [3min] LONG  1:4  trades=1  hit_rate=0.0%  total_pnl=-1.25 points
  [3min] LONG  1:2  trades=1  hit_rate=0.0%  total_pnl=-1.25 points
  [3min] LONG  1:3  trades=1  hit_rate=0.0%  total_pnl=-1.25 points
  [3min] LONG  1:4  trades=1  hit_rate=0.0%  total_pnl=-1.25 points
  [3min] LONG  1:2  trades=1  hit_rate=0.0%  total_pnl=-1.25 points
  [3min] LONG  1:3  trades=1  hit_rate=0.0%  total_pnl=-1.25 points
  [3min] LONG  1:4  trades=1  hit_rate=0.0%  total_pnl=-1.25 points
  [3min] LONG  1:2  trades=1  hit_rate=0.0%  total_pnl=-1.25 points
  [3min] LONG  1:3  trades=1  hit_rate=0.0%  total_pnl=-1.25 points
  [3min] LONG  1:4  trades=1  hit_rate=0.0%  total_pnl=-1.25 points
  [3min] LONG  1:2  trades=1  hit_rate=0.0%  total_pnl=-1.25 points
  [3min] LONG  1:3  trades=1  hit_rate=0.0%  total_pnl=-1.25 points
  [3min] LONG  1:4  trades=1  hit_rate=0.0%  total_pnl=-1.25 points
  [3min] LONG  1:2  trades=1  hit_rate=0.0%  total_pnl=-1.25 points
  [3min] LONG  1:3  trades=1  hit_rate=0.0%  total_pnl=-1.25 points
  [3min] LONG  1:4  trades=1  hit_rate=0.0%  total_pnl=-1.25 points
  [3min] LONG  1:2  trades=1  hit_rate=0.0%  total_pnl=-1.25 points
  [3min] LONG  1:3  trades=1  hit_rate=0.0%  total_pnl=-1.25 points
  [3min] LONG  1:4  trades=1  hit_rate=0.0%  total_pnl=-1.25 points
  [3min] LONG  1:2  trades=1  hit_rate=0.0%  total_pnl=-1.25 points
  [3min] LONG  1:3  trades=1  hit_rate=0.0%  total_pnl=-1.25 points
  [3min] LONG  1:4  trades=1  hit_rate=0.0%  total_pnl=-1.25 points
  [3min] LONG  1:2  trades=1  hit_rate=0.0%  total_pnl=-1.25 points
  [3min] LONG  1:3  trades=1  hit_rate=0.0%  total_pnl=-1.25 points
  [3min] LONG  1:4  trades=1  hit_rate=0.0%  total_pnl=-1.25 points
  [3min] LONG  1:2  trades=1  hit_rate=0.0%  total_pnl=-1.25 points
  [3min] LONG  1:3  trades=1  hit_rate=0.0%  total_pnl=-1.25 points
  [3min] LONG  1:4  trades=1  hit_rate=0.0%  total_pnl=-1.25 points
  [3min] LONG  1:2  trades=1  hit_rate=0.0%  total_pnl=-1.25 points
  [3min] LONG  1:3  trades=1  hit_rate=0.0%  total_pnl=-1.25 points
  [3min] LONG  1:4  trades=1  hit_rate=0.0%  total_pnl=-1.25 points
  [3min] LONG  1:2  trades=1  hit_rate=0.0%  total_pnl=-1.25 points
  [3min] LONG  1:3  trades=1  hit_rate=0.0%  total_pnl=-1.25 points
  [3min] LONG  1:4  trades=1  hit_rate=0.0%  total_pnl=-1.25 points
  [3min] LONG  1:2  trades=1  hit_rate=0.0%  total_pnl=-1.25 points
  [3min] LONG  1:3  trades=1  hit_rate=0.0%  total_pnl=-1.25 points
  [3min] LONG  1:4  trades=1  hit_rate=0.0%  total_pnl=-1.25 points
  [3min] LONG  1:2  trades=1  hit_rate=0.0%  total_pnl=-1.25 points
  [3min] LONG  1:3  trades=1  hit_rate=0.0%  total_pnl=-1.25 points
  [3min] LONG  1:4  trades=1  hit_rate=0.0%  total_pnl=-1.25 points
  [3min] LONG  1:2  trades=1  hit_rate=0.0%  total_pnl=-1.25 points
  [3min] LONG  1:3  trades=1  hit_rate=0.0%  total_pnl=-1.25 points
  [3min] LONG  1:4  trades=1  hit_rate=0.0%  total_pnl=-1.25 points
  [3min] LONG  1:2  trades=1  hit_rate=0.0%  total_pnl=-1.25 points
  [3min] LONG  1:3  trades=1  hit_rate=0.0%  total_pnl=-1.25 points
  [3min] LONG  1:4  trades=1  hit_rate=0.0%  total_pnl=-1.25 points
  [3min] LONG  1:2  trades=1  hit_rate=0.0%  total_pnl=-1.25 points
  [3min] LONG  1:3  trades=1  hit_rate=0.0%  total_pnl=-1.25 points
  [3min] LONG  1:4  trades=1  hit_rate=0.0%  total_pnl=-1.25 points
  [3min] LONG  1:2  trades=1  hit_rate=0.0%  total_pnl=-1.25 points
  [3min] LONG  1:3  trades=1  hit_rate=0.0%  total_pnl=-1.25 points
  [3min] LONG  1:4  trades=1  hit_rate=0.0%  total_pnl=-1.25 points
  [3min] LONG  1:2  trades=1  hit_rate=0.0%  total_pnl=-1.25 points
  [3min] LONG  1:3  trades=1  hit_rate=0.0%  total_pnl=-1.25 points
  [3min] LONG  1:4  trades=1  hit_rate=0.0%  total_pnl=-1.25 points
  [3min] LONG  1:2  trades=1  hit_rate=0.0%  total_pnl=-1.25 points
  [3min] LONG  1:3  trades=1  hit_rate=0.0%  total_pnl=-1.25 points
  [3min] LONG  1:4  trades=1  hit_rate=0.0%  total_pnl=-1.25 points
  [3min] LONG  1:2  trades=1  hit_rate=0.0%  total_pnl=-1.25 points
  [3min] LONG  1:3  trades=1  hit_rate=0.0%  total_pnl=-1.25 points
  [3min] LONG  1:4  trades=1  hit_rate=0.0%  total_pnl=-1.25 points
  [3min] LONG  1:2  trades=1  hit_rate=0.0%  total_pnl=-1.25 points
  [3min] LONG  1:3  trades=1  hit_rate=0.0%  total_pnl=-1.25 points
  [3min] LONG  1:4  trades=1  hit_rate=0.0%  total_pnl=-1.25 points
  [3min] LONG  1:2  trades=1  hit_rate=0.0%  total_pnl=-1.25 points
  [3min] LONG  1:3  trades=1  hit_rate=0.0%  total_pnl=-1.25 points
  [3min] LONG  1:4  trades=1  hit_rate=0.0%  total_pnl=-1.25 points
  [3min] LONG  1:2  trades=1  hit_rate=0.0%  total_pnl=-1.25 points
  [3min] LONG  1:3  trades=1  hit_rate=0.0%  total_pnl=-1.25 points
  [3min] LONG  1:4  trades=1  hit_rate=0.0%  total_pnl=-1.25 points
  [3min] LONG  1:2  trades=1  hit_rate=0.0%  total_pnl=-1.25 points
  [3min] LONG  1:3  trades=1  hit_rate=0.0%  total_pnl=-1.25 points
  [3min] LONG  1:4  trades=1  hit_rate=0.0%  total_pnl=-1.25 points
  [3min] LONG  1:2  trades=1  hit_rate=0.0%  total_pnl=-1.25 points
  [3min] LONG  1:3  trades=1  hit_rate=0.0%  total_pnl=-1.25 points
  [3min] LONG  1:4  trades=1  hit_rate=0.0%  total_pnl=-1.25 points
  [3min] LONG  1:2  trades=1  hit_rate=0.0%  total_pnl=-1.25 points
  [3min] LONG  1:3  trades=1  hit_rate=0.0%  total_pnl=-1.25 points
  [3min] LONG  1:4  trades=1  hit_rate=0.0%  total_pnl=-1.25 points
  [3min] LONG  1:2  trades=1  hit_rate=0.0%  total_pnl=-1.25 points
  [3min] LONG  1:3  trades=1  hit_rate=0.0%  total_pnl=-1.25 points
  [3min] LONG  1:4  trades=1  hit_rate=0.0%  total_pnl=-1.25 points
  [3min] LONG  1:2  trades=1  hit_rate=0.0%  total_pnl=-1.25 points
  [3min] LONG  1:3  trades=1  hit_rate=0.0%  total_pnl=-1.25 points
  [3min] LONG  1:4  trades=1  hit_rate=0.0%  total_pnl=-1.25 points
  [3min] LONG  1:2  trades=1  hit_rate=0.0%  total_pnl=-1.25 points
  [3min] LONG  1:3  trades=1  hit_rate=0.0%  total_pnl=-1.25 points
  [3min] LONG  1:4  trades=1  hit_rate=0.0%  total_pnl=-1.25 points
  [3min] LONG  1:2  trades=1  hit_rate=0.0%  total_pnl=-1.25 points
  [3min] LONG  1:3  trades=1  hit_rate=0.0%  total_pnl=-1.25 points
  [3min] LONG  1:4  trades=1  hit_rate=0.0%  total_pnl=-1.25 points
  [3min] LONG  1:2  trades=1  hit_rate=0.0%  total_pnl=-1.25 points
  [3min] LONG  1:3  trades=1  hit_rate=0.0%  total_pnl=-1.25 points
  [3min] LONG  1:4  trades=1  hit_rate=0.0%  total_pnl=-1.25 points
  [3min] LONG  1:2  trades=1  hit_rate=0.0%  total_pnl=-1.25 points
  [3min] LONG  1:3  trades=1  hit_rate=0.0%  total_pnl=-1.25 points
  [3min] LONG  1:4  trades=1  hit_rate=0.0%  total_pnl=-1.25 points
  [3min] LONG  1:2  trades=1  hit_rate=0.0%  total_pnl=-1.25 points
  [3min] LONG  1:3  trades=1  hit_rate=0.0%  total_pnl=-1.25 points
  [3min] LONG  1:4  trades=1  hit_rate=0.0%  total_pnl=-1.25 points
  [3min] LONG  1:2  trades=1  hit_rate=0.0%  total_pnl=-1.25 points
  [3min] LONG  1:3  trades=1  hit_rate=0.0%  total_pnl=-1.25 points
  [3min] LONG  1:4  trades=1  hit_rate=0.0%  total_pnl=-1.25 points
  [3min] LONG  1:2  trades=1  hit_rate=0.0%  total_pnl=-1.25 points
  [3min] LONG  1:3  trades=1  hit_rate=0.0%  total_pnl=-1.25 points
  [3min] LONG  1:4  trades=1  hit_rate=0.0%  total_pnl=-1.25 points
  [3min] LONG  1:2  trades=1  hit_rate=0.0%  total_pnl=-1.25 points
  [3min] LONG  1:3  trades=1  hit_rate=0.0%  total_pnl=-1.25 points
  [3min] LONG  1:4  trades=1  hit_rate=0.0%  total_pnl=-1.25 points
  [3min] LONG  1:2  trades=1  hit_rate=0.0%  total_pnl=-1.25 points
  [3min] LONG  1:3  trades=1  hit_rate=0.0%  total_pnl=-1.25 points
  [3min] LONG  1:4  trades=1  hit_rate=0.0%  total_pnl=-1.25 points
  [3min] LONG  1:2  trades=1  hit_rate=0.0%  total_pnl=-1.25 points
  [3min] LONG  1:3  trades=1  hit_rate=0.0%  total_pnl=-1.25 points
  [3min] LONG  1:4  trades=1  hit_rate=0.0%  total_pnl=-1.25 points
  [3min] LONG  1:2  trades=1  hit_rate=0.0%  total_pnl=-1.25 points
  [3min] LONG  1:3  trades=1  hit_rate=0.0%  total_pnl=-1.25 points
  [3min] LONG  1:4  trades=1  hit_rate=0.0%  total_pnl=-1.25 points
  [3min] LONG  1:2  trades=1  hit_rate=0.0%  total_pnl=-1.25 points
  [3min] LONG  1:3  trades=1  hit_rate=0.0%  total_pnl=-1.25 points
  [3min] LONG  1:4  trades=1  hit_rate=0.0%  total_pnl=-1.25 points
  [3min] LONG  1:2  trades=1  hit_rate=0.0%  total_pnl=-1.25 points
  [3min] LONG  1:3  trades=1  hit_rate=0.0%  total_pnl=-1.25 points
  [3min] LONG  1:4  trades=1  hit_rate=0.0%  total_pnl=-1.25 points
  [3min] LONG  1:2  trades=1  hit_rate=0.0%  total_pnl=-1.25 points
  [3min] LONG  1:3  trades=1  hit_rate=0.0%  total_pnl=-1.25 points
  [3min] LONG  1:4  trades=1  hit_rate=0.0%  total_pnl=-1.25 points
  [3min] LONG  1:2  trades=1  hit_rate=0.0%  total_pnl=-1.25 points
  [3min] LONG  1:3  trades=1  hit_rate=0.0%  total_pnl=-1.25 points
  [3min] LONG  1:4  trades=1  hit_rate=0.0%  total_pnl=-1.25 points
  [3min] LONG  1:2  trades=1  hit_rate=0.0%  total_pnl=-1.25 points
  [3min] LONG  1:3  trades=1  hit_rate=0.0%  total_pnl=-1.25 points
  [3min] LONG  1:4  trades=1  hit_rate=0.0%  total_pnl=-1.25 points
  [3min] LONG  1:2  trades=1  hit_rate=0.0%  total_pnl=-1.25 points
  [3min] LONG  1:3  trades=1  hit_rate=0.0%  total_pnl=-1.25 points
  [3min] LONG  1:4  trades=1  hit_rate=0.0%  total_pnl=-1.25 points
  [3min] LONG  1:2  trades=1  hit_rate=0.0%  total_pnl=-1.25 points
  [3min] LONG  1:3  trades=1  hit_rate=0.0%  total_pnl=-1.25 points
  [3min] LONG  1:4  trades=1  hit_rate=0.0%  total_pnl=-1.25 points
  [3min] LONG  1:2  trades=1  hit_rate=0.0%  total_pnl=-1.25 points
  [3min] LONG  1:3  trades=1  hit_rate=0.0%  total_pnl=-1.25 points
  [3min] LONG  1:4  trades=1  hit_rate=0.0%  total_pnl=-1.25 points
  [3min] LONG  1:2  trades=1  hit_rate=0.0%  total_pnl=-1.25 points
  [3min] LONG  1:3  trades=1  hit_rate=0.0%  total_pnl=-1.25 points
  [3min] LONG  1:4  trades=1  hit_rate=0.0%  total_pnl=-1.25 points
  [3min] LONG  1:2  trades=1  hit_rate=0.0%  total_pnl=-1.25 points
  [3min] LONG  1:3  trades=1  hit_rate=0.0%  total_pnl=-1.25 points
  [3min] LONG  1:4  trades=1  hit_rate=0.0%  total_pnl=-1.25 points
  [3min] LONG  1:2  trades=1  hit_rate=0.0%  total_pnl=-1.25 points
  [3min] LONG  1:3  trades=1  hit_rate=0.0%  total_pnl=-1.25 points
  [3min] LONG  1:4  trades=1  hit_rate=0.0%  total_pnl=-1.25 points
  [3min] LONG  1:2  trades=1  hit_rate=0.0%  total_pnl=-1.25 points
  [3min] LONG  1:3  trades=1  hit_rate=0.0%  total_pnl=-1.25 points
  [3min] LONG  1:4  trades=1  hit_rate=0.0%  total_pnl=-1.25 points
  [3min] LONG  1:2  trades=1  hit_rate=0.0%  total_pnl=-1.25 points
  [3min] LONG  1:3  trades=1  hit_rate=0.0%  total_pnl=-1.25 points
  [3min] LONG  1:4  trades=1  hit_rate=0.0%  total_pnl=-1.25 points
  [3min] LONG  1:2  trades=1  hit_rate=0.0%  total_pnl=-1.25 points
  [3min] LONG  1:3  trades=1  hit_rate=0.0%  total_pnl=-1.25 points
  [3min] LONG  1:4  trades=1  hit_rate=0.0%  total_pnl=-1.25 points
  [3min] LONG  1:2  trades=1  hit_rate=0.0%  total_pnl=-1.25 points
  [3min] LONG  1:3  trades=1  hit_rate=0.0%  total_pnl=-1.25 points
  [3min] LONG  1:4  trades=1  hit_rate=0.0%  total_pnl=-1.25 points
  [3min] LONG  1:2  trades=1  hit_rate=0.0%  total_pnl=-1.25 points
  [3min] LONG  1:3  trades=1  hit_rate=0.0%  total_pnl=-1.25 points
  [3min] LONG  1:4  trades=1  hit_rate=0.0%  total_pnl=-1.25 points
  [3min] LONG  1:2  trades=1  hit_rate=0.0%  total_pnl=-1.25 points
  [3min] LONG  1:3  trades=1  hit_rate=0.0%  total_pnl=-1.25 points
  [3min] LONG  1:4  trades=1  hit_rate=0.0%  total_pnl=-1.25 points
  [3min] LONG  1:2  trades=1  hit_rate=0.0%  total_pnl=-1.25 points
  [3min] LONG  1:3  trades=1  hit_rate=0.0%  total_pnl=-1.25 points
  [3min] LONG  1:4  trades=1  hit_rate=0.0%  total_pnl=-1.25 points
  [3min] LONG  1:2  trades=1  hit_rate=0.0%  total_pnl=-1.25 points
  [3min] LONG  1:3  trades=1  hit_rate=0.0%  total_pnl=-1.25 points
  [3min] LONG  1:4  trades=1  hit_rate=0.0%  total_pnl=-1.25 points
  [3min] LONG  1:2  trades=1  hit_rate=0.0%  total_pnl=-1.25 points
  [3min] LONG  1:3  trades=1  hit_rate=0.0%  total_pnl=-1.25 points
  [3min] LONG  1:4  trades=1  hit_rate=0.0%  total_pnl=-1.25 points
  [3min] LONG  1:2  trades=1  hit_rate=0.0%  total_pnl=-1.25 points
  [3min] LONG  1:3  trades=1  hit_rate=0.0%  total_pnl=-1.25 points
  [3min] LONG  1:4  trades=1  hit_rate=0.0%  total_pnl=-1.25 points
  [3min] LONG  1:2  trades=1  hit_rate=0.0%  total_pnl=-1.25 points
  [3min] LONG  1:3  trades=1  hit_rate=0.0%  total_pnl=-1.25 points
  [3min] LONG  1:4  trades=1  hit_rate=0.0%  total_pnl=-1.25 points
  [3min] LONG  1:2  trades=1  hit_rate=0.0%  total_pnl=-1.25 points
  [3min] LONG  1:3  trades=1  hit_rate=0.0%  total_pnl=-1.25 points
  [3min] LONG  1:4  trades=1  hit_rate=0.0%  total_pnl=-1.25 points
  [3min] LONG  1:2  trades=1  hit_rate=0.0%  total_pnl=-1.25 points
  [3min] LONG  1:3  trades=1  hit_rate=0.0%  total_pnl=-1.25 points
  [3min] LONG  1:4  trades=1  hit_rate=0.0%  total_pnl=-1.25 points
  [3min] LONG  1:2  trades=1  hit_rate=0.0%  total_pnl=-1.25 points
  [3min] LONG  1:3  trades=1  hit_rate=0.0%  total_pnl=-1.25 points
  [3min] LONG  1:4  trades=1  hit_rate=0.0%  total_pnl=-1.25 points
  [3min] LONG  1:2  trades=1  hit_rate=0.0%  total_pnl=-1.25 points
  [3min] LONG  1:3  trades=1  hit_rate=0.0%  total_pnl=-1.25 points
  [3min] LONG  1:4  trades=1  hit_rate=0.0%  total_pnl=-1.25 points
  [3min] LONG  1:2  trades=1  hit_rate=0.0%  total_pnl=-1.25 points
  [3min] LONG  1:3  trades=1  hit_rate=0.0%  total_pnl=-1.25 points
  [3min] LONG  1:4  trades=1  hit_rate=0.0%  total_pnl=-1.25 points
  [3min] LONG  1:2  trades=1  hit_rate=0.0%  total_pnl=-1.25 points
  [3min] LONG  1:3  trades=1  hit_rate=0.0%  total_pnl=-1.25 points
  [3min] LONG  1:4  trades=1  hit_rate=0.0%  total_pnl=-1.25 points
  [3min] LONG  1:2  trades=1  hit_rate=0.0%  total_pnl=-1.25 points
  [3min] LONG  1:3  trades=1  hit_rate=0.0%  total_pnl=-1.25 points
  [3min] LONG  1:4  trades=1  hit_rate=0.0%  total_pnl=-1.25 points
  [3min] LONG  1:2  trades=1  hit_rate=0.0%  total_pnl=-1.25 points
  [3min] LONG  1:3  trades=1  hit_rate=0.0%  total_pnl=-1.25 points
  [3min] LONG  1:4  trades=1  hit_rate=0.0%  total_pnl=-1.25 points
  [3min] LONG  1:2  trades=1  hit_rate=0.0%  total_pnl=-1.25 points
  [3min] LONG  1:3  trades=1  hit_rate=0.0%  total_pnl=-1.25 points
  [3min] LONG  1:4  trades=1  hit_rate=0.0%  total_pnl=-1.25 points
  [3min] LONG  1:2  trades=1  hit_rate=0.0%  total_pnl=-1.25 points
  [3min] LONG  1:3  trades=1  hit_rate=0.0%  total_pnl=-1.25 points
  [3min] LONG  1:4  trades=1  hit_rate=0.0%  total_pnl=-1.25 points
  [3min] LONG  1:2  trades=1  hit_rate=0.0%  total_pnl=-1.25 points
  [3min] LONG  1:3  trades=1  hit_rate=0.0%  total_pnl=-1.25 points
  [3min] LONG  1:4  trades=1  hit_rate=0.0%  total_pnl=-1.25 points
  [3min] LONG  1:2  trades=1  hit_rate=0.0%  total_pnl=-1.25 points
  [3min] LONG  1:3  trades=1  hit_rate=0.0%  total_pnl=-1.25 points
  [3min] LONG  1:4  trades=1  hit_rate=0.0%  total_pnl=-1.25 points
  [3min] LONG  1:2  trades=1  hit_rate=0.0%  total_pnl=-1.25 points
  [3min] LONG  1:3  trades=1  hit_rate=0.0%  total_pnl=-1.25 points
  [3min] LONG  1:4  trades=1  hit_rate=0.0%  total_pnl=-1.25 points
  [3min] LONG  1:2  trades=1  hit_rate=0.0%  total_pnl=-1.25 points
  [3min] LONG  1:3  trades=1  hit_rate=0.0%  total_pnl=-1.25 points
  [3min] LONG  1:4  trades=1  hit_rate=0.0%  total_pnl=-1.25 points
  [3min] LONG  1:2  trades=1  hit_rate=0.0%  total_pnl=-1.25 points
  [3min] LONG  1:3  trades=1  hit_rate=0.0%  total_pnl=-1.25 points
  [3min] LONG  1:4  trades=1  hit_rate=0.0%  total_pnl=-1.25 points
  [3min] LONG  1:2  trades=1  hit_rate=0.0%  total_pnl=-1.25 points
  [3min] LONG  1:3  trades=1  hit_rate=0.0%  total_pnl=-1.25 points
  [3min] LONG  1:4  trades=1  hit_rate=0.0%  total_pnl=-1.25 points
  [3min] LONG  1:2  trades=1  hit_rate=0.0%  total_pnl=-1.25 points
  [3min] LONG  1:3  trades=1  hit_rate=0.0%  total_pnl=-1.25 points
  [3min] LONG  1:4  trades=1  hit_rate=0.0%  total_pnl=-1.25 points
  [3min] LONG  1:2  trades=1  hit_rate=0.0%  total_pnl=-1.25 points
  [3min] LONG  1:3  trades=1  hit_rate=0.0%  total_pnl=-1.25 points
  [3min] LONG  1:4  trades=1  hit_rate=0.0%  total_pnl=-1.25 points
  [3min] LONG  1:2  trades=1  hit_rate=0.0%  total_pnl=-1.25 points
  [3min] LONG  1:3  trades=1  hit_rate=0.0%  total_pnl=-1.25 points
  [3min] LONG  1:4  trades=1  hit_rate=0.0%  total_pnl=-1.25 points
  [3min] LONG  1:2  trades=1  hit_rate=0.0%  total_pnl=-1.25 points
  [3min] LONG  1:3  trades=1  hit_rate=0.0%  total_pnl=-1.25 points
  [3min] LONG  1:4  trades=1  hit_rate=0.0%  total_pnl=-1.25 points
  [3min] LONG  1:2  trades=1  hit_rate=0.0%  total_pnl=-1.25 points
  [3min] LONG  1:3  trades=1  hit_rate=0.0%  total_pnl=-1.25 points
  [3min] LONG  1:4  trades=1  hit_rate=0.0%  total_pnl=-1.25 points
  [3min] LONG  1:2  trades=1  hit_rate=0.0%  total_pnl=-1.25 points
  [3min] LONG  1:3  trades=1  hit_rate=0.0%  total_pnl=-1.25 points
  [3min] LONG  1:4  trades=1  hit_rate=0.0%  total_pnl=-1.25 points
  [3min] LONG  1:2  trades=1  hit_rate=0.0%  total_pnl=-1.25 points
  [3min] LONG  1:3  trades=1  hit_rate=0.0%  total_pnl=-1.25 points
  [3min] LONG  1:4  trades=1  hit_rate=0.0%  total_pnl=-1.25 points
  [3min] LONG  1:2  trades=1  hit_rate=0.0%  total_pnl=-1.25 points
  [3min] LONG  1:3  trades=1  hit_rate=0.0%  total_pnl=-1.25 points
  [3min] LONG  1:4  trades=1  hit_rate=0.0%  total_pnl=-1.25 points
  [3min] LONG  1:2  trades=1  hit_rate=0.0%  total_pnl=-1.25 points
  [3min] LONG  1:3  trades=1  hit_rate=0.0%  total_pnl=-1.25 points
  [3min] LONG  1:4  trades=1  hit_rate=0.0%  total_pnl=-1.25 points
  [3min] LONG  1:2  trades=1  hit_rate=0.0%  total_pnl=-1.25 points
  [3min] LONG  1:3  trades=1  hit_rate=0.0%  total_pnl=-1.25 points
  [3min] LONG  1:4  trades=1  hit_rate=0.0%  total_pnl=-1.25 points
  [3min] LONG  1:2  trades=1  hit_rate=0.0%  total_pnl=-1.25 points
  [3min] LONG  1:3  trades=1  hit_rate=0.0%  total_pnl=-1.25 points
  [3min] LONG  1:4  trades=1  hit_rate=0.0%  total_pnl=-1.25 points
  [3min] LONG  1:2  trades=1  hit_rate=0.0%  total_pnl=-1.25 points
  [3min] LONG  1:3  trades=1  hit_rate=0.0%  total_pnl=-1.25 points
  [3min] LONG  1:4  trades=1  hit_rate=0.0%  total_pnl=-1.25 points
  [3min] LONG  1:2  trades=1  hit_rate=0.0%  total_pnl=-1.25 points
  [3min] LONG  1:3  trades=1  hit_rate=0.0%  total_pnl=-1.25 points
  [3min] LONG  1:4  trades=1  hit_rate=0.0%  total_pnl=-1.25 points
  [3min] LONG  1:2  trades=1  hit_rate=0.0%  total_pnl=-1.25 points
  [3min] LONG  1:3  trades=1  hit_rate=0.0%  total_pnl=-1.25 points
  [3min] LONG  1:4  trades=1  hit_rate=0.0%  total_pnl=-1.25 points
  [3min] LONG  1:2  trades=1  hit_rate=0.0%  total_pnl=-1.25 points
  [3min] LONG  1:3  trades=1  hit_rate=0.0%  total_pnl=-1.25 points
  [3min] LONG  1:4  trades=1  hit_rate=0.0%  total_pnl=-1.25 points
  [3min] LONG  1:2  trades=1  hit_rate=0.0%  total_pnl=-1.25 points
  [3min] LONG  1:3  trades=1  hit_rate=0.0%  total_pnl=-1.25 points
  [3min] LONG  1:4  trades=1  hit_rate=0.0%  total_pnl=-1.25 points
  [3min] LONG  1:2  trades=1  hit_rate=0.0%  total_pnl=-1.25 points
  [3min] LONG  1:3  trades=1  hit_rate=0.0%  total_pnl=-1.25 points
  [3min] LONG  1:4  trades=1  hit_rate=0.0%  total_pnl=-1.25 points
  [3min] LONG  1:2  trades=1  hit_rate=0.0%  total_pnl=-1.25 points
  [3min] LONG  1:3  trades=1  hit_rate=0.0%  total_pnl=-1.25 points
  [3min] LONG  1:4  trades=1  hit_rate=0.0%  total_pnl=-1.25 points

----------------------------------------------------------------------------------------------------
[8/14] NIFTY_2026-09-18_DASHBOARD.json
----------------------------------------------------------------------------------------------------
Process started for the file : D:/Git/fresh_dashboard/app/data
Timeframes tested : ['12sec', '1min', '3min']
Entry candle rule : disabled — the trigger candle itself is the entry candle (entry at its close, SL at its low/high)
R:R multiples     : [2.0, 3.0, 4.0]
Total no of variation : 3 timeframes x 2 directions x 4 candles x 20 atr_multiplier x 2 bb_period x 2 bb_num_std x 3 R:R = 1920
Workers : 12 (of 14 CPU cores available)
Completed 1920 variations in 11.0s using 12 worker(s)
  Triggers: 28   Trades entered: 28   No Entry: 0
  [12sec] SHORT 1:2  trades=18  hit_rate=11.11%  total_pnl=-18.05 points
  [12sec] SHORT 1:3  trades=18  hit_rate=11.11%  total_pnl=-16.15 points
  [12sec] SHORT 1:4  trades=18  hit_rate=11.11%  total_pnl=-14.25 points
  [12sec] SHORT 1:2  trades=5  hit_rate=0.0%  total_pnl=-5.45 points
  [12sec] SHORT 1:3  trades=5  hit_rate=0.0%  total_pnl=-5.45 points
  [12sec] SHORT 1:4  trades=5  hit_rate=0.0%  total_pnl=-5.45 points
  [12sec] SHORT 1:2  trades=11  hit_rate=0.0%  total_pnl=-13.4 points
  [12sec] SHORT 1:3  trades=11  hit_rate=0.0%  total_pnl=-13.4 points
  [12sec] SHORT 1:4  trades=11  hit_rate=0.0%  total_pnl=-13.4 points
  [12sec] SHORT 1:2  trades=4  hit_rate=0.0%  total_pnl=-4.15 points
  [12sec] SHORT 1:3  trades=4  hit_rate=0.0%  total_pnl=-4.15 points
  [12sec] SHORT 1:4  trades=4  hit_rate=0.0%  total_pnl=-4.15 points
  [12sec] SHORT 1:2  trades=18  hit_rate=11.11%  total_pnl=-18.05 points
  [12sec] SHORT 1:3  trades=18  hit_rate=11.11%  total_pnl=-16.15 points
  [12sec] SHORT 1:4  trades=18  hit_rate=11.11%  total_pnl=-14.25 points
  [12sec] SHORT 1:2  trades=5  hit_rate=0.0%  total_pnl=-5.45 points
  [12sec] SHORT 1:3  trades=5  hit_rate=0.0%  total_pnl=-5.45 points
  [12sec] SHORT 1:4  trades=5  hit_rate=0.0%  total_pnl=-5.45 points
  [12sec] SHORT 1:2  trades=11  hit_rate=0.0%  total_pnl=-13.4 points
  [12sec] SHORT 1:3  trades=11  hit_rate=0.0%  total_pnl=-13.4 points
  [12sec] SHORT 1:4  trades=11  hit_rate=0.0%  total_pnl=-13.4 points
  [12sec] SHORT 1:2  trades=4  hit_rate=0.0%  total_pnl=-4.15 points
  [12sec] SHORT 1:3  trades=4  hit_rate=0.0%  total_pnl=-4.15 points
  [12sec] SHORT 1:4  trades=4  hit_rate=0.0%  total_pnl=-4.15 points
  [12sec] SHORT 1:2  trades=18  hit_rate=11.11%  total_pnl=-18.05 points
  [12sec] SHORT 1:3  trades=18  hit_rate=11.11%  total_pnl=-16.15 points
  [12sec] SHORT 1:4  trades=18  hit_rate=11.11%  total_pnl=-14.25 points
  [12sec] SHORT 1:2  trades=5  hit_rate=0.0%  total_pnl=-5.45 points
  [12sec] SHORT 1:3  trades=5  hit_rate=0.0%  total_pnl=-5.45 points
  [12sec] SHORT 1:4  trades=5  hit_rate=0.0%  total_pnl=-5.45 points
  [12sec] SHORT 1:2  trades=11  hit_rate=0.0%  total_pnl=-13.4 points
  [12sec] SHORT 1:3  trades=11  hit_rate=0.0%  total_pnl=-13.4 points
  [12sec] SHORT 1:4  trades=11  hit_rate=0.0%  total_pnl=-13.4 points
  [12sec] SHORT 1:2  trades=4  hit_rate=0.0%  total_pnl=-4.15 points
  [12sec] SHORT 1:3  trades=4  hit_rate=0.0%  total_pnl=-4.15 points
  [12sec] SHORT 1:4  trades=4  hit_rate=0.0%  total_pnl=-4.15 points
  [12sec] SHORT 1:2  trades=14  hit_rate=7.14%  total_pnl=-14.85 points
  [12sec] SHORT 1:3  trades=14  hit_rate=7.14%  total_pnl=-13.35 points
  [12sec] SHORT 1:4  trades=14  hit_rate=7.14%  total_pnl=-11.85 points
  [12sec] SHORT 1:2  trades=5  hit_rate=0.0%  total_pnl=-5.45 points
  [12sec] SHORT 1:3  trades=5  hit_rate=0.0%  total_pnl=-5.45 points
  [12sec] SHORT 1:4  trades=5  hit_rate=0.0%  total_pnl=-5.45 points
  [12sec] SHORT 1:2  trades=8  hit_rate=0.0%  total_pnl=-9.6 points
  [12sec] SHORT 1:3  trades=8  hit_rate=0.0%  total_pnl=-9.6 points
  [12sec] SHORT 1:4  trades=8  hit_rate=0.0%  total_pnl=-9.6 points
  [12sec] SHORT 1:2  trades=4  hit_rate=0.0%  total_pnl=-4.15 points
  [12sec] SHORT 1:3  trades=4  hit_rate=0.0%  total_pnl=-4.15 points
  [12sec] SHORT 1:4  trades=4  hit_rate=0.0%  total_pnl=-4.15 points
  [12sec] SHORT 1:2  trades=9  hit_rate=0.0%  total_pnl=-14.95 points
  [12sec] SHORT 1:3  trades=9  hit_rate=0.0%  total_pnl=-14.95 points
  [12sec] SHORT 1:4  trades=9  hit_rate=0.0%  total_pnl=-14.95 points
  [12sec] SHORT 1:2  trades=3  hit_rate=0.0%  total_pnl=-4.55 points
  [12sec] SHORT 1:3  trades=3  hit_rate=0.0%  total_pnl=-4.55 points
  [12sec] SHORT 1:4  trades=3  hit_rate=0.0%  total_pnl=-4.55 points
  [12sec] SHORT 1:2  trades=5  hit_rate=0.0%  total_pnl=-7.3 points
  [12sec] SHORT 1:3  trades=5  hit_rate=0.0%  total_pnl=-7.3 points
  [12sec] SHORT 1:4  trades=5  hit_rate=0.0%  total_pnl=-7.3 points
  [12sec] SHORT 1:2  trades=2  hit_rate=0.0%  total_pnl=-3.25 points
  [12sec] SHORT 1:3  trades=2  hit_rate=0.0%  total_pnl=-3.25 points
  [12sec] SHORT 1:4  trades=2  hit_rate=0.0%  total_pnl=-3.25 points
  [12sec] SHORT 1:2  trades=5  hit_rate=0.0%  total_pnl=-8.35 points
  [12sec] SHORT 1:3  trades=5  hit_rate=0.0%  total_pnl=-8.35 points
  [12sec] SHORT 1:4  trades=5  hit_rate=0.0%  total_pnl=-8.35 points
  [12sec] SHORT 1:2  trades=2  hit_rate=0.0%  total_pnl=-2.4 points
  [12sec] SHORT 1:3  trades=2  hit_rate=0.0%  total_pnl=-2.4 points
  [12sec] SHORT 1:4  trades=2  hit_rate=0.0%  total_pnl=-2.4 points
  [12sec] SHORT 1:2  trades=3  hit_rate=0.0%  total_pnl=-4.75 points
  [12sec] SHORT 1:3  trades=3  hit_rate=0.0%  total_pnl=-4.75 points
  [12sec] SHORT 1:4  trades=3  hit_rate=0.0%  total_pnl=-4.75 points
  [12sec] SHORT 1:2  trades=1  hit_rate=0.0%  total_pnl=-1.1 points
  [12sec] SHORT 1:3  trades=1  hit_rate=0.0%  total_pnl=-1.1 points
  [12sec] SHORT 1:4  trades=1  hit_rate=0.0%  total_pnl=-1.1 points
  [12sec] SHORT 1:2  trades=18  hit_rate=11.11%  total_pnl=-18.05 points
  [12sec] SHORT 1:3  trades=18  hit_rate=11.11%  total_pnl=-16.15 points
  [12sec] SHORT 1:4  trades=18  hit_rate=11.11%  total_pnl=-14.25 points
  [12sec] SHORT 1:2  trades=5  hit_rate=0.0%  total_pnl=-5.45 points
  [12sec] SHORT 1:3  trades=5  hit_rate=0.0%  total_pnl=-5.45 points
  [12sec] SHORT 1:4  trades=5  hit_rate=0.0%  total_pnl=-5.45 points
  [12sec] SHORT 1:2  trades=11  hit_rate=0.0%  total_pnl=-13.4 points
  [12sec] SHORT 1:3  trades=11  hit_rate=0.0%  total_pnl=-13.4 points
  [12sec] SHORT 1:4  trades=11  hit_rate=0.0%  total_pnl=-13.4 points
  [12sec] SHORT 1:2  trades=4  hit_rate=0.0%  total_pnl=-4.15 points
  [12sec] SHORT 1:3  trades=4  hit_rate=0.0%  total_pnl=-4.15 points
  [12sec] SHORT 1:4  trades=4  hit_rate=0.0%  total_pnl=-4.15 points
  [12sec] SHORT 1:2  trades=18  hit_rate=11.11%  total_pnl=-18.05 points
  [12sec] SHORT 1:3  trades=18  hit_rate=11.11%  total_pnl=-16.15 points
  [12sec] SHORT 1:4  trades=18  hit_rate=11.11%  total_pnl=-14.25 points
  [12sec] SHORT 1:2  trades=5  hit_rate=0.0%  total_pnl=-5.45 points
  [12sec] SHORT 1:3  trades=5  hit_rate=0.0%  total_pnl=-5.45 points
  [12sec] SHORT 1:4  trades=5  hit_rate=0.0%  total_pnl=-5.45 points
  [12sec] SHORT 1:2  trades=11  hit_rate=0.0%  total_pnl=-13.4 points
  [12sec] SHORT 1:3  trades=11  hit_rate=0.0%  total_pnl=-13.4 points
  [12sec] SHORT 1:4  trades=11  hit_rate=0.0%  total_pnl=-13.4 points
  [12sec] SHORT 1:2  trades=4  hit_rate=0.0%  total_pnl=-4.15 points
  [12sec] SHORT 1:3  trades=4  hit_rate=0.0%  total_pnl=-4.15 points
  [12sec] SHORT 1:4  trades=4  hit_rate=0.0%  total_pnl=-4.15 points
  [12sec] SHORT 1:2  trades=18  hit_rate=11.11%  total_pnl=-18.05 points
  [12sec] SHORT 1:3  trades=18  hit_rate=11.11%  total_pnl=-16.15 points
  [12sec] SHORT 1:4  trades=18  hit_rate=11.11%  total_pnl=-14.25 points
  [12sec] SHORT 1:2  trades=5  hit_rate=0.0%  total_pnl=-5.45 points
  [12sec] SHORT 1:3  trades=5  hit_rate=0.0%  total_pnl=-5.45 points
  [12sec] SHORT 1:4  trades=5  hit_rate=0.0%  total_pnl=-5.45 points
  [12sec] SHORT 1:2  trades=11  hit_rate=0.0%  total_pnl=-13.4 points
  [12sec] SHORT 1:3  trades=11  hit_rate=0.0%  total_pnl=-13.4 points
  [12sec] SHORT 1:4  trades=11  hit_rate=0.0%  total_pnl=-13.4 points
  [12sec] SHORT 1:2  trades=4  hit_rate=0.0%  total_pnl=-4.15 points
  [12sec] SHORT 1:3  trades=4  hit_rate=0.0%  total_pnl=-4.15 points
  [12sec] SHORT 1:4  trades=4  hit_rate=0.0%  total_pnl=-4.15 points
  [12sec] SHORT 1:2  trades=18  hit_rate=11.11%  total_pnl=-18.05 points
  [12sec] SHORT 1:3  trades=18  hit_rate=11.11%  total_pnl=-16.15 points
  [12sec] SHORT 1:4  trades=18  hit_rate=11.11%  total_pnl=-14.25 points
  [12sec] SHORT 1:2  trades=5  hit_rate=0.0%  total_pnl=-5.45 points
  [12sec] SHORT 1:3  trades=5  hit_rate=0.0%  total_pnl=-5.45 points
  [12sec] SHORT 1:4  trades=5  hit_rate=0.0%  total_pnl=-5.45 points
  [12sec] SHORT 1:2  trades=11  hit_rate=0.0%  total_pnl=-13.4 points
  [12sec] SHORT 1:3  trades=11  hit_rate=0.0%  total_pnl=-13.4 points
  [12sec] SHORT 1:4  trades=11  hit_rate=0.0%  total_pnl=-13.4 points
  [12sec] SHORT 1:2  trades=4  hit_rate=0.0%  total_pnl=-4.15 points
  [12sec] SHORT 1:3  trades=4  hit_rate=0.0%  total_pnl=-4.15 points
  [12sec] SHORT 1:4  trades=4  hit_rate=0.0%  total_pnl=-4.15 points
  [12sec] SHORT 1:2  trades=18  hit_rate=11.11%  total_pnl=-18.05 points
  [12sec] SHORT 1:3  trades=18  hit_rate=11.11%  total_pnl=-16.15 points
  [12sec] SHORT 1:4  trades=18  hit_rate=11.11%  total_pnl=-14.25 points
  [12sec] SHORT 1:2  trades=5  hit_rate=0.0%  total_pnl=-5.45 points
  [12sec] SHORT 1:3  trades=5  hit_rate=0.0%  total_pnl=-5.45 points
  [12sec] SHORT 1:4  trades=5  hit_rate=0.0%  total_pnl=-5.45 points
  [12sec] SHORT 1:2  trades=11  hit_rate=0.0%  total_pnl=-13.4 points
  [12sec] SHORT 1:3  trades=11  hit_rate=0.0%  total_pnl=-13.4 points
  [12sec] SHORT 1:4  trades=11  hit_rate=0.0%  total_pnl=-13.4 points
  [12sec] SHORT 1:2  trades=4  hit_rate=0.0%  total_pnl=-4.15 points
  [12sec] SHORT 1:3  trades=4  hit_rate=0.0%  total_pnl=-4.15 points
  [12sec] SHORT 1:4  trades=4  hit_rate=0.0%  total_pnl=-4.15 points
  [12sec] SHORT 1:2  trades=17  hit_rate=5.88%  total_pnl=-21.05 points
  [12sec] SHORT 1:3  trades=17  hit_rate=5.88%  total_pnl=-20.65 points
  [12sec] SHORT 1:4  trades=17  hit_rate=5.88%  total_pnl=-20.25 points
  [12sec] SHORT 1:2  trades=5  hit_rate=0.0%  total_pnl=-5.45 points
  [12sec] SHORT 1:3  trades=5  hit_rate=0.0%  total_pnl=-5.45 points
  [12sec] SHORT 1:4  trades=5  hit_rate=0.0%  total_pnl=-5.45 points
  [12sec] SHORT 1:2  trades=11  hit_rate=0.0%  total_pnl=-13.4 points
  [12sec] SHORT 1:3  trades=11  hit_rate=0.0%  total_pnl=-13.4 points
  [12sec] SHORT 1:4  trades=11  hit_rate=0.0%  total_pnl=-13.4 points
  [12sec] SHORT 1:2  trades=4  hit_rate=0.0%  total_pnl=-4.15 points
  [12sec] SHORT 1:3  trades=4  hit_rate=0.0%  total_pnl=-4.15 points
  [12sec] SHORT 1:4  trades=4  hit_rate=0.0%  total_pnl=-4.15 points
  [12sec] SHORT 1:2  trades=16  hit_rate=6.25%  total_pnl=-19.4 points
  [12sec] SHORT 1:3  trades=16  hit_rate=6.25%  total_pnl=-19.0 points
  [12sec] SHORT 1:4  trades=16  hit_rate=6.25%  total_pnl=-18.6 points
  [12sec] SHORT 1:2  trades=5  hit_rate=0.0%  total_pnl=-5.45 points
  [12sec] SHORT 1:3  trades=5  hit_rate=0.0%  total_pnl=-5.45 points
  [12sec] SHORT 1:4  trades=5  hit_rate=0.0%  total_pnl=-5.45 points
  [12sec] SHORT 1:2  trades=9  hit_rate=0.0%  total_pnl=-11.4 points
  [12sec] SHORT 1:3  trades=9  hit_rate=0.0%  total_pnl=-11.4 points
  [12sec] SHORT 1:4  trades=9  hit_rate=0.0%  total_pnl=-11.4 points
  [12sec] SHORT 1:2  trades=4  hit_rate=0.0%  total_pnl=-4.15 points
  [12sec] SHORT 1:3  trades=4  hit_rate=0.0%  total_pnl=-4.15 points
  [12sec] SHORT 1:4  trades=4  hit_rate=0.0%  total_pnl=-4.15 points
  [12sec] SHORT 1:2  trades=12  hit_rate=8.33%  total_pnl=-14.0 points
  [12sec] SHORT 1:3  trades=12  hit_rate=8.33%  total_pnl=-13.6 points
  [12sec] SHORT 1:4  trades=12  hit_rate=8.33%  total_pnl=-13.2 points
  [12sec] SHORT 1:2  trades=5  hit_rate=0.0%  total_pnl=-5.45 points
  [12sec] SHORT 1:3  trades=5  hit_rate=0.0%  total_pnl=-5.45 points
  [12sec] SHORT 1:4  trades=5  hit_rate=0.0%  total_pnl=-5.45 points
  [12sec] SHORT 1:2  trades=8  hit_rate=0.0%  total_pnl=-9.6 points
  [12sec] SHORT 1:3  trades=8  hit_rate=0.0%  total_pnl=-9.6 points
  [12sec] SHORT 1:4  trades=8  hit_rate=0.0%  total_pnl=-9.6 points
  [12sec] SHORT 1:2  trades=4  hit_rate=0.0%  total_pnl=-4.15 points
  [12sec] SHORT 1:3  trades=4  hit_rate=0.0%  total_pnl=-4.15 points
  [12sec] SHORT 1:4  trades=4  hit_rate=0.0%  total_pnl=-4.15 points
  [12sec] SHORT 1:2  trades=9  hit_rate=0.0%  total_pnl=-12.8 points
  [12sec] SHORT 1:3  trades=9  hit_rate=0.0%  total_pnl=-12.8 points
  [12sec] SHORT 1:4  trades=9  hit_rate=0.0%  total_pnl=-12.8 points
  [12sec] SHORT 1:2  trades=4  hit_rate=0.0%  total_pnl=-5.05 points
  [12sec] SHORT 1:3  trades=4  hit_rate=0.0%  total_pnl=-5.05 points
  [12sec] SHORT 1:4  trades=4  hit_rate=0.0%  total_pnl=-5.05 points
  [12sec] SHORT 1:2  trades=7  hit_rate=0.0%  total_pnl=-9.2 points
  [12sec] SHORT 1:3  trades=7  hit_rate=0.0%  total_pnl=-9.2 points
  [12sec] SHORT 1:4  trades=7  hit_rate=0.0%  total_pnl=-9.2 points
  [12sec] SHORT 1:2  trades=3  hit_rate=0.0%  total_pnl=-3.75 points
  [12sec] SHORT 1:3  trades=3  hit_rate=0.0%  total_pnl=-3.75 points
  [12sec] SHORT 1:4  trades=3  hit_rate=0.0%  total_pnl=-3.75 points
  [12sec] SHORT 1:2  trades=6  hit_rate=0.0%  total_pnl=-10.5 points
  [12sec] SHORT 1:3  trades=6  hit_rate=0.0%  total_pnl=-10.5 points
  [12sec] SHORT 1:4  trades=6  hit_rate=0.0%  total_pnl=-10.5 points
  [12sec] SHORT 1:2  trades=3  hit_rate=0.0%  total_pnl=-4.55 points
  [12sec] SHORT 1:3  trades=3  hit_rate=0.0%  total_pnl=-4.55 points
  [12sec] SHORT 1:4  trades=3  hit_rate=0.0%  total_pnl=-4.55 points
  [12sec] SHORT 1:2  trades=4  hit_rate=0.0%  total_pnl=-6.9 points
  [12sec] SHORT 1:3  trades=4  hit_rate=0.0%  total_pnl=-6.9 points
  [12sec] SHORT 1:4  trades=4  hit_rate=0.0%  total_pnl=-6.9 points
  [12sec] SHORT 1:2  trades=2  hit_rate=0.0%  total_pnl=-3.25 points
  [12sec] SHORT 1:3  trades=2  hit_rate=0.0%  total_pnl=-3.25 points
  [12sec] SHORT 1:4  trades=2  hit_rate=0.0%  total_pnl=-3.25 points
  [12sec] SHORT 1:2  trades=3  hit_rate=0.0%  total_pnl=-6.6 points
  [12sec] SHORT 1:3  trades=3  hit_rate=0.0%  total_pnl=-6.6 points
  [12sec] SHORT 1:4  trades=3  hit_rate=0.0%  total_pnl=-6.6 points
  [12sec] SHORT 1:2  trades=1  hit_rate=0.0%  total_pnl=-1.3 points
  [12sec] SHORT 1:3  trades=1  hit_rate=0.0%  total_pnl=-1.3 points
  [12sec] SHORT 1:4  trades=1  hit_rate=0.0%  total_pnl=-1.3 points
  [12sec] SHORT 1:2  trades=2  hit_rate=0.0%  total_pnl=-3.65 points
  [12sec] SHORT 1:3  trades=2  hit_rate=0.0%  total_pnl=-3.65 points
  [12sec] SHORT 1:4  trades=2  hit_rate=0.0%  total_pnl=-3.65 points
  [12sec] SHORT 1:2  trades=1  hit_rate=0.0%  total_pnl=-1.3 points
  [12sec] SHORT 1:3  trades=1  hit_rate=0.0%  total_pnl=-1.3 points
  [12sec] SHORT 1:4  trades=1  hit_rate=0.0%  total_pnl=-1.3 points
  [12sec] SHORT 1:2  trades=1  hit_rate=0.0%  total_pnl=-1.3 points
  [12sec] SHORT 1:3  trades=1  hit_rate=0.0%  total_pnl=-1.3 points
  [12sec] SHORT 1:4  trades=1  hit_rate=0.0%  total_pnl=-1.3 points
  [12sec] SHORT 1:2  trades=1  hit_rate=0.0%  total_pnl=-1.3 points
  [12sec] SHORT 1:3  trades=1  hit_rate=0.0%  total_pnl=-1.3 points
  [12sec] SHORT 1:4  trades=1  hit_rate=0.0%  total_pnl=-1.3 points
  [12sec] SHORT 1:2  trades=1  hit_rate=0.0%  total_pnl=-1.3 points
  [12sec] SHORT 1:3  trades=1  hit_rate=0.0%  total_pnl=-1.3 points
  [12sec] SHORT 1:4  trades=1  hit_rate=0.0%  total_pnl=-1.3 points
  [12sec] SHORT 1:2  trades=1  hit_rate=0.0%  total_pnl=-1.3 points
  [12sec] SHORT 1:3  trades=1  hit_rate=0.0%  total_pnl=-1.3 points
  [12sec] SHORT 1:4  trades=1  hit_rate=0.0%  total_pnl=-1.3 points
  [12sec] SHORT 1:2  trades=1  hit_rate=0.0%  total_pnl=-1.3 points
  [12sec] SHORT 1:3  trades=1  hit_rate=0.0%  total_pnl=-1.3 points
  [12sec] SHORT 1:4  trades=1  hit_rate=0.0%  total_pnl=-1.3 points
  [12sec] SHORT 1:2  trades=1  hit_rate=0.0%  total_pnl=-1.3 points
  [12sec] SHORT 1:3  trades=1  hit_rate=0.0%  total_pnl=-1.3 points
  [12sec] SHORT 1:4  trades=1  hit_rate=0.0%  total_pnl=-1.3 points
  [12sec] SHORT 1:2  trades=1  hit_rate=0.0%  total_pnl=-1.3 points
  [12sec] SHORT 1:3  trades=1  hit_rate=0.0%  total_pnl=-1.3 points
  [12sec] SHORT 1:4  trades=1  hit_rate=0.0%  total_pnl=-1.3 points
  [12sec] SHORT 1:2  trades=1  hit_rate=0.0%  total_pnl=-1.3 points
  [12sec] SHORT 1:3  trades=1  hit_rate=0.0%  total_pnl=-1.3 points
  [12sec] SHORT 1:4  trades=1  hit_rate=0.0%  total_pnl=-1.3 points
  [12sec] SHORT 1:2  trades=18  hit_rate=11.11%  total_pnl=-18.05 points
  [12sec] SHORT 1:3  trades=18  hit_rate=11.11%  total_pnl=-16.15 points
  [12sec] SHORT 1:4  trades=18  hit_rate=11.11%  total_pnl=-14.25 points
  [12sec] SHORT 1:2  trades=5  hit_rate=0.0%  total_pnl=-5.45 points
  [12sec] SHORT 1:3  trades=5  hit_rate=0.0%  total_pnl=-5.45 points
  [12sec] SHORT 1:4  trades=5  hit_rate=0.0%  total_pnl=-5.45 points
  [12sec] SHORT 1:2  trades=11  hit_rate=0.0%  total_pnl=-13.4 points
  [12sec] SHORT 1:3  trades=11  hit_rate=0.0%  total_pnl=-13.4 points
  [12sec] SHORT 1:4  trades=11  hit_rate=0.0%  total_pnl=-13.4 points
  [12sec] SHORT 1:2  trades=4  hit_rate=0.0%  total_pnl=-4.15 points
  [12sec] SHORT 1:3  trades=4  hit_rate=0.0%  total_pnl=-4.15 points
  [12sec] SHORT 1:4  trades=4  hit_rate=0.0%  total_pnl=-4.15 points
  [12sec] SHORT 1:2  trades=18  hit_rate=11.11%  total_pnl=-18.05 points
  [12sec] SHORT 1:3  trades=18  hit_rate=11.11%  total_pnl=-16.15 points
  [12sec] SHORT 1:4  trades=18  hit_rate=11.11%  total_pnl=-14.25 points
  [12sec] SHORT 1:2  trades=5  hit_rate=0.0%  total_pnl=-5.45 points
  [12sec] SHORT 1:3  trades=5  hit_rate=0.0%  total_pnl=-5.45 points
  [12sec] SHORT 1:4  trades=5  hit_rate=0.0%  total_pnl=-5.45 points
  [12sec] SHORT 1:2  trades=11  hit_rate=0.0%  total_pnl=-13.4 points
  [12sec] SHORT 1:3  trades=11  hit_rate=0.0%  total_pnl=-13.4 points
  [12sec] SHORT 1:4  trades=11  hit_rate=0.0%  total_pnl=-13.4 points
  [12sec] SHORT 1:2  trades=4  hit_rate=0.0%  total_pnl=-4.15 points
  [12sec] SHORT 1:3  trades=4  hit_rate=0.0%  total_pnl=-4.15 points
  [12sec] SHORT 1:4  trades=4  hit_rate=0.0%  total_pnl=-4.15 points
  [12sec] SHORT 1:2  trades=18  hit_rate=11.11%  total_pnl=-18.05 points
  [12sec] SHORT 1:3  trades=18  hit_rate=11.11%  total_pnl=-16.15 points
  [12sec] SHORT 1:4  trades=18  hit_rate=11.11%  total_pnl=-14.25 points
  [12sec] SHORT 1:2  trades=5  hit_rate=0.0%  total_pnl=-5.45 points
  [12sec] SHORT 1:3  trades=5  hit_rate=0.0%  total_pnl=-5.45 points
  [12sec] SHORT 1:4  trades=5  hit_rate=0.0%  total_pnl=-5.45 points
  [12sec] SHORT 1:2  trades=11  hit_rate=0.0%  total_pnl=-13.4 points
  [12sec] SHORT 1:3  trades=11  hit_rate=0.0%  total_pnl=-13.4 points
  [12sec] SHORT 1:4  trades=11  hit_rate=0.0%  total_pnl=-13.4 points
  [12sec] SHORT 1:2  trades=4  hit_rate=0.0%  total_pnl=-4.15 points
  [12sec] SHORT 1:3  trades=4  hit_rate=0.0%  total_pnl=-4.15 points
  [12sec] SHORT 1:4  trades=4  hit_rate=0.0%  total_pnl=-4.15 points
  [12sec] SHORT 1:2  trades=18  hit_rate=11.11%  total_pnl=-18.05 points
  [12sec] SHORT 1:3  trades=18  hit_rate=11.11%  total_pnl=-16.15 points
  [12sec] SHORT 1:4  trades=18  hit_rate=11.11%  total_pnl=-14.25 points
  [12sec] SHORT 1:2  trades=5  hit_rate=0.0%  total_pnl=-5.45 points
  [12sec] SHORT 1:3  trades=5  hit_rate=0.0%  total_pnl=-5.45 points
  [12sec] SHORT 1:4  trades=5  hit_rate=0.0%  total_pnl=-5.45 points
  [12sec] SHORT 1:2  trades=11  hit_rate=0.0%  total_pnl=-13.4 points
  [12sec] SHORT 1:3  trades=11  hit_rate=0.0%  total_pnl=-13.4 points
  [12sec] SHORT 1:4  trades=11  hit_rate=0.0%  total_pnl=-13.4 points
  [12sec] SHORT 1:2  trades=4  hit_rate=0.0%  total_pnl=-4.15 points
  [12sec] SHORT 1:3  trades=4  hit_rate=0.0%  total_pnl=-4.15 points
  [12sec] SHORT 1:4  trades=4  hit_rate=0.0%  total_pnl=-4.15 points
  [12sec] SHORT 1:2  trades=18  hit_rate=11.11%  total_pnl=-18.05 points
  [12sec] SHORT 1:3  trades=18  hit_rate=11.11%  total_pnl=-16.15 points
  [12sec] SHORT 1:4  trades=18  hit_rate=11.11%  total_pnl=-14.25 points
  [12sec] SHORT 1:2  trades=5  hit_rate=0.0%  total_pnl=-5.45 points
  [12sec] SHORT 1:3  trades=5  hit_rate=0.0%  total_pnl=-5.45 points
  [12sec] SHORT 1:4  trades=5  hit_rate=0.0%  total_pnl=-5.45 points
  [12sec] SHORT 1:2  trades=11  hit_rate=0.0%  total_pnl=-13.4 points
  [12sec] SHORT 1:3  trades=11  hit_rate=0.0%  total_pnl=-13.4 points
  [12sec] SHORT 1:4  trades=11  hit_rate=0.0%  total_pnl=-13.4 points
  [12sec] SHORT 1:2  trades=4  hit_rate=0.0%  total_pnl=-4.15 points
  [12sec] SHORT 1:3  trades=4  hit_rate=0.0%  total_pnl=-4.15 points
  [12sec] SHORT 1:4  trades=4  hit_rate=0.0%  total_pnl=-4.15 points
  [12sec] SHORT 1:2  trades=18  hit_rate=11.11%  total_pnl=-18.05 points
  [12sec] SHORT 1:3  trades=18  hit_rate=11.11%  total_pnl=-16.15 points
  [12sec] SHORT 1:4  trades=18  hit_rate=11.11%  total_pnl=-14.25 points
  [12sec] SHORT 1:2  trades=5  hit_rate=0.0%  total_pnl=-5.45 points
  [12sec] SHORT 1:3  trades=5  hit_rate=0.0%  total_pnl=-5.45 points
  [12sec] SHORT 1:4  trades=5  hit_rate=0.0%  total_pnl=-5.45 points
  [12sec] SHORT 1:2  trades=11  hit_rate=0.0%  total_pnl=-13.4 points
  [12sec] SHORT 1:3  trades=11  hit_rate=0.0%  total_pnl=-13.4 points
  [12sec] SHORT 1:4  trades=11  hit_rate=0.0%  total_pnl=-13.4 points
  [12sec] SHORT 1:2  trades=4  hit_rate=0.0%  total_pnl=-4.15 points
  [12sec] SHORT 1:3  trades=4  hit_rate=0.0%  total_pnl=-4.15 points
  [12sec] SHORT 1:4  trades=4  hit_rate=0.0%  total_pnl=-4.15 points
  [12sec] SHORT 1:2  trades=18  hit_rate=11.11%  total_pnl=-18.05 points
  [12sec] SHORT 1:3  trades=18  hit_rate=11.11%  total_pnl=-16.15 points
  [12sec] SHORT 1:4  trades=18  hit_rate=11.11%  total_pnl=-14.25 points
  [12sec] SHORT 1:2  trades=5  hit_rate=0.0%  total_pnl=-5.45 points
  [12sec] SHORT 1:3  trades=5  hit_rate=0.0%  total_pnl=-5.45 points
  [12sec] SHORT 1:4  trades=5  hit_rate=0.0%  total_pnl=-5.45 points
  [12sec] SHORT 1:2  trades=11  hit_rate=0.0%  total_pnl=-13.4 points
  [12sec] SHORT 1:3  trades=11  hit_rate=0.0%  total_pnl=-13.4 points
  [12sec] SHORT 1:4  trades=11  hit_rate=0.0%  total_pnl=-13.4 points
  [12sec] SHORT 1:2  trades=4  hit_rate=0.0%  total_pnl=-4.15 points
  [12sec] SHORT 1:3  trades=4  hit_rate=0.0%  total_pnl=-4.15 points
  [12sec] SHORT 1:4  trades=4  hit_rate=0.0%  total_pnl=-4.15 points
  [12sec] SHORT 1:2  trades=17  hit_rate=5.88%  total_pnl=-21.05 points
  [12sec] SHORT 1:3  trades=17  hit_rate=5.88%  total_pnl=-20.65 points
  [12sec] SHORT 1:4  trades=17  hit_rate=5.88%  total_pnl=-20.25 points
  [12sec] SHORT 1:2  trades=5  hit_rate=0.0%  total_pnl=-5.45 points
  [12sec] SHORT 1:3  trades=5  hit_rate=0.0%  total_pnl=-5.45 points
  [12sec] SHORT 1:4  trades=5  hit_rate=0.0%  total_pnl=-5.45 points
  [12sec] SHORT 1:2  trades=11  hit_rate=0.0%  total_pnl=-13.4 points
  [12sec] SHORT 1:3  trades=11  hit_rate=0.0%  total_pnl=-13.4 points
  [12sec] SHORT 1:4  trades=11  hit_rate=0.0%  total_pnl=-13.4 points
  [12sec] SHORT 1:2  trades=4  hit_rate=0.0%  total_pnl=-4.15 points
  [12sec] SHORT 1:3  trades=4  hit_rate=0.0%  total_pnl=-4.15 points
  [12sec] SHORT 1:4  trades=4  hit_rate=0.0%  total_pnl=-4.15 points
  [12sec] SHORT 1:2  trades=17  hit_rate=5.88%  total_pnl=-21.05 points
  [12sec] SHORT 1:3  trades=17  hit_rate=5.88%  total_pnl=-20.65 points
  [12sec] SHORT 1:4  trades=17  hit_rate=5.88%  total_pnl=-20.25 points
  [12sec] SHORT 1:2  trades=5  hit_rate=0.0%  total_pnl=-5.45 points
  [12sec] SHORT 1:3  trades=5  hit_rate=0.0%  total_pnl=-5.45 points
  [12sec] SHORT 1:4  trades=5  hit_rate=0.0%  total_pnl=-5.45 points
  [12sec] SHORT 1:2  trades=11  hit_rate=0.0%  total_pnl=-13.4 points
  [12sec] SHORT 1:3  trades=11  hit_rate=0.0%  total_pnl=-13.4 points
  [12sec] SHORT 1:4  trades=11  hit_rate=0.0%  total_pnl=-13.4 points
  [12sec] SHORT 1:2  trades=4  hit_rate=0.0%  total_pnl=-4.15 points
  [12sec] SHORT 1:3  trades=4  hit_rate=0.0%  total_pnl=-4.15 points
  [12sec] SHORT 1:4  trades=4  hit_rate=0.0%  total_pnl=-4.15 points
  [12sec] SHORT 1:2  trades=17  hit_rate=5.88%  total_pnl=-21.05 points
  [12sec] SHORT 1:3  trades=17  hit_rate=5.88%  total_pnl=-20.65 points
  [12sec] SHORT 1:4  trades=17  hit_rate=5.88%  total_pnl=-20.25 points
  [12sec] SHORT 1:2  trades=5  hit_rate=0.0%  total_pnl=-5.45 points
  [12sec] SHORT 1:3  trades=5  hit_rate=0.0%  total_pnl=-5.45 points
  [12sec] SHORT 1:4  trades=5  hit_rate=0.0%  total_pnl=-5.45 points
  [12sec] SHORT 1:2  trades=11  hit_rate=0.0%  total_pnl=-13.4 points
  [12sec] SHORT 1:3  trades=11  hit_rate=0.0%  total_pnl=-13.4 points
  [12sec] SHORT 1:4  trades=11  hit_rate=0.0%  total_pnl=-13.4 points
  [12sec] SHORT 1:2  trades=4  hit_rate=0.0%  total_pnl=-4.15 points
  [12sec] SHORT 1:3  trades=4  hit_rate=0.0%  total_pnl=-4.15 points
  [12sec] SHORT 1:4  trades=4  hit_rate=0.0%  total_pnl=-4.15 points
  [12sec] SHORT 1:2  trades=13  hit_rate=7.69%  total_pnl=-16.75 points
  [12sec] SHORT 1:3  trades=13  hit_rate=7.69%  total_pnl=-16.35 points
  [12sec] SHORT 1:4  trades=13  hit_rate=7.69%  total_pnl=-15.95 points
  [12sec] SHORT 1:2  trades=4  hit_rate=0.0%  total_pnl=-4.95 points
  [12sec] SHORT 1:3  trades=4  hit_rate=0.0%  total_pnl=-4.95 points
  [12sec] SHORT 1:4  trades=4  hit_rate=0.0%  total_pnl=-4.95 points
  [12sec] SHORT 1:2  trades=8  hit_rate=0.0%  total_pnl=-10.9 points
  [12sec] SHORT 1:3  trades=8  hit_rate=0.0%  total_pnl=-10.9 points
  [12sec] SHORT 1:4  trades=8  hit_rate=0.0%  total_pnl=-10.9 points
  [12sec] SHORT 1:2  trades=3  hit_rate=0.0%  total_pnl=-3.65 points
  [12sec] SHORT 1:3  trades=3  hit_rate=0.0%  total_pnl=-3.65 points
  [12sec] SHORT 1:4  trades=3  hit_rate=0.0%  total_pnl=-3.65 points
  [12sec] SHORT 1:2  trades=10  hit_rate=10.0%  total_pnl=-11.9 points
  [12sec] SHORT 1:3  trades=10  hit_rate=10.0%  total_pnl=-11.5 points
  [12sec] SHORT 1:4  trades=10  hit_rate=10.0%  total_pnl=-11.1 points
  [12sec] SHORT 1:2  trades=4  hit_rate=0.0%  total_pnl=-4.95 points
  [12sec] SHORT 1:3  trades=4  hit_rate=0.0%  total_pnl=-4.95 points
  [12sec] SHORT 1:4  trades=4  hit_rate=0.0%  total_pnl=-4.95 points
  [12sec] SHORT 1:2  trades=7  hit_rate=0.0%  total_pnl=-9.1 points
  [12sec] SHORT 1:3  trades=7  hit_rate=0.0%  total_pnl=-9.1 points
  [12sec] SHORT 1:4  trades=7  hit_rate=0.0%  total_pnl=-9.1 points
  [12sec] SHORT 1:2  trades=3  hit_rate=0.0%  total_pnl=-3.65 points
  [12sec] SHORT 1:3  trades=3  hit_rate=0.0%  total_pnl=-3.65 points
  [12sec] SHORT 1:4  trades=3  hit_rate=0.0%  total_pnl=-3.65 points
  [12sec] SHORT 1:2  trades=9  hit_rate=11.11%  total_pnl=-11.5 points
  [12sec] SHORT 1:3  trades=9  hit_rate=11.11%  total_pnl=-11.1 points
  [12sec] SHORT 1:4  trades=9  hit_rate=11.11%  total_pnl=-10.7 points
  [12sec] SHORT 1:2  trades=3  hit_rate=0.0%  total_pnl=-4.55 points
  [12sec] SHORT 1:3  trades=3  hit_rate=0.0%  total_pnl=-4.55 points
  [12sec] SHORT 1:4  trades=3  hit_rate=0.0%  total_pnl=-4.55 points
  [12sec] SHORT 1:2  trades=6  hit_rate=0.0%  total_pnl=-8.7 points
  [12sec] SHORT 1:3  trades=6  hit_rate=0.0%  total_pnl=-8.7 points
  [12sec] SHORT 1:4  trades=6  hit_rate=0.0%  total_pnl=-8.7 points
  [12sec] SHORT 1:2  trades=2  hit_rate=0.0%  total_pnl=-3.25 points
  [12sec] SHORT 1:3  trades=2  hit_rate=0.0%  total_pnl=-3.25 points
  [12sec] SHORT 1:4  trades=2  hit_rate=0.0%  total_pnl=-3.25 points
  [12sec] SHORT 1:2  trades=7  hit_rate=14.29%  total_pnl=-10.0 points
  [12sec] SHORT 1:3  trades=7  hit_rate=14.29%  total_pnl=-9.6 points
  [12sec] SHORT 1:4  trades=7  hit_rate=14.29%  total_pnl=-9.2 points
  [12sec] SHORT 1:2  trades=2  hit_rate=0.0%  total_pnl=-3.45 points
  [12sec] SHORT 1:3  trades=2  hit_rate=0.0%  total_pnl=-3.45 points
  [12sec] SHORT 1:4  trades=2  hit_rate=0.0%  total_pnl=-3.45 points
  [12sec] SHORT 1:2  trades=4  hit_rate=0.0%  total_pnl=-7.2 points
  [12sec] SHORT 1:3  trades=4  hit_rate=0.0%  total_pnl=-7.2 points
  [12sec] SHORT 1:4  trades=4  hit_rate=0.0%  total_pnl=-7.2 points
  [12sec] SHORT 1:2  trades=1  hit_rate=0.0%  total_pnl=-2.15 points
  [12sec] SHORT 1:3  trades=1  hit_rate=0.0%  total_pnl=-2.15 points
  [12sec] SHORT 1:4  trades=1  hit_rate=0.0%  total_pnl=-2.15 points
  [12sec] SHORT 1:2  trades=5  hit_rate=0.0%  total_pnl=-8.65 points
  [12sec] SHORT 1:3  trades=5  hit_rate=0.0%  total_pnl=-8.65 points
  [12sec] SHORT 1:4  trades=5  hit_rate=0.0%  total_pnl=-8.65 points
  [12sec] SHORT 1:2  trades=1  hit_rate=0.0%  total_pnl=-1.3 points
  [12sec] SHORT 1:3  trades=1  hit_rate=0.0%  total_pnl=-1.3 points
  [12sec] SHORT 1:4  trades=1  hit_rate=0.0%  total_pnl=-1.3 points
  [12sec] SHORT 1:2  trades=3  hit_rate=0.0%  total_pnl=-5.05 points
  [12sec] SHORT 1:3  trades=3  hit_rate=0.0%  total_pnl=-5.05 points
  [12sec] SHORT 1:4  trades=3  hit_rate=0.0%  total_pnl=-5.05 points
  [12sec] SHORT 1:2  trades=4  hit_rate=0.0%  total_pnl=-8.0 points
  [12sec] SHORT 1:3  trades=4  hit_rate=0.0%  total_pnl=-8.0 points
  [12sec] SHORT 1:4  trades=4  hit_rate=0.0%  total_pnl=-8.0 points
  [12sec] SHORT 1:2  trades=1  hit_rate=0.0%  total_pnl=-1.3 points
  [12sec] SHORT 1:3  trades=1  hit_rate=0.0%  total_pnl=-1.3 points
  [12sec] SHORT 1:4  trades=1  hit_rate=0.0%  total_pnl=-1.3 points
  [12sec] SHORT 1:2  trades=3  hit_rate=0.0%  total_pnl=-5.05 points
  [12sec] SHORT 1:3  trades=3  hit_rate=0.0%  total_pnl=-5.05 points
  [12sec] SHORT 1:4  trades=3  hit_rate=0.0%  total_pnl=-5.05 points
  [12sec] SHORT 1:2  trades=3  hit_rate=0.0%  total_pnl=-5.65 points
  [12sec] SHORT 1:3  trades=3  hit_rate=0.0%  total_pnl=-5.65 points
  [12sec] SHORT 1:4  trades=3  hit_rate=0.0%  total_pnl=-5.65 points
  [12sec] SHORT 1:2  trades=1  hit_rate=0.0%  total_pnl=-1.3 points
  [12sec] SHORT 1:3  trades=1  hit_rate=0.0%  total_pnl=-1.3 points
  [12sec] SHORT 1:4  trades=1  hit_rate=0.0%  total_pnl=-1.3 points
  [12sec] SHORT 1:2  trades=2  hit_rate=0.0%  total_pnl=-2.7 points
  [12sec] SHORT 1:3  trades=2  hit_rate=0.0%  total_pnl=-2.7 points
  [12sec] SHORT 1:4  trades=2  hit_rate=0.0%  total_pnl=-2.7 points
  [12sec] SHORT 1:2  trades=2  hit_rate=0.0%  total_pnl=-2.7 points
  [12sec] SHORT 1:3  trades=2  hit_rate=0.0%  total_pnl=-2.7 points
  [12sec] SHORT 1:4  trades=2  hit_rate=0.0%  total_pnl=-2.7 points
  [12sec] SHORT 1:2  trades=1  hit_rate=0.0%  total_pnl=-1.3 points
  [12sec] SHORT 1:3  trades=1  hit_rate=0.0%  total_pnl=-1.3 points
  [12sec] SHORT 1:4  trades=1  hit_rate=0.0%  total_pnl=-1.3 points
  [12sec] SHORT 1:2  trades=2  hit_rate=0.0%  total_pnl=-2.7 points
  [12sec] SHORT 1:3  trades=2  hit_rate=0.0%  total_pnl=-2.7 points
  [12sec] SHORT 1:4  trades=2  hit_rate=0.0%  total_pnl=-2.7 points
  [12sec] SHORT 1:2  trades=1  hit_rate=0.0%  total_pnl=-1.3 points
  [12sec] SHORT 1:3  trades=1  hit_rate=0.0%  total_pnl=-1.3 points
  [12sec] SHORT 1:4  trades=1  hit_rate=0.0%  total_pnl=-1.3 points
  [12sec] SHORT 1:2  trades=1  hit_rate=0.0%  total_pnl=-1.3 points
  [12sec] SHORT 1:3  trades=1  hit_rate=0.0%  total_pnl=-1.3 points
  [12sec] SHORT 1:4  trades=1  hit_rate=0.0%  total_pnl=-1.3 points
  [12sec] SHORT 1:2  trades=1  hit_rate=0.0%  total_pnl=-1.3 points
  [12sec] SHORT 1:3  trades=1  hit_rate=0.0%  total_pnl=-1.3 points
  [12sec] SHORT 1:4  trades=1  hit_rate=0.0%  total_pnl=-1.3 points
  [12sec] SHORT 1:2  trades=1  hit_rate=0.0%  total_pnl=-1.3 points
  [12sec] SHORT 1:3  trades=1  hit_rate=0.0%  total_pnl=-1.3 points
  [12sec] SHORT 1:4  trades=1  hit_rate=0.0%  total_pnl=-1.3 points
  [12sec] SHORT 1:2  trades=1  hit_rate=0.0%  total_pnl=-1.3 points
  [12sec] SHORT 1:3  trades=1  hit_rate=0.0%  total_pnl=-1.3 points
  [12sec] SHORT 1:4  trades=1  hit_rate=0.0%  total_pnl=-1.3 points
  [12sec] SHORT 1:2  trades=1  hit_rate=0.0%  total_pnl=-1.3 points
  [12sec] SHORT 1:3  trades=1  hit_rate=0.0%  total_pnl=-1.3 points
  [12sec] SHORT 1:4  trades=1  hit_rate=0.0%  total_pnl=-1.3 points
  [12sec] SHORT 1:2  trades=18  hit_rate=11.11%  total_pnl=-18.05 points
  [12sec] SHORT 1:3  trades=18  hit_rate=11.11%  total_pnl=-16.15 points
  [12sec] SHORT 1:4  trades=18  hit_rate=11.11%  total_pnl=-14.25 points
  [12sec] SHORT 1:2  trades=5  hit_rate=0.0%  total_pnl=-5.45 points
  [12sec] SHORT 1:3  trades=5  hit_rate=0.0%  total_pnl=-5.45 points
  [12sec] SHORT 1:4  trades=5  hit_rate=0.0%  total_pnl=-5.45 points
  [12sec] SHORT 1:2  trades=11  hit_rate=0.0%  total_pnl=-13.4 points
  [12sec] SHORT 1:3  trades=11  hit_rate=0.0%  total_pnl=-13.4 points
  [12sec] SHORT 1:4  trades=11  hit_rate=0.0%  total_pnl=-13.4 points
  [12sec] SHORT 1:2  trades=4  hit_rate=0.0%  total_pnl=-4.15 points
  [12sec] SHORT 1:3  trades=4  hit_rate=0.0%  total_pnl=-4.15 points
  [12sec] SHORT 1:4  trades=4  hit_rate=0.0%  total_pnl=-4.15 points
  [12sec] SHORT 1:2  trades=18  hit_rate=11.11%  total_pnl=-18.05 points
  [12sec] SHORT 1:3  trades=18  hit_rate=11.11%  total_pnl=-16.15 points
  [12sec] SHORT 1:4  trades=18  hit_rate=11.11%  total_pnl=-14.25 points
  [12sec] SHORT 1:2  trades=5  hit_rate=0.0%  total_pnl=-5.45 points
  [12sec] SHORT 1:3  trades=5  hit_rate=0.0%  total_pnl=-5.45 points
  [12sec] SHORT 1:4  trades=5  hit_rate=0.0%  total_pnl=-5.45 points
  [12sec] SHORT 1:2  trades=11  hit_rate=0.0%  total_pnl=-13.4 points
  [12sec] SHORT 1:3  trades=11  hit_rate=0.0%  total_pnl=-13.4 points
  [12sec] SHORT 1:4  trades=11  hit_rate=0.0%  total_pnl=-13.4 points
  [12sec] SHORT 1:2  trades=4  hit_rate=0.0%  total_pnl=-4.15 points
  [12sec] SHORT 1:3  trades=4  hit_rate=0.0%  total_pnl=-4.15 points
  [12sec] SHORT 1:4  trades=4  hit_rate=0.0%  total_pnl=-4.15 points
  [12sec] SHORT 1:2  trades=18  hit_rate=11.11%  total_pnl=-18.05 points
  [12sec] SHORT 1:3  trades=18  hit_rate=11.11%  total_pnl=-16.15 points
  [12sec] SHORT 1:4  trades=18  hit_rate=11.11%  total_pnl=-14.25 points
  [12sec] SHORT 1:2  trades=5  hit_rate=0.0%  total_pnl=-5.45 points
  [12sec] SHORT 1:3  trades=5  hit_rate=0.0%  total_pnl=-5.45 points
  [12sec] SHORT 1:4  trades=5  hit_rate=0.0%  total_pnl=-5.45 points
  [12sec] SHORT 1:2  trades=11  hit_rate=0.0%  total_pnl=-13.4 points
  [12sec] SHORT 1:3  trades=11  hit_rate=0.0%  total_pnl=-13.4 points
  [12sec] SHORT 1:4  trades=11  hit_rate=0.0%  total_pnl=-13.4 points
  [12sec] SHORT 1:2  trades=4  hit_rate=0.0%  total_pnl=-4.15 points
  [12sec] SHORT 1:3  trades=4  hit_rate=0.0%  total_pnl=-4.15 points
  [12sec] SHORT 1:4  trades=4  hit_rate=0.0%  total_pnl=-4.15 points
  [12sec] SHORT 1:2  trades=18  hit_rate=11.11%  total_pnl=-18.05 points
  [12sec] SHORT 1:3  trades=18  hit_rate=11.11%  total_pnl=-16.15 points
  [12sec] SHORT 1:4  trades=18  hit_rate=11.11%  total_pnl=-14.25 points
  [12sec] SHORT 1:2  trades=5  hit_rate=0.0%  total_pnl=-5.45 points
  [12sec] SHORT 1:3  trades=5  hit_rate=0.0%  total_pnl=-5.45 points
  [12sec] SHORT 1:4  trades=5  hit_rate=0.0%  total_pnl=-5.45 points
  [12sec] SHORT 1:2  trades=11  hit_rate=0.0%  total_pnl=-13.4 points
  [12sec] SHORT 1:3  trades=11  hit_rate=0.0%  total_pnl=-13.4 points
  [12sec] SHORT 1:4  trades=11  hit_rate=0.0%  total_pnl=-13.4 points
  [12sec] SHORT 1:2  trades=4  hit_rate=0.0%  total_pnl=-4.15 points
  [12sec] SHORT 1:3  trades=4  hit_rate=0.0%  total_pnl=-4.15 points
  [12sec] SHORT 1:4  trades=4  hit_rate=0.0%  total_pnl=-4.15 points
  [12sec] SHORT 1:2  trades=18  hit_rate=11.11%  total_pnl=-18.05 points
  [12sec] SHORT 1:3  trades=18  hit_rate=11.11%  total_pnl=-16.15 points
  [12sec] SHORT 1:4  trades=18  hit_rate=11.11%  total_pnl=-14.25 points
  [12sec] SHORT 1:2  trades=5  hit_rate=0.0%  total_pnl=-5.45 points
  [12sec] SHORT 1:3  trades=5  hit_rate=0.0%  total_pnl=-5.45 points
  [12sec] SHORT 1:4  trades=5  hit_rate=0.0%  total_pnl=-5.45 points
  [12sec] SHORT 1:2  trades=11  hit_rate=0.0%  total_pnl=-13.4 points
  [12sec] SHORT 1:3  trades=11  hit_rate=0.0%  total_pnl=-13.4 points
  [12sec] SHORT 1:4  trades=11  hit_rate=0.0%  total_pnl=-13.4 points
  [12sec] SHORT 1:2  trades=4  hit_rate=0.0%  total_pnl=-4.15 points
  [12sec] SHORT 1:3  trades=4  hit_rate=0.0%  total_pnl=-4.15 points
  [12sec] SHORT 1:4  trades=4  hit_rate=0.0%  total_pnl=-4.15 points
  [12sec] SHORT 1:2  trades=18  hit_rate=11.11%  total_pnl=-18.05 points
  [12sec] SHORT 1:3  trades=18  hit_rate=11.11%  total_pnl=-16.15 points
  [12sec] SHORT 1:4  trades=18  hit_rate=11.11%  total_pnl=-14.25 points
  [12sec] SHORT 1:2  trades=5  hit_rate=0.0%  total_pnl=-5.45 points
  [12sec] SHORT 1:3  trades=5  hit_rate=0.0%  total_pnl=-5.45 points
  [12sec] SHORT 1:4  trades=5  hit_rate=0.0%  total_pnl=-5.45 points
  [12sec] SHORT 1:2  trades=11  hit_rate=0.0%  total_pnl=-13.4 points
  [12sec] SHORT 1:3  trades=11  hit_rate=0.0%  total_pnl=-13.4 points
  [12sec] SHORT 1:4  trades=11  hit_rate=0.0%  total_pnl=-13.4 points
  [12sec] SHORT 1:2  trades=4  hit_rate=0.0%  total_pnl=-4.15 points
  [12sec] SHORT 1:3  trades=4  hit_rate=0.0%  total_pnl=-4.15 points
  [12sec] SHORT 1:4  trades=4  hit_rate=0.0%  total_pnl=-4.15 points
  [12sec] SHORT 1:2  trades=18  hit_rate=11.11%  total_pnl=-18.05 points
  [12sec] SHORT 1:3  trades=18  hit_rate=11.11%  total_pnl=-16.15 points
  [12sec] SHORT 1:4  trades=18  hit_rate=11.11%  total_pnl=-14.25 points
  [12sec] SHORT 1:2  trades=5  hit_rate=0.0%  total_pnl=-5.45 points
  [12sec] SHORT 1:3  trades=5  hit_rate=0.0%  total_pnl=-5.45 points
  [12sec] SHORT 1:4  trades=5  hit_rate=0.0%  total_pnl=-5.45 points
  [12sec] SHORT 1:2  trades=11  hit_rate=0.0%  total_pnl=-13.4 points
  [12sec] SHORT 1:3  trades=11  hit_rate=0.0%  total_pnl=-13.4 points
  [12sec] SHORT 1:4  trades=11  hit_rate=0.0%  total_pnl=-13.4 points
  [12sec] SHORT 1:2  trades=4  hit_rate=0.0%  total_pnl=-4.15 points
  [12sec] SHORT 1:3  trades=4  hit_rate=0.0%  total_pnl=-4.15 points
  [12sec] SHORT 1:4  trades=4  hit_rate=0.0%  total_pnl=-4.15 points
  [12sec] SHORT 1:2  trades=18  hit_rate=11.11%  total_pnl=-18.05 points
  [12sec] SHORT 1:3  trades=18  hit_rate=11.11%  total_pnl=-16.15 points
  [12sec] SHORT 1:4  trades=18  hit_rate=11.11%  total_pnl=-14.25 points
  [12sec] SHORT 1:2  trades=5  hit_rate=0.0%  total_pnl=-5.45 points
  [12sec] SHORT 1:3  trades=5  hit_rate=0.0%  total_pnl=-5.45 points
  [12sec] SHORT 1:4  trades=5  hit_rate=0.0%  total_pnl=-5.45 points
  [12sec] SHORT 1:2  trades=11  hit_rate=0.0%  total_pnl=-13.4 points
  [12sec] SHORT 1:3  trades=11  hit_rate=0.0%  total_pnl=-13.4 points
  [12sec] SHORT 1:4  trades=11  hit_rate=0.0%  total_pnl=-13.4 points
  [12sec] SHORT 1:2  trades=4  hit_rate=0.0%  total_pnl=-4.15 points
  [12sec] SHORT 1:3  trades=4  hit_rate=0.0%  total_pnl=-4.15 points
  [12sec] SHORT 1:4  trades=4  hit_rate=0.0%  total_pnl=-4.15 points
  [12sec] SHORT 1:2  trades=18  hit_rate=11.11%  total_pnl=-18.05 points
  [12sec] SHORT 1:3  trades=18  hit_rate=11.11%  total_pnl=-16.15 points
  [12sec] SHORT 1:4  trades=18  hit_rate=11.11%  total_pnl=-14.25 points
  [12sec] SHORT 1:2  trades=5  hit_rate=0.0%  total_pnl=-5.45 points
  [12sec] SHORT 1:3  trades=5  hit_rate=0.0%  total_pnl=-5.45 points
  [12sec] SHORT 1:4  trades=5  hit_rate=0.0%  total_pnl=-5.45 points
  [12sec] SHORT 1:2  trades=11  hit_rate=0.0%  total_pnl=-13.4 points
  [12sec] SHORT 1:3  trades=11  hit_rate=0.0%  total_pnl=-13.4 points
  [12sec] SHORT 1:4  trades=11  hit_rate=0.0%  total_pnl=-13.4 points
  [12sec] SHORT 1:2  trades=4  hit_rate=0.0%  total_pnl=-4.15 points
  [12sec] SHORT 1:3  trades=4  hit_rate=0.0%  total_pnl=-4.15 points
  [12sec] SHORT 1:4  trades=4  hit_rate=0.0%  total_pnl=-4.15 points
  [12sec] SHORT 1:2  trades=17  hit_rate=11.76%  total_pnl=-17.55 points
  [12sec] SHORT 1:3  trades=17  hit_rate=11.76%  total_pnl=-15.65 points
  [12sec] SHORT 1:4  trades=17  hit_rate=11.76%  total_pnl=-13.75 points
  [12sec] SHORT 1:2  trades=4  hit_rate=0.0%  total_pnl=-4.95 points
  [12sec] SHORT 1:3  trades=4  hit_rate=0.0%  total_pnl=-4.95 points
  [12sec] SHORT 1:4  trades=4  hit_rate=0.0%  total_pnl=-4.95 points
  [12sec] SHORT 1:2  trades=10  hit_rate=0.0%  total_pnl=-12.9 points
  [12sec] SHORT 1:3  trades=10  hit_rate=0.0%  total_pnl=-12.9 points
  [12sec] SHORT 1:4  trades=10  hit_rate=0.0%  total_pnl=-12.9 points
  [12sec] SHORT 1:2  trades=3  hit_rate=0.0%  total_pnl=-3.65 points
  [12sec] SHORT 1:3  trades=3  hit_rate=0.0%  total_pnl=-3.65 points
  [12sec] SHORT 1:4  trades=3  hit_rate=0.0%  total_pnl=-3.65 points
  [12sec] SHORT 1:2  trades=17  hit_rate=11.76%  total_pnl=-17.55 points
  [12sec] SHORT 1:3  trades=17  hit_rate=11.76%  total_pnl=-15.65 points
  [12sec] SHORT 1:4  trades=17  hit_rate=11.76%  total_pnl=-13.75 points
  [12sec] SHORT 1:2  trades=4  hit_rate=0.0%  total_pnl=-4.95 points
  [12sec] SHORT 1:3  trades=4  hit_rate=0.0%  total_pnl=-4.95 points
  [12sec] SHORT 1:4  trades=4  hit_rate=0.0%  total_pnl=-4.95 points
  [12sec] SHORT 1:2  trades=10  hit_rate=0.0%  total_pnl=-12.9 points
  [12sec] SHORT 1:3  trades=10  hit_rate=0.0%  total_pnl=-12.9 points
  [12sec] SHORT 1:4  trades=10  hit_rate=0.0%  total_pnl=-12.9 points
  [12sec] SHORT 1:2  trades=3  hit_rate=0.0%  total_pnl=-3.65 points
  [12sec] SHORT 1:3  trades=3  hit_rate=0.0%  total_pnl=-3.65 points
  [12sec] SHORT 1:4  trades=3  hit_rate=0.0%  total_pnl=-3.65 points
  [12sec] SHORT 1:2  trades=16  hit_rate=6.25%  total_pnl=-20.55 points
  [12sec] SHORT 1:3  trades=16  hit_rate=6.25%  total_pnl=-20.15 points
  [12sec] SHORT 1:4  trades=16  hit_rate=6.25%  total_pnl=-19.75 points
  [12sec] SHORT 1:2  trades=4  hit_rate=0.0%  total_pnl=-4.95 points
  [12sec] SHORT 1:3  trades=4  hit_rate=0.0%  total_pnl=-4.95 points
  [12sec] SHORT 1:4  trades=4  hit_rate=0.0%  total_pnl=-4.95 points
  [12sec] SHORT 1:2  trades=10  hit_rate=0.0%  total_pnl=-12.9 points
  [12sec] SHORT 1:3  trades=10  hit_rate=0.0%  total_pnl=-12.9 points
  [12sec] SHORT 1:4  trades=10  hit_rate=0.0%  total_pnl=-12.9 points
  [12sec] SHORT 1:2  trades=3  hit_rate=0.0%  total_pnl=-3.65 points
  [12sec] SHORT 1:3  trades=3  hit_rate=0.0%  total_pnl=-3.65 points
  [12sec] SHORT 1:4  trades=3  hit_rate=0.0%  total_pnl=-3.65 points
  [12sec] SHORT 1:2  trades=16  hit_rate=6.25%  total_pnl=-20.55 points
  [12sec] SHORT 1:3  trades=16  hit_rate=6.25%  total_pnl=-20.15 points
  [12sec] SHORT 1:4  trades=16  hit_rate=6.25%  total_pnl=-19.75 points
  [12sec] SHORT 1:2  trades=4  hit_rate=0.0%  total_pnl=-4.95 points
  [12sec] SHORT 1:3  trades=4  hit_rate=0.0%  total_pnl=-4.95 points
  [12sec] SHORT 1:4  trades=4  hit_rate=0.0%  total_pnl=-4.95 points
  [12sec] SHORT 1:2  trades=10  hit_rate=0.0%  total_pnl=-12.9 points
  [12sec] SHORT 1:3  trades=10  hit_rate=0.0%  total_pnl=-12.9 points
  [12sec] SHORT 1:4  trades=10  hit_rate=0.0%  total_pnl=-12.9 points
  [12sec] SHORT 1:2  trades=3  hit_rate=0.0%  total_pnl=-3.65 points
  [12sec] SHORT 1:3  trades=3  hit_rate=0.0%  total_pnl=-3.65 points
  [12sec] SHORT 1:4  trades=3  hit_rate=0.0%  total_pnl=-3.65 points
  [12sec] SHORT 1:2  trades=15  hit_rate=6.67%  total_pnl=-18.9 points
  [12sec] SHORT 1:3  trades=15  hit_rate=6.67%  total_pnl=-18.5 points
  [12sec] SHORT 1:4  trades=15  hit_rate=6.67%  total_pnl=-18.1 points
  [12sec] SHORT 1:2  trades=4  hit_rate=0.0%  total_pnl=-4.95 points
  [12sec] SHORT 1:3  trades=4  hit_rate=0.0%  total_pnl=-4.95 points
  [12sec] SHORT 1:4  trades=4  hit_rate=0.0%  total_pnl=-4.95 points
  [12sec] SHORT 1:2  trades=9  hit_rate=0.0%  total_pnl=-11.25 points
  [12sec] SHORT 1:3  trades=9  hit_rate=0.0%  total_pnl=-11.25 points
  [12sec] SHORT 1:4  trades=9  hit_rate=0.0%  total_pnl=-11.25 points
  [12sec] SHORT 1:2  trades=3  hit_rate=0.0%  total_pnl=-3.65 points
  [12sec] SHORT 1:3  trades=3  hit_rate=0.0%  total_pnl=-3.65 points
  [12sec] SHORT 1:4  trades=3  hit_rate=0.0%  total_pnl=-3.65 points
  [12sec] SHORT 1:2  trades=13  hit_rate=7.69%  total_pnl=-16.9 points
  [12sec] SHORT 1:3  trades=13  hit_rate=7.69%  total_pnl=-16.5 points
  [12sec] SHORT 1:4  trades=13  hit_rate=7.69%  total_pnl=-16.1 points
  [12sec] SHORT 1:2  trades=3  hit_rate=0.0%  total_pnl=-4.55 points
  [12sec] SHORT 1:3  trades=3  hit_rate=0.0%  total_pnl=-4.55 points
  [12sec] SHORT 1:4  trades=3  hit_rate=0.0%  total_pnl=-4.55 points
  [12sec] SHORT 1:2  trades=7  hit_rate=0.0%  total_pnl=-10.5 points
  [12sec] SHORT 1:3  trades=7  hit_rate=0.0%  total_pnl=-10.5 points
  [12sec] SHORT 1:4  trades=7  hit_rate=0.0%  total_pnl=-10.5 points
  [12sec] SHORT 1:2  trades=2  hit_rate=0.0%  total_pnl=-3.25 points
  [12sec] SHORT 1:3  trades=2  hit_rate=0.0%  total_pnl=-3.25 points
  [12sec] SHORT 1:4  trades=2  hit_rate=0.0%  total_pnl=-3.25 points
  [12sec] SHORT 1:2  trades=11  hit_rate=9.09%  total_pnl=-12.65 points
  [12sec] SHORT 1:3  trades=11  hit_rate=9.09%  total_pnl=-12.25 points
  [12sec] SHORT 1:4  trades=11  hit_rate=9.09%  total_pnl=-11.85 points
  [12sec] SHORT 1:2  trades=3  hit_rate=0.0%  total_pnl=-4.55 points
  [12sec] SHORT 1:3  trades=3  hit_rate=0.0%  total_pnl=-4.55 points
  [12sec] SHORT 1:4  trades=3  hit_rate=0.0%  total_pnl=-4.55 points
  [12sec] SHORT 1:2  trades=6  hit_rate=0.0%  total_pnl=-8.7 points
  [12sec] SHORT 1:3  trades=6  hit_rate=0.0%  total_pnl=-8.7 points
  [12sec] SHORT 1:4  trades=6  hit_rate=0.0%  total_pnl=-8.7 points
  [12sec] SHORT 1:2  trades=2  hit_rate=0.0%  total_pnl=-3.25 points
  [12sec] SHORT 1:3  trades=2  hit_rate=0.0%  total_pnl=-3.25 points
  [12sec] SHORT 1:4  trades=2  hit_rate=0.0%  total_pnl=-3.25 points
  [12sec] SHORT 1:2  trades=9  hit_rate=11.11%  total_pnl=-11.0 points
  [12sec] SHORT 1:3  trades=9  hit_rate=11.11%  total_pnl=-10.6 points
  [12sec] SHORT 1:4  trades=9  hit_rate=11.11%  total_pnl=-10.2 points
  [12sec] SHORT 1:2  trades=2  hit_rate=0.0%  total_pnl=-3.45 points
  [12sec] SHORT 1:3  trades=2  hit_rate=0.0%  total_pnl=-3.45 points
  [12sec] SHORT 1:4  trades=2  hit_rate=0.0%  total_pnl=-3.45 points
  [12sec] SHORT 1:2  trades=5  hit_rate=0.0%  total_pnl=-7.6 points
  [12sec] SHORT 1:3  trades=5  hit_rate=0.0%  total_pnl=-7.6 points
  [12sec] SHORT 1:4  trades=5  hit_rate=0.0%  total_pnl=-7.6 points
  [12sec] SHORT 1:2  trades=1  hit_rate=0.0%  total_pnl=-2.15 points
  [12sec] SHORT 1:3  trades=1  hit_rate=0.0%  total_pnl=-2.15 points
  [12sec] SHORT 1:4  trades=1  hit_rate=0.0%  total_pnl=-2.15 points
  [12sec] SHORT 1:2  trades=9  hit_rate=11.11%  total_pnl=-11.0 points
  [12sec] SHORT 1:3  trades=9  hit_rate=11.11%  total_pnl=-10.6 points
  [12sec] SHORT 1:4  trades=9  hit_rate=11.11%  total_pnl=-10.2 points
  [12sec] SHORT 1:2  trades=2  hit_rate=0.0%  total_pnl=-3.45 points
  [12sec] SHORT 1:3  trades=2  hit_rate=0.0%  total_pnl=-3.45 points
  [12sec] SHORT 1:4  trades=2  hit_rate=0.0%  total_pnl=-3.45 points
  [12sec] SHORT 1:2  trades=5  hit_rate=0.0%  total_pnl=-7.6 points
  [12sec] SHORT 1:3  trades=5  hit_rate=0.0%  total_pnl=-7.6 points
  [12sec] SHORT 1:4  trades=5  hit_rate=0.0%  total_pnl=-7.6 points
  [12sec] SHORT 1:2  trades=1  hit_rate=0.0%  total_pnl=-2.15 points
  [12sec] SHORT 1:3  trades=1  hit_rate=0.0%  total_pnl=-2.15 points
  [12sec] SHORT 1:4  trades=1  hit_rate=0.0%  total_pnl=-2.15 points
  [12sec] SHORT 1:2  trades=5  hit_rate=20.0%  total_pnl=-7.2 points
  [12sec] SHORT 1:3  trades=5  hit_rate=20.0%  total_pnl=-6.8 points
  [12sec] SHORT 1:4  trades=5  hit_rate=20.0%  total_pnl=-6.4 points
  [12sec] SHORT 1:2  trades=1  hit_rate=0.0%  total_pnl=-1.3 points
  [12sec] SHORT 1:3  trades=1  hit_rate=0.0%  total_pnl=-1.3 points
  [12sec] SHORT 1:4  trades=1  hit_rate=0.0%  total_pnl=-1.3 points
  [12sec] SHORT 1:2  trades=3  hit_rate=0.0%  total_pnl=-5.05 points
  [12sec] SHORT 1:3  trades=3  hit_rate=0.0%  total_pnl=-5.05 points
  [12sec] SHORT 1:4  trades=3  hit_rate=0.0%  total_pnl=-5.05 points
  [12sec] SHORT 1:2  trades=4  hit_rate=25.0%  total_pnl=-4.85 points
  [12sec] SHORT 1:3  trades=4  hit_rate=25.0%  total_pnl=-4.45 points
  [12sec] SHORT 1:4  trades=4  hit_rate=25.0%  total_pnl=-4.05 points
  [12sec] SHORT 1:2  trades=1  hit_rate=0.0%  total_pnl=-1.3 points
  [12sec] SHORT 1:3  trades=1  hit_rate=0.0%  total_pnl=-1.3 points
  [12sec] SHORT 1:4  trades=1  hit_rate=0.0%  total_pnl=-1.3 points
  [12sec] SHORT 1:2  trades=2  hit_rate=0.0%  total_pnl=-2.7 points
  [12sec] SHORT 1:3  trades=2  hit_rate=0.0%  total_pnl=-2.7 points
  [12sec] SHORT 1:4  trades=2  hit_rate=0.0%  total_pnl=-2.7 points
  [1min] SHORT 1:2  trades=6  hit_rate=33.33%  total_pnl=11.1 points
  [1min] SHORT 1:3  trades=6  hit_rate=16.67%  total_pnl=10.85 points
  [1min] SHORT 1:4  trades=6  hit_rate=0.0%  total_pnl=-12.15 points
  [1min] SHORT 1:2  trades=4  hit_rate=50.0%  total_pnl=13.05 points
  [1min] SHORT 1:3  trades=4  hit_rate=25.0%  total_pnl=12.8 points
  [1min] SHORT 1:4  trades=4  hit_rate=0.0%  total_pnl=-10.2 points
  [1min] SHORT 1:2  trades=1  hit_rate=100.0%  total_pnl=11.5 points
  [1min] SHORT 1:3  trades=1  hit_rate=100.0%  total_pnl=17.25 points
  [1min] SHORT 1:4  trades=1  hit_rate=0.0%  total_pnl=-5.75 points
  [1min] SHORT 1:2  trades=3  hit_rate=33.33%  total_pnl=1.55 points
  [1min] SHORT 1:3  trades=3  hit_rate=0.0%  total_pnl=-4.45 points
  [1min] SHORT 1:4  trades=3  hit_rate=0.0%  total_pnl=-4.45 points
  [1min] SHORT 1:2  trades=3  hit_rate=33.33%  total_pnl=1.55 points
  [1min] SHORT 1:3  trades=3  hit_rate=0.0%  total_pnl=-4.45 points
  [1min] SHORT 1:4  trades=3  hit_rate=0.0%  total_pnl=-4.45 points
  [1min] SHORT 1:2  trades=2  hit_rate=0.0%  total_pnl=-2.45 points
  [1min] SHORT 1:3  trades=2  hit_rate=0.0%  total_pnl=-2.45 points
  [1min] SHORT 1:4  trades=2  hit_rate=0.0%  total_pnl=-2.45 points
  [1min] SHORT 1:2  trades=2  hit_rate=0.0%  total_pnl=-2.45 points
  [1min] SHORT 1:3  trades=2  hit_rate=0.0%  total_pnl=-2.45 points
  [1min] SHORT 1:4  trades=2  hit_rate=0.0%  total_pnl=-2.45 points
  [1min] SHORT 1:2  trades=1  hit_rate=0.0%  total_pnl=-0.55 points
  [1min] SHORT 1:3  trades=1  hit_rate=0.0%  total_pnl=-0.55 points
  [1min] SHORT 1:4  trades=1  hit_rate=0.0%  total_pnl=-0.55 points
  [1min] SHORT 1:2  trades=1  hit_rate=0.0%  total_pnl=-0.55 points
  [1min] SHORT 1:3  trades=1  hit_rate=0.0%  total_pnl=-0.55 points
  [1min] SHORT 1:4  trades=1  hit_rate=0.0%  total_pnl=-0.55 points
  [1min] SHORT 1:2  trades=7  hit_rate=28.57%  total_pnl=10.25 points
  [1min] SHORT 1:3  trades=7  hit_rate=14.29%  total_pnl=10.0 points
  [1min] SHORT 1:4  trades=7  hit_rate=0.0%  total_pnl=-13.0 points
  [1min] SHORT 1:2  trades=1  hit_rate=0.0%  total_pnl=-0.85 points
  [1min] SHORT 1:3  trades=1  hit_rate=0.0%  total_pnl=-0.85 points
  [1min] SHORT 1:4  trades=1  hit_rate=0.0%  total_pnl=-0.85 points
  [1min] SHORT 1:2  trades=5  hit_rate=40.0%  total_pnl=12.2 points
  [1min] SHORT 1:3  trades=5  hit_rate=20.0%  total_pnl=11.95 points
  [1min] SHORT 1:4  trades=5  hit_rate=0.0%  total_pnl=-11.05 points
  [1min] SHORT 1:2  trades=1  hit_rate=100.0%  total_pnl=11.5 points
  [1min] SHORT 1:3  trades=1  hit_rate=100.0%  total_pnl=17.25 points
  [1min] SHORT 1:4  trades=1  hit_rate=0.0%  total_pnl=-5.75 points
  [1min] SHORT 1:2  trades=4  hit_rate=25.0%  total_pnl=0.85 points
  [1min] SHORT 1:3  trades=4  hit_rate=0.0%  total_pnl=-5.15 points
  [1min] SHORT 1:4  trades=4  hit_rate=0.0%  total_pnl=-5.15 points
  [1min] SHORT 1:2  trades=3  hit_rate=33.33%  total_pnl=1.55 points
  [1min] SHORT 1:3  trades=3  hit_rate=0.0%  total_pnl=-4.45 points
  [1min] SHORT 1:4  trades=3  hit_rate=0.0%  total_pnl=-4.45 points
  [1min] SHORT 1:2  trades=3  hit_rate=33.33%  total_pnl=1.55 points
  [1min] SHORT 1:3  trades=3  hit_rate=0.0%  total_pnl=-4.45 points
  [1min] SHORT 1:4  trades=3  hit_rate=0.0%  total_pnl=-4.45 points
  [1min] SHORT 1:2  trades=3  hit_rate=33.33%  total_pnl=1.55 points
  [1min] SHORT 1:3  trades=3  hit_rate=0.0%  total_pnl=-4.45 points
  [1min] SHORT 1:4  trades=3  hit_rate=0.0%  total_pnl=-4.45 points
  [1min] SHORT 1:2  trades=2  hit_rate=0.0%  total_pnl=-2.45 points
  [1min] SHORT 1:3  trades=2  hit_rate=0.0%  total_pnl=-2.45 points
  [1min] SHORT 1:4  trades=2  hit_rate=0.0%  total_pnl=-2.45 points
  [1min] SHORT 1:2  trades=2  hit_rate=0.0%  total_pnl=-2.45 points
  [1min] SHORT 1:3  trades=2  hit_rate=0.0%  total_pnl=-2.45 points
  [1min] SHORT 1:4  trades=2  hit_rate=0.0%  total_pnl=-2.45 points
  [1min] SHORT 1:2  trades=2  hit_rate=0.0%  total_pnl=-2.45 points
  [1min] SHORT 1:3  trades=2  hit_rate=0.0%  total_pnl=-2.45 points
  [1min] SHORT 1:4  trades=2  hit_rate=0.0%  total_pnl=-2.45 points
  [1min] SHORT 1:2  trades=2  hit_rate=0.0%  total_pnl=-2.45 points
  [1min] SHORT 1:3  trades=2  hit_rate=0.0%  total_pnl=-2.45 points
  [1min] SHORT 1:4  trades=2  hit_rate=0.0%  total_pnl=-2.45 points
  [1min] SHORT 1:2  trades=1  hit_rate=0.0%  total_pnl=-1.9 points
  [1min] SHORT 1:3  trades=1  hit_rate=0.0%  total_pnl=-1.9 points
  [1min] SHORT 1:4  trades=1  hit_rate=0.0%  total_pnl=-1.9 points
  [1min] SHORT 1:2  trades=1  hit_rate=0.0%  total_pnl=-1.9 points
  [1min] SHORT 1:3  trades=1  hit_rate=0.0%  total_pnl=-1.9 points
  [1min] SHORT 1:4  trades=1  hit_rate=0.0%  total_pnl=-1.9 points
  [1min] SHORT 1:2  trades=6  hit_rate=33.33%  total_pnl=11.5 points
  [1min] SHORT 1:3  trades=6  hit_rate=16.67%  total_pnl=11.25 points
  [1min] SHORT 1:4  trades=6  hit_rate=0.0%  total_pnl=-11.75 points
  [1min] SHORT 1:2  trades=1  hit_rate=0.0%  total_pnl=-0.85 points
  [1min] SHORT 1:3  trades=1  hit_rate=0.0%  total_pnl=-0.85 points
  [1min] SHORT 1:4  trades=1  hit_rate=0.0%  total_pnl=-0.85 points
  [1min] SHORT 1:2  trades=5  hit_rate=40.0%  total_pnl=12.2 points
  [1min] SHORT 1:3  trades=5  hit_rate=20.0%  total_pnl=11.95 points
  [1min] SHORT 1:4  trades=5  hit_rate=0.0%  total_pnl=-11.05 points
  [1min] SHORT 1:2  trades=1  hit_rate=100.0%  total_pnl=11.5 points
  [1min] SHORT 1:3  trades=1  hit_rate=100.0%  total_pnl=17.25 points
  [1min] SHORT 1:4  trades=1  hit_rate=0.0%  total_pnl=-5.75 points
  [1min] SHORT 1:2  trades=5  hit_rate=20.0%  total_pnl=0.0 points
  [1min] SHORT 1:3  trades=5  hit_rate=0.0%  total_pnl=-6.0 points
  [1min] SHORT 1:4  trades=5  hit_rate=0.0%  total_pnl=-6.0 points
  [1min] SHORT 1:2  trades=1  hit_rate=0.0%  total_pnl=-0.85 points
  [1min] SHORT 1:3  trades=1  hit_rate=0.0%  total_pnl=-0.85 points
  [1min] SHORT 1:4  trades=1  hit_rate=0.0%  total_pnl=-0.85 points
  [1min] SHORT 1:2  trades=4  hit_rate=25.0%  total_pnl=0.7 points
  [1min] SHORT 1:3  trades=4  hit_rate=0.0%  total_pnl=-5.3 points
  [1min] SHORT 1:4  trades=4  hit_rate=0.0%  total_pnl=-5.3 points
  [1min] SHORT 1:2  trades=5  hit_rate=20.0%  total_pnl=0.0 points
  [1min] SHORT 1:3  trades=5  hit_rate=0.0%  total_pnl=-6.0 points
  [1min] SHORT 1:4  trades=5  hit_rate=0.0%  total_pnl=-6.0 points
  [1min] SHORT 1:2  trades=1  hit_rate=0.0%  total_pnl=-0.85 points
  [1min] SHORT 1:3  trades=1  hit_rate=0.0%  total_pnl=-0.85 points
  [1min] SHORT 1:4  trades=1  hit_rate=0.0%  total_pnl=-0.85 points
  [1min] SHORT 1:2  trades=4  hit_rate=25.0%  total_pnl=0.7 points
  [1min] SHORT 1:3  trades=4  hit_rate=0.0%  total_pnl=-5.3 points
  [1min] SHORT 1:4  trades=4  hit_rate=0.0%  total_pnl=-5.3 points
  [1min] SHORT 1:2  trades=4  hit_rate=25.0%  total_pnl=0.85 points
  [1min] SHORT 1:3  trades=4  hit_rate=0.0%  total_pnl=-5.15 points
  [1min] SHORT 1:4  trades=4  hit_rate=0.0%  total_pnl=-5.15 points
  [1min] SHORT 1:2  trades=3  hit_rate=33.33%  total_pnl=1.55 points
  [1min] SHORT 1:3  trades=3  hit_rate=0.0%  total_pnl=-4.45 points
  [1min] SHORT 1:4  trades=3  hit_rate=0.0%  total_pnl=-4.45 points
  [1min] SHORT 1:2  trades=2  hit_rate=0.0%  total_pnl=-2.45 points
  [1min] SHORT 1:3  trades=2  hit_rate=0.0%  total_pnl=-2.45 points
  [1min] SHORT 1:4  trades=2  hit_rate=0.0%  total_pnl=-2.45 points
  [1min] SHORT 1:2  trades=2  hit_rate=0.0%  total_pnl=-2.45 points
  [1min] SHORT 1:3  trades=2  hit_rate=0.0%  total_pnl=-2.45 points
  [1min] SHORT 1:4  trades=2  hit_rate=0.0%  total_pnl=-2.45 points
  [1min] SHORT 1:2  trades=2  hit_rate=0.0%  total_pnl=-2.45 points
  [1min] SHORT 1:3  trades=2  hit_rate=0.0%  total_pnl=-2.45 points
  [1min] SHORT 1:4  trades=2  hit_rate=0.0%  total_pnl=-2.45 points
  [1min] SHORT 1:2  trades=2  hit_rate=0.0%  total_pnl=-2.45 points
  [1min] SHORT 1:3  trades=2  hit_rate=0.0%  total_pnl=-2.45 points
  [1min] SHORT 1:4  trades=2  hit_rate=0.0%  total_pnl=-2.45 points
  [1min] SHORT 1:2  trades=2  hit_rate=0.0%  total_pnl=-2.45 points
  [1min] SHORT 1:3  trades=2  hit_rate=0.0%  total_pnl=-2.45 points
  [1min] SHORT 1:4  trades=2  hit_rate=0.0%  total_pnl=-2.45 points
  [1min] SHORT 1:2  trades=2  hit_rate=0.0%  total_pnl=-2.45 points
  [1min] SHORT 1:3  trades=2  hit_rate=0.0%  total_pnl=-2.45 points
  [1min] SHORT 1:4  trades=2  hit_rate=0.0%  total_pnl=-2.45 points
  [1min] SHORT 1:2  trades=2  hit_rate=0.0%  total_pnl=-2.45 points
  [1min] SHORT 1:3  trades=2  hit_rate=0.0%  total_pnl=-2.45 points
  [1min] SHORT 1:4  trades=2  hit_rate=0.0%  total_pnl=-2.45 points
  [1min] SHORT 1:2  trades=2  hit_rate=0.0%  total_pnl=-2.45 points
  [1min] SHORT 1:3  trades=2  hit_rate=0.0%  total_pnl=-2.45 points
  [1min] SHORT 1:4  trades=2  hit_rate=0.0%  total_pnl=-2.45 points
  [1min] SHORT 1:2  trades=2  hit_rate=0.0%  total_pnl=-2.45 points
  [1min] SHORT 1:3  trades=2  hit_rate=0.0%  total_pnl=-2.45 points
  [1min] SHORT 1:4  trades=2  hit_rate=0.0%  total_pnl=-2.45 points
  [1min] SHORT 1:2  trades=2  hit_rate=0.0%  total_pnl=-2.45 points
  [1min] SHORT 1:3  trades=2  hit_rate=0.0%  total_pnl=-2.45 points
  [1min] SHORT 1:4  trades=2  hit_rate=0.0%  total_pnl=-2.45 points
  [1min] SHORT 1:2  trades=7  hit_rate=28.57%  total_pnl=10.25 points
  [1min] SHORT 1:3  trades=7  hit_rate=14.29%  total_pnl=10.0 points
  [1min] SHORT 1:4  trades=7  hit_rate=0.0%  total_pnl=-13.0 points
  [1min] SHORT 1:2  trades=1  hit_rate=0.0%  total_pnl=-0.85 points
  [1min] SHORT 1:3  trades=1  hit_rate=0.0%  total_pnl=-0.85 points
  [1min] SHORT 1:4  trades=1  hit_rate=0.0%  total_pnl=-0.85 points
  [1min] SHORT 1:2  trades=5  hit_rate=40.0%  total_pnl=12.2 points
  [1min] SHORT 1:3  trades=5  hit_rate=20.0%  total_pnl=11.95 points
  [1min] SHORT 1:4  trades=5  hit_rate=0.0%  total_pnl=-11.05 points
  [1min] SHORT 1:2  trades=1  hit_rate=100.0%  total_pnl=11.5 points
  [1min] SHORT 1:3  trades=1  hit_rate=100.0%  total_pnl=17.25 points
  [1min] SHORT 1:4  trades=1  hit_rate=0.0%  total_pnl=-5.75 points
  [1min] SHORT 1:2  trades=6  hit_rate=16.67%  total_pnl=-1.25 points
  [1min] SHORT 1:3  trades=6  hit_rate=0.0%  total_pnl=-7.25 points
  [1min] SHORT 1:4  trades=6  hit_rate=0.0%  total_pnl=-7.25 points
  [1min] SHORT 1:2  trades=1  hit_rate=0.0%  total_pnl=-0.85 points
  [1min] SHORT 1:3  trades=1  hit_rate=0.0%  total_pnl=-0.85 points
  [1min] SHORT 1:4  trades=1  hit_rate=0.0%  total_pnl=-0.85 points
  [1min] SHORT 1:2  trades=4  hit_rate=25.0%  total_pnl=0.7 points
  [1min] SHORT 1:3  trades=4  hit_rate=0.0%  total_pnl=-5.3 points
  [1min] SHORT 1:4  trades=4  hit_rate=0.0%  total_pnl=-5.3 points
  [1min] SHORT 1:2  trades=5  hit_rate=20.0%  total_pnl=0.0 points
  [1min] SHORT 1:3  trades=5  hit_rate=0.0%  total_pnl=-6.0 points
  [1min] SHORT 1:4  trades=5  hit_rate=0.0%  total_pnl=-6.0 points
  [1min] SHORT 1:2  trades=1  hit_rate=0.0%  total_pnl=-0.85 points
  [1min] SHORT 1:3  trades=1  hit_rate=0.0%  total_pnl=-0.85 points
  [1min] SHORT 1:4  trades=1  hit_rate=0.0%  total_pnl=-0.85 points
  [1min] SHORT 1:2  trades=4  hit_rate=25.0%  total_pnl=0.7 points
  [1min] SHORT 1:3  trades=4  hit_rate=0.0%  total_pnl=-5.3 points
  [1min] SHORT 1:4  trades=4  hit_rate=0.0%  total_pnl=-5.3 points
  [1min] SHORT 1:2  trades=5  hit_rate=20.0%  total_pnl=0.0 points
  [1min] SHORT 1:3  trades=5  hit_rate=0.0%  total_pnl=-6.0 points
  [1min] SHORT 1:4  trades=5  hit_rate=0.0%  total_pnl=-6.0 points
  [1min] SHORT 1:2  trades=1  hit_rate=0.0%  total_pnl=-0.85 points
  [1min] SHORT 1:3  trades=1  hit_rate=0.0%  total_pnl=-0.85 points
  [1min] SHORT 1:4  trades=1  hit_rate=0.0%  total_pnl=-0.85 points
  [1min] SHORT 1:2  trades=4  hit_rate=25.0%  total_pnl=0.7 points
  [1min] SHORT 1:3  trades=4  hit_rate=0.0%  total_pnl=-5.3 points
  [1min] SHORT 1:4  trades=4  hit_rate=0.0%  total_pnl=-5.3 points
  [1min] SHORT 1:2  trades=4  hit_rate=25.0%  total_pnl=0.85 points
  [1min] SHORT 1:3  trades=4  hit_rate=0.0%  total_pnl=-5.15 points
  [1min] SHORT 1:4  trades=4  hit_rate=0.0%  total_pnl=-5.15 points
  [1min] SHORT 1:2  trades=3  hit_rate=33.33%  total_pnl=1.55 points
  [1min] SHORT 1:3  trades=3  hit_rate=0.0%  total_pnl=-4.45 points
  [1min] SHORT 1:4  trades=3  hit_rate=0.0%  total_pnl=-4.45 points
  [1min] SHORT 1:2  trades=2  hit_rate=0.0%  total_pnl=-2.45 points
  [1min] SHORT 1:3  trades=2  hit_rate=0.0%  total_pnl=-2.45 points
  [1min] SHORT 1:4  trades=2  hit_rate=0.0%  total_pnl=-2.45 points
  [1min] SHORT 1:2  trades=2  hit_rate=0.0%  total_pnl=-2.45 points
  [1min] SHORT 1:3  trades=2  hit_rate=0.0%  total_pnl=-2.45 points
  [1min] SHORT 1:4  trades=2  hit_rate=0.0%  total_pnl=-2.45 points
  [1min] SHORT 1:2  trades=2  hit_rate=0.0%  total_pnl=-2.45 points
  [1min] SHORT 1:3  trades=2  hit_rate=0.0%  total_pnl=-2.45 points
  [1min] SHORT 1:4  trades=2  hit_rate=0.0%  total_pnl=-2.45 points
  [1min] SHORT 1:2  trades=2  hit_rate=0.0%  total_pnl=-2.45 points
  [1min] SHORT 1:3  trades=2  hit_rate=0.0%  total_pnl=-2.45 points
  [1min] SHORT 1:4  trades=2  hit_rate=0.0%  total_pnl=-2.45 points
  [1min] SHORT 1:2  trades=2  hit_rate=0.0%  total_pnl=-2.45 points
  [1min] SHORT 1:3  trades=2  hit_rate=0.0%  total_pnl=-2.45 points
  [1min] SHORT 1:4  trades=2  hit_rate=0.0%  total_pnl=-2.45 points
  [1min] SHORT 1:2  trades=2  hit_rate=0.0%  total_pnl=-2.45 points
  [1min] SHORT 1:3  trades=2  hit_rate=0.0%  total_pnl=-2.45 points
  [1min] SHORT 1:4  trades=2  hit_rate=0.0%  total_pnl=-2.45 points
  [1min] SHORT 1:2  trades=2  hit_rate=0.0%  total_pnl=-2.45 points
  [1min] SHORT 1:3  trades=2  hit_rate=0.0%  total_pnl=-2.45 points
  [1min] SHORT 1:4  trades=2  hit_rate=0.0%  total_pnl=-2.45 points
  [1min] SHORT 1:2  trades=2  hit_rate=0.0%  total_pnl=-2.45 points
  [1min] SHORT 1:3  trades=2  hit_rate=0.0%  total_pnl=-2.45 points
  [1min] SHORT 1:4  trades=2  hit_rate=0.0%  total_pnl=-2.45 points
  [1min] SHORT 1:2  trades=2  hit_rate=0.0%  total_pnl=-2.45 points
  [1min] SHORT 1:3  trades=2  hit_rate=0.0%  total_pnl=-2.45 points
  [1min] SHORT 1:4  trades=2  hit_rate=0.0%  total_pnl=-2.45 points
  [1min] SHORT 1:2  trades=2  hit_rate=0.0%  total_pnl=-2.45 points
  [1min] SHORT 1:3  trades=2  hit_rate=0.0%  total_pnl=-2.45 points
  [1min] SHORT 1:4  trades=2  hit_rate=0.0%  total_pnl=-2.45 points
  [1min] SHORT 1:2  trades=2  hit_rate=0.0%  total_pnl=-2.45 points
  [1min] SHORT 1:3  trades=2  hit_rate=0.0%  total_pnl=-2.45 points
  [1min] SHORT 1:4  trades=2  hit_rate=0.0%  total_pnl=-2.45 points
  [1min] SHORT 1:2  trades=2  hit_rate=0.0%  total_pnl=-2.45 points
  [1min] SHORT 1:3  trades=2  hit_rate=0.0%  total_pnl=-2.45 points
  [1min] SHORT 1:4  trades=2  hit_rate=0.0%  total_pnl=-2.45 points
  [1min] SHORT 1:2  trades=2  hit_rate=0.0%  total_pnl=-2.45 points
  [1min] SHORT 1:3  trades=2  hit_rate=0.0%  total_pnl=-2.45 points
  [1min] SHORT 1:4  trades=2  hit_rate=0.0%  total_pnl=-2.45 points
  [1min] SHORT 1:2  trades=2  hit_rate=0.0%  total_pnl=-2.45 points
  [1min] SHORT 1:3  trades=2  hit_rate=0.0%  total_pnl=-2.45 points
  [1min] SHORT 1:4  trades=2  hit_rate=0.0%  total_pnl=-2.45 points
  [3min] SHORT 1:2  trades=1  hit_rate=0.0%  total_pnl=-6.9 points
  [3min] SHORT 1:3  trades=1  hit_rate=0.0%  total_pnl=-6.9 points
  [3min] SHORT 1:4  trades=1  hit_rate=0.0%  total_pnl=-6.9 points
  [3min] SHORT 1:2  trades=1  hit_rate=0.0%  total_pnl=-6.9 points
  [3min] SHORT 1:3  trades=1  hit_rate=0.0%  total_pnl=-6.9 points
  [3min] SHORT 1:4  trades=1  hit_rate=0.0%  total_pnl=-6.9 points
  [3min] SHORT 1:2  trades=1  hit_rate=0.0%  total_pnl=-6.9 points
  [3min] SHORT 1:3  trades=1  hit_rate=0.0%  total_pnl=-6.9 points
  [3min] SHORT 1:4  trades=1  hit_rate=0.0%  total_pnl=-6.9 points
  [3min] SHORT 1:2  trades=1  hit_rate=0.0%  total_pnl=-6.9 points
  [3min] SHORT 1:3  trades=1  hit_rate=0.0%  total_pnl=-6.9 points
  [3min] SHORT 1:4  trades=1  hit_rate=0.0%  total_pnl=-6.9 points
  [3min] SHORT 1:2  trades=2  hit_rate=0.0%  total_pnl=-7.9 points
  [3min] SHORT 1:3  trades=2  hit_rate=0.0%  total_pnl=-7.9 points
  [3min] SHORT 1:4  trades=2  hit_rate=0.0%  total_pnl=-7.9 points
  [3min] SHORT 1:2  trades=1  hit_rate=0.0%  total_pnl=-6.9 points
  [3min] SHORT 1:3  trades=1  hit_rate=0.0%  total_pnl=-6.9 points
  [3min] SHORT 1:4  trades=1  hit_rate=0.0%  total_pnl=-6.9 points
  [3min] SHORT 1:2  trades=2  hit_rate=0.0%  total_pnl=-7.9 points
  [3min] SHORT 1:3  trades=2  hit_rate=0.0%  total_pnl=-7.9 points
  [3min] SHORT 1:4  trades=2  hit_rate=0.0%  total_pnl=-7.9 points
  [3min] SHORT 1:2  trades=1  hit_rate=0.0%  total_pnl=-6.9 points
  [3min] SHORT 1:3  trades=1  hit_rate=0.0%  total_pnl=-6.9 points
  [3min] SHORT 1:4  trades=1  hit_rate=0.0%  total_pnl=-6.9 points
  [3min] SHORT 1:2  trades=1  hit_rate=0.0%  total_pnl=-6.9 points
  [3min] SHORT 1:3  trades=1  hit_rate=0.0%  total_pnl=-6.9 points
  [3min] SHORT 1:4  trades=1  hit_rate=0.0%  total_pnl=-6.9 points
  [3min] SHORT 1:2  trades=1  hit_rate=0.0%  total_pnl=-6.9 points
  [3min] SHORT 1:3  trades=1  hit_rate=0.0%  total_pnl=-6.9 points
  [3min] SHORT 1:4  trades=1  hit_rate=0.0%  total_pnl=-6.9 points
  [3min] SHORT 1:2  trades=1  hit_rate=0.0%  total_pnl=-6.9 points
  [3min] SHORT 1:3  trades=1  hit_rate=0.0%  total_pnl=-6.9 points
  [3min] SHORT 1:4  trades=1  hit_rate=0.0%  total_pnl=-6.9 points
  [3min] SHORT 1:2  trades=1  hit_rate=0.0%  total_pnl=-6.9 points
  [3min] SHORT 1:3  trades=1  hit_rate=0.0%  total_pnl=-6.9 points
  [3min] SHORT 1:4  trades=1  hit_rate=0.0%  total_pnl=-6.9 points
  [3min] SHORT 1:2  trades=1  hit_rate=0.0%  total_pnl=-6.9 points
  [3min] SHORT 1:3  trades=1  hit_rate=0.0%  total_pnl=-6.9 points
  [3min] SHORT 1:4  trades=1  hit_rate=0.0%  total_pnl=-6.9 points
  [3min] SHORT 1:2  trades=1  hit_rate=0.0%  total_pnl=-6.9 points
  [3min] SHORT 1:3  trades=1  hit_rate=0.0%  total_pnl=-6.9 points
  [3min] SHORT 1:4  trades=1  hit_rate=0.0%  total_pnl=-6.9 points
  [3min] SHORT 1:2  trades=1  hit_rate=0.0%  total_pnl=-6.9 points
  [3min] SHORT 1:3  trades=1  hit_rate=0.0%  total_pnl=-6.9 points
  [3min] SHORT 1:4  trades=1  hit_rate=0.0%  total_pnl=-6.9 points
  [3min] SHORT 1:2  trades=1  hit_rate=0.0%  total_pnl=-6.9 points
  [3min] SHORT 1:3  trades=1  hit_rate=0.0%  total_pnl=-6.9 points
  [3min] SHORT 1:4  trades=1  hit_rate=0.0%  total_pnl=-6.9 points

----------------------------------------------------------------------------------------------------
[9/14] NIFTY_2026-09-21_DASHBOARD.json
----------------------------------------------------------------------------------------------------
Process started for the file : D:/Git/fresh_dashboard/app/data
Timeframes tested : ['12sec', '1min', '3min']
Entry candle rule : disabled — the trigger candle itself is the entry candle (entry at its close, SL at its low/high)
R:R multiples     : [2.0, 3.0, 4.0]
Total no of variation : 3 timeframes x 2 directions x 4 candles x 20 atr_multiplier x 2 bb_period x 2 bb_num_std x 3 R:R = 1920
Workers : 12 (of 14 CPU cores available)
Completed 1920 variations in 12.0s using 12 worker(s)
  Triggers: 32   Trades entered: 32   No Entry: 0
  [12sec] LONG  1:2  trades=20  hit_rate=15.0%  total_pnl=-17.75 points
  [12sec] LONG  1:3  trades=20  hit_rate=10.0%  total_pnl=-17.25 points
  [12sec] LONG  1:4  trades=20  hit_rate=10.0%  total_pnl=-14.8 points
  [12sec] LONG  1:2  trades=6  hit_rate=0.0%  total_pnl=-11.15 points
  [12sec] LONG  1:3  trades=6  hit_rate=0.0%  total_pnl=-11.15 points
  [12sec] LONG  1:4  trades=6  hit_rate=0.0%  total_pnl=-11.15 points
  [12sec] LONG  1:2  trades=16  hit_rate=18.75%  total_pnl=-13.55 points
  [12sec] LONG  1:3  trades=16  hit_rate=12.5%  total_pnl=-13.05 points
  [12sec] LONG  1:4  trades=16  hit_rate=12.5%  total_pnl=-10.6 points
  [12sec] LONG  1:2  trades=6  hit_rate=0.0%  total_pnl=-11.15 points
  [12sec] LONG  1:3  trades=6  hit_rate=0.0%  total_pnl=-11.15 points
  [12sec] LONG  1:4  trades=6  hit_rate=0.0%  total_pnl=-11.15 points
  [12sec] LONG  1:2  trades=18  hit_rate=16.67%  total_pnl=-16.05 points
  [12sec] LONG  1:3  trades=18  hit_rate=11.11%  total_pnl=-15.55 points
  [12sec] LONG  1:4  trades=18  hit_rate=11.11%  total_pnl=-13.1 points
  [12sec] LONG  1:2  trades=6  hit_rate=0.0%  total_pnl=-11.15 points
  [12sec] LONG  1:3  trades=6  hit_rate=0.0%  total_pnl=-11.15 points
  [12sec] LONG  1:4  trades=6  hit_rate=0.0%  total_pnl=-11.15 points
  [12sec] LONG  1:2  trades=16  hit_rate=18.75%  total_pnl=-13.55 points
  [12sec] LONG  1:3  trades=16  hit_rate=12.5%  total_pnl=-13.05 points
  [12sec] LONG  1:4  trades=16  hit_rate=12.5%  total_pnl=-10.6 points
  [12sec] LONG  1:2  trades=6  hit_rate=0.0%  total_pnl=-11.15 points
  [12sec] LONG  1:3  trades=6  hit_rate=0.0%  total_pnl=-11.15 points
  [12sec] LONG  1:4  trades=6  hit_rate=0.0%  total_pnl=-11.15 points
  [12sec] LONG  1:2  trades=13  hit_rate=23.08%  total_pnl=-8.4 points
  [12sec] LONG  1:3  trades=13  hit_rate=15.38%  total_pnl=-7.9 points
  [12sec] LONG  1:4  trades=13  hit_rate=15.38%  total_pnl=-5.45 points
  [12sec] LONG  1:2  trades=5  hit_rate=0.0%  total_pnl=-8.95 points
  [12sec] LONG  1:3  trades=5  hit_rate=0.0%  total_pnl=-8.95 points
  [12sec] LONG  1:4  trades=5  hit_rate=0.0%  total_pnl=-8.95 points
  [12sec] LONG  1:2  trades=12  hit_rate=25.0%  total_pnl=-7.15 points
  [12sec] LONG  1:3  trades=12  hit_rate=16.67%  total_pnl=-6.65 points
  [12sec] LONG  1:4  trades=12  hit_rate=16.67%  total_pnl=-4.2 points
  [12sec] LONG  1:2  trades=5  hit_rate=0.0%  total_pnl=-8.95 points
  [12sec] LONG  1:3  trades=5  hit_rate=0.0%  total_pnl=-8.95 points
  [12sec] LONG  1:4  trades=5  hit_rate=0.0%  total_pnl=-8.95 points
  [12sec] LONG  1:2  trades=11  hit_rate=18.18%  total_pnl=-8.35 points
  [12sec] LONG  1:3  trades=11  hit_rate=18.18%  total_pnl=-5.9 points
  [12sec] LONG  1:4  trades=11  hit_rate=18.18%  total_pnl=-3.45 points
  [12sec] LONG  1:2  trades=5  hit_rate=0.0%  total_pnl=-8.95 points
  [12sec] LONG  1:3  trades=5  hit_rate=0.0%  total_pnl=-8.95 points
  [12sec] LONG  1:4  trades=5  hit_rate=0.0%  total_pnl=-8.95 points
  [12sec] LONG  1:2  trades=10  hit_rate=20.0%  total_pnl=-7.1 points
  [12sec] LONG  1:3  trades=10  hit_rate=20.0%  total_pnl=-4.65 points
  [12sec] LONG  1:4  trades=10  hit_rate=20.0%  total_pnl=-2.2 points
  [12sec] LONG  1:2  trades=5  hit_rate=0.0%  total_pnl=-8.95 points
  [12sec] LONG  1:3  trades=5  hit_rate=0.0%  total_pnl=-8.95 points
  [12sec] LONG  1:4  trades=5  hit_rate=0.0%  total_pnl=-8.95 points
  [12sec] LONG  1:2  trades=10  hit_rate=20.0%  total_pnl=-8.15 points
  [12sec] LONG  1:3  trades=10  hit_rate=20.0%  total_pnl=-5.7 points
  [12sec] LONG  1:4  trades=10  hit_rate=20.0%  total_pnl=-3.25 points
  [12sec] LONG  1:2  trades=4  hit_rate=0.0%  total_pnl=-8.75 points
  [12sec] LONG  1:3  trades=4  hit_rate=0.0%  total_pnl=-8.75 points
  [12sec] LONG  1:4  trades=4  hit_rate=0.0%  total_pnl=-8.75 points
  [12sec] LONG  1:2  trades=9  hit_rate=22.22%  total_pnl=-6.9 points
  [12sec] LONG  1:3  trades=9  hit_rate=22.22%  total_pnl=-4.45 points
  [12sec] LONG  1:4  trades=9  hit_rate=22.22%  total_pnl=-2.0 points
  [12sec] LONG  1:2  trades=4  hit_rate=0.0%  total_pnl=-8.75 points
  [12sec] LONG  1:3  trades=4  hit_rate=0.0%  total_pnl=-8.75 points
  [12sec] LONG  1:4  trades=4  hit_rate=0.0%  total_pnl=-8.75 points
  [12sec] LONG  1:2  trades=9  hit_rate=11.11%  total_pnl=-12.55 points
  [12sec] LONG  1:3  trades=9  hit_rate=11.11%  total_pnl=-12.3 points
  [12sec] LONG  1:4  trades=9  hit_rate=11.11%  total_pnl=-12.05 points
  [12sec] LONG  1:2  trades=4  hit_rate=0.0%  total_pnl=-8.75 points
  [12sec] LONG  1:3  trades=4  hit_rate=0.0%  total_pnl=-8.75 points
  [12sec] LONG  1:4  trades=4  hit_rate=0.0%  total_pnl=-8.75 points
  [12sec] LONG  1:2  trades=8  hit_rate=12.5%  total_pnl=-11.3 points
  [12sec] LONG  1:3  trades=8  hit_rate=12.5%  total_pnl=-11.05 points
  [12sec] LONG  1:4  trades=8  hit_rate=12.5%  total_pnl=-10.8 points
  [12sec] LONG  1:2  trades=4  hit_rate=0.0%  total_pnl=-8.75 points
  [12sec] LONG  1:3  trades=4  hit_rate=0.0%  total_pnl=-8.75 points
  [12sec] LONG  1:4  trades=4  hit_rate=0.0%  total_pnl=-8.75 points
  [12sec] LONG  1:2  trades=9  hit_rate=11.11%  total_pnl=-12.55 points
  [12sec] LONG  1:3  trades=9  hit_rate=11.11%  total_pnl=-12.3 points
  [12sec] LONG  1:4  trades=9  hit_rate=11.11%  total_pnl=-12.05 points
  [12sec] LONG  1:2  trades=4  hit_rate=0.0%  total_pnl=-8.75 points
  [12sec] LONG  1:3  trades=4  hit_rate=0.0%  total_pnl=-8.75 points
  [12sec] LONG  1:4  trades=4  hit_rate=0.0%  total_pnl=-8.75 points
  [12sec] LONG  1:2  trades=8  hit_rate=12.5%  total_pnl=-11.3 points
  [12sec] LONG  1:3  trades=8  hit_rate=12.5%  total_pnl=-11.05 points
  [12sec] LONG  1:4  trades=8  hit_rate=12.5%  total_pnl=-10.8 points
  [12sec] LONG  1:2  trades=4  hit_rate=0.0%  total_pnl=-8.75 points
  [12sec] LONG  1:3  trades=4  hit_rate=0.0%  total_pnl=-8.75 points
  [12sec] LONG  1:4  trades=4  hit_rate=0.0%  total_pnl=-8.75 points
  [12sec] LONG  1:2  trades=7  hit_rate=14.29%  total_pnl=-9.9 points
  [12sec] LONG  1:3  trades=7  hit_rate=14.29%  total_pnl=-9.65 points
  [12sec] LONG  1:4  trades=7  hit_rate=14.29%  total_pnl=-9.4 points
  [12sec] LONG  1:2  trades=4  hit_rate=0.0%  total_pnl=-8.75 points
  [12sec] LONG  1:3  trades=4  hit_rate=0.0%  total_pnl=-8.75 points
  [12sec] LONG  1:4  trades=4  hit_rate=0.0%  total_pnl=-8.75 points
  [12sec] LONG  1:2  trades=7  hit_rate=14.29%  total_pnl=-9.9 points
  [12sec] LONG  1:3  trades=7  hit_rate=14.29%  total_pnl=-9.65 points
  [12sec] LONG  1:4  trades=7  hit_rate=14.29%  total_pnl=-9.4 points
  [12sec] LONG  1:2  trades=4  hit_rate=0.0%  total_pnl=-8.75 points
  [12sec] LONG  1:3  trades=4  hit_rate=0.0%  total_pnl=-8.75 points
  [12sec] LONG  1:4  trades=4  hit_rate=0.0%  total_pnl=-8.75 points
  [12sec] LONG  1:2  trades=3  hit_rate=0.0%  total_pnl=-5.65 points
  [12sec] LONG  1:3  trades=3  hit_rate=0.0%  total_pnl=-5.65 points
  [12sec] LONG  1:4  trades=3  hit_rate=0.0%  total_pnl=-5.65 points
  [12sec] LONG  1:2  trades=3  hit_rate=0.0%  total_pnl=-5.65 points
  [12sec] LONG  1:3  trades=3  hit_rate=0.0%  total_pnl=-5.65 points
  [12sec] LONG  1:4  trades=3  hit_rate=0.0%  total_pnl=-5.65 points
  [12sec] LONG  1:2  trades=3  hit_rate=0.0%  total_pnl=-5.65 points
  [12sec] LONG  1:3  trades=3  hit_rate=0.0%  total_pnl=-5.65 points
  [12sec] LONG  1:4  trades=3  hit_rate=0.0%  total_pnl=-5.65 points
  [12sec] LONG  1:2  trades=3  hit_rate=0.0%  total_pnl=-5.65 points
  [12sec] LONG  1:3  trades=3  hit_rate=0.0%  total_pnl=-5.65 points
  [12sec] LONG  1:4  trades=3  hit_rate=0.0%  total_pnl=-5.65 points
  [12sec] LONG  1:2  trades=2  hit_rate=0.0%  total_pnl=-3.85 points
  [12sec] LONG  1:3  trades=2  hit_rate=0.0%  total_pnl=-3.85 points
  [12sec] LONG  1:4  trades=2  hit_rate=0.0%  total_pnl=-3.85 points
  [12sec] LONG  1:2  trades=2  hit_rate=0.0%  total_pnl=-3.85 points
  [12sec] LONG  1:3  trades=2  hit_rate=0.0%  total_pnl=-3.85 points
  [12sec] LONG  1:4  trades=2  hit_rate=0.0%  total_pnl=-3.85 points
  [12sec] LONG  1:2  trades=2  hit_rate=0.0%  total_pnl=-3.85 points
  [12sec] LONG  1:3  trades=2  hit_rate=0.0%  total_pnl=-3.85 points
  [12sec] LONG  1:4  trades=2  hit_rate=0.0%  total_pnl=-3.85 points
  [12sec] LONG  1:2  trades=2  hit_rate=0.0%  total_pnl=-3.85 points
  [12sec] LONG  1:3  trades=2  hit_rate=0.0%  total_pnl=-3.85 points
  [12sec] LONG  1:4  trades=2  hit_rate=0.0%  total_pnl=-3.85 points
  [12sec] LONG  1:2  trades=1  hit_rate=0.0%  total_pnl=-3.15 points
  [12sec] LONG  1:3  trades=1  hit_rate=0.0%  total_pnl=-3.15 points
  [12sec] LONG  1:4  trades=1  hit_rate=0.0%  total_pnl=-3.15 points
  [12sec] LONG  1:2  trades=1  hit_rate=0.0%  total_pnl=-3.15 points
  [12sec] LONG  1:3  trades=1  hit_rate=0.0%  total_pnl=-3.15 points
  [12sec] LONG  1:4  trades=1  hit_rate=0.0%  total_pnl=-3.15 points
  [12sec] LONG  1:2  trades=1  hit_rate=0.0%  total_pnl=-3.15 points
  [12sec] LONG  1:3  trades=1  hit_rate=0.0%  total_pnl=-3.15 points
  [12sec] LONG  1:4  trades=1  hit_rate=0.0%  total_pnl=-3.15 points
  [12sec] LONG  1:2  trades=1  hit_rate=0.0%  total_pnl=-3.15 points
  [12sec] LONG  1:3  trades=1  hit_rate=0.0%  total_pnl=-3.15 points
  [12sec] LONG  1:4  trades=1  hit_rate=0.0%  total_pnl=-3.15 points
  [12sec] LONG  1:2  trades=23  hit_rate=17.39%  total_pnl=-17.4 points
  [12sec] LONG  1:3  trades=23  hit_rate=13.04%  total_pnl=-16.35 points
  [12sec] LONG  1:4  trades=23  hit_rate=13.04%  total_pnl=-13.35 points
  [12sec] LONG  1:2  trades=7  hit_rate=0.0%  total_pnl=-11.35 points
  [12sec] LONG  1:3  trades=7  hit_rate=0.0%  total_pnl=-11.35 points
  [12sec] LONG  1:4  trades=7  hit_rate=0.0%  total_pnl=-11.35 points
  [12sec] LONG  1:2  trades=18  hit_rate=16.67%  total_pnl=-14.3 points
  [12sec] LONG  1:3  trades=18  hit_rate=11.11%  total_pnl=-13.8 points
  [12sec] LONG  1:4  trades=18  hit_rate=11.11%  total_pnl=-11.35 points
  [12sec] LONG  1:2  trades=6  hit_rate=0.0%  total_pnl=-11.15 points
  [12sec] LONG  1:3  trades=6  hit_rate=0.0%  total_pnl=-11.15 points
  [12sec] LONG  1:4  trades=6  hit_rate=0.0%  total_pnl=-11.15 points
  [12sec] LONG  1:2  trades=22  hit_rate=13.64%  total_pnl=-18.5 points
  [12sec] LONG  1:3  trades=22  hit_rate=9.09%  total_pnl=-18.0 points
  [12sec] LONG  1:4  trades=22  hit_rate=9.09%  total_pnl=-15.55 points
  [12sec] LONG  1:2  trades=7  hit_rate=0.0%  total_pnl=-11.35 points
  [12sec] LONG  1:3  trades=7  hit_rate=0.0%  total_pnl=-11.35 points
  [12sec] LONG  1:4  trades=7  hit_rate=0.0%  total_pnl=-11.35 points
  [12sec] LONG  1:2  trades=18  hit_rate=16.67%  total_pnl=-14.3 points
  [12sec] LONG  1:3  trades=18  hit_rate=11.11%  total_pnl=-13.8 points
  [12sec] LONG  1:4  trades=18  hit_rate=11.11%  total_pnl=-11.35 points
  [12sec] LONG  1:2  trades=6  hit_rate=0.0%  total_pnl=-11.15 points
  [12sec] LONG  1:3  trades=6  hit_rate=0.0%  total_pnl=-11.15 points
  [12sec] LONG  1:4  trades=6  hit_rate=0.0%  total_pnl=-11.15 points
  [12sec] LONG  1:2  trades=18  hit_rate=16.67%  total_pnl=-16.05 points
  [12sec] LONG  1:3  trades=18  hit_rate=11.11%  total_pnl=-15.55 points
  [12sec] LONG  1:4  trades=18  hit_rate=11.11%  total_pnl=-13.1 points
  [12sec] LONG  1:2  trades=6  hit_rate=0.0%  total_pnl=-11.15 points
  [12sec] LONG  1:3  trades=6  hit_rate=0.0%  total_pnl=-11.15 points
  [12sec] LONG  1:4  trades=6  hit_rate=0.0%  total_pnl=-11.15 points
  [12sec] LONG  1:2  trades=16  hit_rate=18.75%  total_pnl=-13.55 points
  [12sec] LONG  1:3  trades=16  hit_rate=12.5%  total_pnl=-13.05 points
  [12sec] LONG  1:4  trades=16  hit_rate=12.5%  total_pnl=-10.6 points
  [12sec] LONG  1:2  trades=6  hit_rate=0.0%  total_pnl=-11.15 points
  [12sec] LONG  1:3  trades=6  hit_rate=0.0%  total_pnl=-11.15 points
  [12sec] LONG  1:4  trades=6  hit_rate=0.0%  total_pnl=-11.15 points
  [12sec] LONG  1:2  trades=15  hit_rate=20.0%  total_pnl=-11.65 points
  [12sec] LONG  1:3  trades=15  hit_rate=13.33%  total_pnl=-11.15 points
  [12sec] LONG  1:4  trades=15  hit_rate=13.33%  total_pnl=-8.7 points
  [12sec] LONG  1:2  trades=5  hit_rate=0.0%  total_pnl=-8.95 points
  [12sec] LONG  1:3  trades=5  hit_rate=0.0%  total_pnl=-8.95 points
  [12sec] LONG  1:4  trades=5  hit_rate=0.0%  total_pnl=-8.95 points
  [12sec] LONG  1:2  trades=14  hit_rate=21.43%  total_pnl=-10.4 points
  [12sec] LONG  1:3  trades=14  hit_rate=14.29%  total_pnl=-9.9 points
  [12sec] LONG  1:4  trades=14  hit_rate=14.29%  total_pnl=-7.45 points
  [12sec] LONG  1:2  trades=5  hit_rate=0.0%  total_pnl=-8.95 points
  [12sec] LONG  1:3  trades=5  hit_rate=0.0%  total_pnl=-8.95 points
  [12sec] LONG  1:4  trades=5  hit_rate=0.0%  total_pnl=-8.95 points
  [12sec] LONG  1:2  trades=14  hit_rate=21.43%  total_pnl=-10.1 points
  [12sec] LONG  1:3  trades=14  hit_rate=14.29%  total_pnl=-9.6 points
  [12sec] LONG  1:4  trades=14  hit_rate=14.29%  total_pnl=-7.15 points
  [12sec] LONG  1:2  trades=5  hit_rate=0.0%  total_pnl=-8.95 points
  [12sec] LONG  1:3  trades=5  hit_rate=0.0%  total_pnl=-8.95 points
  [12sec] LONG  1:4  trades=5  hit_rate=0.0%  total_pnl=-8.95 points
  [12sec] LONG  1:2  trades=13  hit_rate=23.08%  total_pnl=-8.85 points
  [12sec] LONG  1:3  trades=13  hit_rate=15.38%  total_pnl=-8.35 points
  [12sec] LONG  1:4  trades=13  hit_rate=15.38%  total_pnl=-5.9 points
  [12sec] LONG  1:2  trades=5  hit_rate=0.0%  total_pnl=-8.95 points
  [12sec] LONG  1:3  trades=5  hit_rate=0.0%  total_pnl=-8.95 points
  [12sec] LONG  1:4  trades=5  hit_rate=0.0%  total_pnl=-8.95 points
  [12sec] LONG  1:2  trades=12  hit_rate=25.0%  total_pnl=-7.05 points
  [12sec] LONG  1:3  trades=12  hit_rate=16.67%  total_pnl=-6.55 points
  [12sec] LONG  1:4  trades=12  hit_rate=16.67%  total_pnl=-4.1 points
  [12sec] LONG  1:2  trades=5  hit_rate=0.0%  total_pnl=-8.95 points
  [12sec] LONG  1:3  trades=5  hit_rate=0.0%  total_pnl=-8.95 points
  [12sec] LONG  1:4  trades=5  hit_rate=0.0%  total_pnl=-8.95 points
  [12sec] LONG  1:2  trades=11  hit_rate=27.27%  total_pnl=-5.8 points
  [12sec] LONG  1:3  trades=11  hit_rate=18.18%  total_pnl=-5.3 points
  [12sec] LONG  1:4  trades=11  hit_rate=18.18%  total_pnl=-2.85 points
  [12sec] LONG  1:2  trades=5  hit_rate=0.0%  total_pnl=-8.95 points
  [12sec] LONG  1:3  trades=5  hit_rate=0.0%  total_pnl=-8.95 points
  [12sec] LONG  1:4  trades=5  hit_rate=0.0%  total_pnl=-8.95 points
  [12sec] LONG  1:2  trades=11  hit_rate=18.18%  total_pnl=-8.35 points
  [12sec] LONG  1:3  trades=11  hit_rate=18.18%  total_pnl=-5.9 points
  [12sec] LONG  1:4  trades=11  hit_rate=18.18%  total_pnl=-3.45 points
  [12sec] LONG  1:2  trades=5  hit_rate=0.0%  total_pnl=-8.95 points
  [12sec] LONG  1:3  trades=5  hit_rate=0.0%  total_pnl=-8.95 points
  [12sec] LONG  1:4  trades=5  hit_rate=0.0%  total_pnl=-8.95 points
  [12sec] LONG  1:2  trades=10  hit_rate=20.0%  total_pnl=-7.1 points
  [12sec] LONG  1:3  trades=10  hit_rate=20.0%  total_pnl=-4.65 points
  [12sec] LONG  1:4  trades=10  hit_rate=20.0%  total_pnl=-2.2 points
  [12sec] LONG  1:2  trades=5  hit_rate=0.0%  total_pnl=-8.95 points
  [12sec] LONG  1:3  trades=5  hit_rate=0.0%  total_pnl=-8.95 points
  [12sec] LONG  1:4  trades=5  hit_rate=0.0%  total_pnl=-8.95 points
  [12sec] LONG  1:2  trades=10  hit_rate=20.0%  total_pnl=-8.15 points
  [12sec] LONG  1:3  trades=10  hit_rate=20.0%  total_pnl=-5.7 points
  [12sec] LONG  1:4  trades=10  hit_rate=20.0%  total_pnl=-3.25 points
  [12sec] LONG  1:2  trades=4  hit_rate=0.0%  total_pnl=-8.75 points
  [12sec] LONG  1:3  trades=4  hit_rate=0.0%  total_pnl=-8.75 points
  [12sec] LONG  1:4  trades=4  hit_rate=0.0%  total_pnl=-8.75 points
  [12sec] LONG  1:2  trades=9  hit_rate=22.22%  total_pnl=-6.9 points
  [12sec] LONG  1:3  trades=9  hit_rate=22.22%  total_pnl=-4.45 points
  [12sec] LONG  1:4  trades=9  hit_rate=22.22%  total_pnl=-2.0 points
  [12sec] LONG  1:2  trades=4  hit_rate=0.0%  total_pnl=-8.75 points
  [12sec] LONG  1:3  trades=4  hit_rate=0.0%  total_pnl=-8.75 points
  [12sec] LONG  1:4  trades=4  hit_rate=0.0%  total_pnl=-8.75 points
  [12sec] LONG  1:2  trades=10  hit_rate=20.0%  total_pnl=-8.15 points
  [12sec] LONG  1:3  trades=10  hit_rate=20.0%  total_pnl=-5.7 points
  [12sec] LONG  1:4  trades=10  hit_rate=20.0%  total_pnl=-3.25 points
  [12sec] LONG  1:2  trades=4  hit_rate=0.0%  total_pnl=-8.75 points
  [12sec] LONG  1:3  trades=4  hit_rate=0.0%  total_pnl=-8.75 points
  [12sec] LONG  1:4  trades=4  hit_rate=0.0%  total_pnl=-8.75 points
  [12sec] LONG  1:2  trades=9  hit_rate=22.22%  total_pnl=-6.9 points
  [12sec] LONG  1:3  trades=9  hit_rate=22.22%  total_pnl=-4.45 points
  [12sec] LONG  1:4  trades=9  hit_rate=22.22%  total_pnl=-2.0 points
  [12sec] LONG  1:2  trades=4  hit_rate=0.0%  total_pnl=-8.75 points
  [12sec] LONG  1:3  trades=4  hit_rate=0.0%  total_pnl=-8.75 points
  [12sec] LONG  1:4  trades=4  hit_rate=0.0%  total_pnl=-8.75 points